Workbook
Name cellx: #REF!
Name TOTAL_A: #REF!
Name TOTAL_B: #REF!
Name TOTAL_C: #REF!
Name TOTAL_D: #REF!
Name TOTAL_E: #REF!
Name TOTAL_F: #REF!
Name TOTAL_G: #REF!
Name TOTAL_H: #REF!
Name TOTAL_I: #REF!
Name TOTAL_J: #REF!
Name TOTAL_K: #REF!
Name TOTAL_L: #REF!

Sheet Boreholes
A1: Hole Number | B1: Type of drilling | C1: Over Barrier/ Wall/ Fence | D1: Slope > 20% | E1: Scheduled | F1: Total Schedule Depth | G1: Tests P/S/EV | H1: Total Depth | I1: CP Completed | K1: CP Drilling Total Depth | L1: START | M1: END | N1: 0-10 | O1: 10 to 20 | P1: 20-30 | Q1: 30-40 | T1: Rotary Drilling WITH CORE in HARD strata | U1: START | V1: END | W1: 0-10 | X1: 10 to 20 | Y1: 20-30 | Z1: 30-40 | AB1: RC Completed | AD1: Rotary Drilling WITHOUT CORE in HARD strata | AE1: START | AF1: END | AG1: 0-10 | AH1: 10 to 20 | AI1: 20-30 | AJ1: 30-40 | AL1: RC Completed | AN1: Rotary Drilling WITH CORE in SOFT strata | AO1: START | AP1: END | AQ1: 0-10 | AR1: 10 to 20 | AS1: 20-30 | AT1: 30-40 | AV1: RC Completed | AX1: Rotary Drilling WITHOUT CORE in SOFT strata | AY1: START | AZ1: END | BA1: 0-10 | BB1: 10 to 20 | BC1: 20-30 | BD1: 30-40 | BF1: RC Completed | BH1: ROAD | BI1: Pizezometer | BJ1: Plain Depth (m) | BL1: Standpipe (mm) | BM1: Plain Depth (m) | BN1: Slotted Depth (m) | BP1: PIE/SP Complete | BR1: Draft Log Received CP/RC or N/A | BT1: Log Comments Sent CP/RC | BU1: Lab Schedule Received CP/RC or N/A | BW1: Lab Schedule Sent CP/RC or N/A
E2: =IF(A2= "","",1) | I2: =IF(K2>0, 1, 0) -> 0 | N2: =IF(AND(L2<=10,M2<=10),M2-L2,MAX(0,10-L2)) -> 0 | O2: =IF(AND(L2<=10,M2>=20),10,IF(AND(L2>=10,M2<=20),M2-L2,IF(AND(L2<=10,M2<=20,M2>=10),M2-10,IF(AND(L2>=10,M2>=20),MAX(0,20-L2),0)))) -> 0 | P2: =IF(AND(L2<=20,M2>=30),10,IF(AND(L2>=20,M2<=30),M2-L2,IF(AND(L2<=20,M2<=30,M2>=20),M2-20,IF(AND(L2>=20,M2>=30),30-L2,0)))) -> 0 | Q2: =IF(AND(L2<=30,M2>=40),10,IF(AND(L2>=30,M2<=40),M2-L2,IF(AND(L2<=30,M2<=40,M2>=30),M2-30,IF(AND(L2>=30,M2>=40),40-L2,0)))) -> 0 | W2: =IF(AND(U2<=10,V2<=10),V2-U2,MAX(0,10-U2)) -> 0 | X2: =IF(AND(U2<=10,V2>=20),10,IF(AND(U2>=10,V2<=20),V2-U2,IF(AND(U2<=10,V2<=20,V2>=10),V2-10,IF(AND(U2>=10,V2>=20),MAX(0,20-U2),0)))) -> 0 | Y2: =IF(AND(U2<=20,V2>=30),10,IF(AND(U2>=20,V2<=30),V2-U2,IF(AND(U2<=20,V2<=30,V2>=20),V2-20,IF(AND(U2>=20,V2>=30),MAX(0,30-U2),0)))) -> 0 | Z2: =IF(AND(U2<=30,V2>=40),10,IF(AND(U2>=30,V2<=40),V2-U2,IF(AND(U2<=30,V2<=40,V2>=30),V2-30,IF(AND(U2>=30,V2>=40),40-U2,0)))) -> 0 | AB2: =IF(T2>0, 1, 0) -> 0 | AG2: =IF(AND(AE2<=10,AF2<=10),AF2-AE2,MAX(0,10-AE2)) -> 0 | AH2: =IF(AND(AE2<=10,AF2>=20),10,IF(AND(AE2>=10,AF2<=20),AF2-AE2,IF(AND(AE2<=10,AF2<=20,AF2>=10),AF2-10,IF(AND(AE2>=10,AF2>=20),MAX(0,20-AE2),0)))) -> 0 | AI2: =IF(AND(AE2<=20,AF2>=30),10,IF(AND(AE2>=20,AF2<=30),AF2-AE2,IF(AND(AE2<=20,AF2<=30,AF2>=20),AF2-20,IF(AND(AE2>=20,AF2>=30),MAX(0,30-AE2),0)))) -> 0 | AJ2: =IF(AND(AE2<=30,AF2>=40),10,IF(AND(AE2>=30,AF2<=40),AF2-AE2,IF(AND(AE2<=30,AF2<=40,AF2>=30),AF2-30,IF(AND(AE2>=30,AF2>=40),40-AE2,0)))) -> 0 | AL2: =IF(AD2>0, 1, 0) -> 0 | AQ2: =IF(AND(AO2<=10,AP2<=10),AP2-AO2,MAX(0,10-AO2)) -> 0 | AR2: =IF(AND(AO2<=10,AP2>=20),10,IF(AND(AO2>=10,AP2<=20),AP2-AO2,IF(AND(AO2<=10,AP2<=20,AP2>=10),AP2-10,IF(AND(AO2>=10,AP2>=20),MAX(0,20-AO2),0)))) -> 0 | AS2: =IF(AND(AO2<=20,AP2>=30),10,IF(AND(AO2>=20,AP2<=30),AP2-AO2,IF(AND(AO2<=20,AP2<=30,AP2>=20),AP2-20,IF(AND(AO2>=20,AP2>=30),MAX(0,30-AO2),0)))) -> 0 | AT2: =IF(AND(AO2<=30,AP2>=40),10,IF(AND(AO2>=30,AP2<=40),AP2-AO2,IF(AND(AO2<=30,AP2<=40,AP2>=30),AP2-30,IF(AND(AO2>=30,AP2>=40),40-AO2,0)))) -> 0 | AV2: =IF(AN2>0, 1, 0) -> 0 | BA2: =IF(AND(AY2<=10,AZ2<=10),AZ2-AY2,MAX(0,10-AY2)) -> 0 | BB2: =IF(AND(AY2<=10,AZ2>=20),10,IF(AND(AY2>=10,AZ2<=20),AZ2-AY2,IF(AND(AY2<=10,AZ2<=20,AZ2>=10),AZ2-10,IF(AND(AY2>=10,AZ2>=20),MAX(0,20-AY2),0)))) -> 0 | BC2: =IF(AND(AY2<=20,AZ2>=30),10,IF(AND(AY2>=20,AZ2<=30),AZ2-AY2,IF(AND(AY2<=20,AZ2<=30,AZ2>=20),AZ2-20,IF(AND(AY2>=20,AZ2>=30),MAX(0,30-AY2),0)))) -> 0 | BD2: =IF(AND(AY2<=30,AZ2>=40),10,IF(AND(AY2>=30,AZ2<=40),AZ2-AY2,IF(AND(AY2<=30,AZ2<=40,AZ2>=30),AZ2-30,IF(AND(AY2>=30,AZ2>=40),40-AY2,0)))) -> 0 | BF2: =IF(AX2>0, 1, 0) -> 0 | BP2: =IF(OR(BI2="YES",BL2="YES"), 1, 0) -> 0
E3: =IF(A3= "","",1) | I3: =IF(K3>0, 1, 0) -> 0 | N3: =IF(AND(L3<=10,M3<=10),M3-L3,MAX(0,10-L3)) -> 0 | O3: =IF(AND(L3<=10,M3>=20),10,IF(AND(L3>=10,M3<=20),M3-L3,IF(AND(L3<=10,M3<=20,M3>=10),M3-10,IF(AND(L3>=10,M3>=20),MAX(0,20-L3),0)))) -> 0 | P3: =IF(AND(L3<=20,M3>=30),10,IF(AND(L3>=20,M3<=30),M3-L3,IF(AND(L3<=20,M3<=30,M3>=20),M3-20,IF(AND(L3>=20,M3>=30),30-L3,0)))) -> 0 | Q3: =IF(AND(L3<=30,M3>=40),10,IF(AND(L3>=30,M3<=40),M3-L3,IF(AND(L3<=30,M3<=40,M3>=30),M3-30,IF(AND(L3>=30,M3>=40),40-L3,0)))) -> 0 | W3: =IF(AND(U3<=10,V3<=10),V3-U3,MAX(0,10-U3)) -> 0 | X3: =IF(AND(U3<=10,V3>=20),10,IF(AND(U3>=10,V3<=20),V3-U3,IF(AND(U3<=10,V3<=20,V3>=10),V3-10,IF(AND(U3>=10,V3>=20),MAX(0,20-U3),0)))) -> 0 | Y3: =IF(AND(U3<=20,V3>=30),10,IF(AND(U3>=20,V3<=30),V3-U3,IF(AND(U3<=20,V3<=30,V3>=20),V3-20,IF(AND(U3>=20,V3>=30),30-U3,0)))) -> 0 | Z3: =IF(AND(U3<=30,V3>=40),10,IF(AND(U3>=30,V3<=40),V3-U3,IF(AND(U3<=30,V3<=40,V3>=30),V3-30,IF(AND(U3>=30,V3>=40),40-U3,0)))) -> 0 | AB3: =IF(T3>0, 1, 0) -> 0 | AG3: =IF(AND(AE3<=10,AF3<=10),AF3-AE3,MAX(0,10-AE3)) -> 0 | AH3: =IF(AND(AE3<=10,AF3>=20),10,IF(AND(AE3>=10,AF3<=20),AF3-AE3,IF(AND(AE3<=10,AF3<=20,AF3>=10),AF3-10,IF(AND(AE3>=10,AF3>=20),MAX(0,20-AE3),0)))) -> 0 | AI3: =IF(AND(AE3<=20,AF3>=30),10,IF(AND(AE3>=20,AF3<=30),AF3-AE3,IF(AND(AE3<=20,AF3<=30,AF3>=20),AF3-20,IF(AND(AE3>=20,AF3>=30),30-AE3,0)))) -> 0 | AJ3: =IF(AND(AE3<=30,AF3>=40),10,IF(AND(AE3>=30,AF3<=40),AF3-AE3,IF(AND(AE3<=30,AF3<=40,AF3>=30),AF3-30,IF(AND(AE3>=30,AF3>=40),40-AE3,0)))) -> 0 | AL3: =IF(AD3>0, 1, 0) -> 0 | AQ3: =IF(AND(AO3<=10,AP3<=10),AP3-AO3,MAX(0,10-AO3)) -> 0 | AR3: =IF(AND(AO3<=10,AP3>=20),10,IF(AND(AO3>=10,AP3<=20),AP3-AO3,IF(AND(AO3<=10,AP3<=20,AP3>=10),AP3-10,IF(AND(AO3>=10,AP3>=20),MAX(0,20-AO3),0)))) -> 0 | AS3: =IF(AND(AO3<=20,AP3>=30),10,IF(AND(AO3>=20,AP3<=30),AP3-AO3,IF(AND(AO3<=20,AP3<=30,AP3>=20),AP3-20,IF(AND(AO3>=20,AP3>=30),30-AO3,0)))) -> 0 | AT3: =IF(AND(AO3<=30,AP3>=40),10,IF(AND(AO3>=30,AP3<=40),AP3-AO3,IF(AND(AO3<=30,AP3<=40,AP3>=30),AP3-30,IF(AND(AO3>=30,AP3>=40),40-AO3,0)))) -> 0 | AV3: =IF(AN3>0, 1, 0) -> 0 | BA3: =IF(AND(AY3<=10,AZ3<=10),AZ3-AY3,MAX(0,10-AY3)) -> 0 | BB3: =IF(AND(AY3<=10,AZ3>=20),10,IF(AND(AY3>=10,AZ3<=20),AZ3-AY3,IF(AND(AY3<=10,AZ3<=20,AZ3>=10),AZ3-10,IF(AND(AY3>=10,AZ3>=20),MAX(0,20-AY3),0)))) -> 0 | BC3: =IF(AND(AY3<=20,AZ3>=30),10,IF(AND(AY3>=20,AZ3<=30),AZ3-AY3,IF(AND(AY3<=20,AZ3<=30,AZ3>=20),AZ3-20,IF(AND(AY3>=20,AZ3>=30),30-AY3,0)))) -> 0 | BD3: =IF(AND(AY3<=30,AZ3>=40),10,IF(AND(AY3>=30,AZ3<=40),AZ3-AY3,IF(AND(AY3<=30,AZ3<=40,AZ3>=30),AZ3-30,IF(AND(AY3>=30,AZ3>=40),40-AY3,0)))) -> 0 | BF3: =IF(AX3>0, 1, 0) -> 0 | BP3: =IF(OR(BI3="YES",BL3="YES"), 1, 0) -> 0
E4: =IF(A4= "","",1) | I4: =IF(K4>0, 1, 0) -> 0 | N4: =IF(AND(L4<=10,M4<=10),M4-L4,MAX(0,10-L4)) -> 0 | O4: =IF(AND(L4<=10,M4>=20),10,IF(AND(L4>=10,M4<=20),M4-L4,IF(AND(L4<=10,M4<=20,M4>=10),M4-10,IF(AND(L4>=10,M4>=20),MAX(0,20-L4),0)))) -> 0 | P4: =IF(AND(L4<=20,M4>=30),10,IF(AND(L4>=20,M4<=30),M4-L4,IF(AND(L4<=20,M4<=30,M4>=20),M4-20,IF(AND(L4>=20,M4>=30),30-L4,0)))) -> 0 | Q4: =IF(AND(L4<=30,M4>=40),10,IF(AND(L4>=30,M4<=40),M4-L4,IF(AND(L4<=30,M4<=40,M4>=30),M4-30,IF(AND(L4>=30,M4>=40),40-L4,0)))) -> 0 | W4: =IF(AND(U4<=10,V4<=10),V4-U4,MAX(0,10-U4)) -> 0 | X4: =IF(AND(U4<=10,V4>=20),10,IF(AND(U4>=10,V4<=20),V4-U4,IF(AND(U4<=10,V4<=20,V4>=10),V4-10,IF(AND(U4>=10,V4>=20),MAX(0,20-U4),0)))) -> 0 | Y4: =IF(AND(U4<=20,V4>=30),10,IF(AND(U4>=20,V4<=30),V4-U4,IF(AND(U4<=20,V4<=30,V4>=20),V4-20,IF(AND(U4>=20,V4>=30),30-U4,0)))) -> 0 | Z4: =IF(AND(U4<=30,V4>=40),10,IF(AND(U4>=30,V4<=40),V4-U4,IF(AND(U4<=30,V4<=40,V4>=30),V4-30,IF(AND(U4>=30,V4>=40),40-U4,0)))) -> 0 | AB4: =IF(T4>0, 1, 0) -> 0 | AG4: =IF(AND(AE4<=10,AF4<=10),AF4-AE4,MAX(0,10-AE4)) -> 0 | AH4: =IF(AND(AE4<=10,AF4>=20),10,IF(AND(AE4>=10,AF4<=20),AF4-AE4,IF(AND(AE4<=10,AF4<=20,AF4>=10),AF4-10,IF(AND(AE4>=10,AF4>=20),MAX(0,20-AE4),0)))) -> 0 | AI4: =IF(AND(AE4<=20,AF4>=30),10,IF(AND(AE4>=20,AF4<=30),AF4-AE4,IF(AND(AE4<=20,AF4<=30,AF4>=20),AF4-20,IF(AND(AE4>=20,AF4>=30),30-AE4,0)))) -> 0 | AJ4: =IF(AND(AE4<=30,AF4>=40),10,IF(AND(AE4>=30,AF4<=40),AF4-AE4,IF(AND(AE4<=30,AF4<=40,AF4>=30),AF4-30,IF(AND(AE4>=30,AF4>=40),40-AE4,0)))) -> 0 | AL4: =IF(AD4>0, 1, 0) -> 0 | AQ4: =IF(AND(AO4<=10,AP4<=10),AP4-AO4,MAX(0,10-AO4)) -> 0 | AR4: =IF(AND(AO4<=10,AP4>=20),10,IF(AND(AO4>=10,AP4<=20),AP4-AO4,IF(AND(AO4<=10,AP4<=20,AP4>=10),AP4-10,IF(AND(AO4>=10,AP4>=20),MAX(0,20-AO4),0)))) -> 0 | AS4: =IF(AND(AO4<=20,AP4>=30),10,IF(AND(AO4>=20,AP4<=30),AP4-AO4,IF(AND(AO4<=20,AP4<=30,AP4>=20),AP4-20,IF(AND(AO4>=20,AP4>=30),30-AO4,0)))) -> 0 | AT4: =IF(AND(AO4<=30,AP4>=40),10,IF(AND(AO4>=30,AP4<=40),AP4-AO4,IF(AND(AO4<=30,AP4<=40,AP4>=30),AP4-30,IF(AND(AO4>=30,AP4>=40),40-AO4,0)))) -> 0 | AV4: =IF(AN4>0, 1, 0) -> 0 | BA4: =IF(AND(AY4<=10,AZ4<=10),AZ4-AY4,MAX(0,10-AY4)) -> 0 | BB4: =IF(AND(AY4<=10,AZ4>=20),10,IF(AND(AY4>=10,AZ4<=20),AZ4-AY4,IF(AND(AY4<=10,AZ4<=20,AZ4>=10),AZ4-10,IF(AND(AY4>=10,AZ4>=20),MAX(0,20-AY4),0)))) -> 0 | BC4: =IF(AND(AY4<=20,AZ4>=30),10,IF(AND(AY4>=20,AZ4<=30),AZ4-AY4,IF(AND(AY4<=20,AZ4<=30,AZ4>=20),AZ4-20,IF(AND(AY4>=20,AZ4>=30),30-AY4,0)))) -> 0 | BD4: =IF(AND(AY4<=30,AZ4>=40),10,IF(AND(AY4>=30,AZ4<=40),AZ4-AY4,IF(AND(AY4<=30,AZ4<=40,AZ4>=30),AZ4-30,IF(AND(AY4>=30,AZ4>=40),40-AY4,0)))) -> 0 | BF4: =IF(AX4>0, 1, 0) -> 0 | BP4: =IF(OR(BI4="YES",BL4="YES"), 1, 0) -> 0
E5: =IF(A5= "","",1) | I5: =IF(K5>0, 1, 0) -> 0 | N5: =IF(AND(L5<=10,M5<=10),M5-L5,MAX(0,10-L5)) -> 0 | O5: =IF(AND(L5<=10,M5>=20),10,IF(AND(L5>=10,M5<=20),M5-L5,IF(AND(L5<=10,M5<=20,M5>=10),M5-10,IF(AND(L5>=10,M5>=20),MAX(0,20-L5),0)))) -> 0 | P5: =IF(AND(L5<=20,M5>=30),10,IF(AND(L5>=20,M5<=30),M5-L5,IF(AND(L5<=20,M5<=30,M5>=20),M5-20,IF(AND(L5>=20,M5>=30),30-L5,0)))) -> 0 | Q5: =IF(AND(L5<=30,M5>=40),10,IF(AND(L5>=30,M5<=40),M5-L5,IF(AND(L5<=30,M5<=40,M5>=30),M5-30,IF(AND(L5>=30,M5>=40),40-L5,0)))) -> 0 | W5: =IF(AND(U5<=10,V5<=10),V5-U5,MAX(0,10-U5)) -> 0 | X5: =IF(AND(U5<=10,V5>=20),10,IF(AND(U5>=10,V5<=20),V5-U5,IF(AND(U5<=10,V5<=20,V5>=10),V5-10,IF(AND(U5>=10,V5>=20),MAX(0,20-U5),0)))) -> 0 | Y5: =IF(AND(U5<=20,V5>=30),10,IF(AND(U5>=20,V5<=30),V5-U5,IF(AND(U5<=20,V5<=30,V5>=20),V5-20,IF(AND(U5>=20,V5>=30),30-U5,0)))) -> 0 | Z5: =IF(AND(U5<=30,V5>=40),10,IF(AND(U5>=30,V5<=40),V5-U5,IF(AND(U5<=30,V5<=40,V5>=30),V5-30,IF(AND(U5>=30,V5>=40),40-U5,0)))) -> 0 | AB5: =IF(T5>0, 1, 0) -> 0 | AG5: =IF(AND(AE5<=10,AF5<=10),AF5-AE5,MAX(0,10-AE5)) -> 0 | AH5: =IF(AND(AE5<=10,AF5>=20),10,IF(AND(AE5>=10,AF5<=20),AF5-AE5,IF(AND(AE5<=10,AF5<=20,AF5>=10),AF5-10,IF(AND(AE5>=10,AF5>=20),MAX(0,20-AE5),0)))) -> 0 | AI5: =IF(AND(AE5<=20,AF5>=30),10,IF(AND(AE5>=20,AF5<=30),AF5-AE5,IF(AND(AE5<=20,AF5<=30,AF5>=20),AF5-20,IF(AND(AE5>=20,AF5>=30),30-AE5,0)))) -> 0 | AJ5: =IF(AND(AE5<=30,AF5>=40),10,IF(AND(AE5>=30,AF5<=40),AF5-AE5,IF(AND(AE5<=30,AF5<=40,AF5>=30),AF5-30,IF(AND(AE5>=30,AF5>=40),40-AE5,0)))) -> 0 | AL5: =IF(AD5>0, 1, 0) -> 0 | AQ5: =IF(AND(AO5<=10,AP5<=10),AP5-AO5,MAX(0,10-AO5)) -> 0 | AR5: =IF(AND(AO5<=10,AP5>=20),10,IF(AND(AO5>=10,AP5<=20),AP5-AO5,IF(AND(AO5<=10,AP5<=20,AP5>=10),AP5-10,IF(AND(AO5>=10,AP5>=20),MAX(0,20-AO5),0)))) -> 0 | AS5: =IF(AND(AO5<=20,AP5>=30),10,IF(AND(AO5>=20,AP5<=30),AP5-AO5,IF(AND(AO5<=20,AP5<=30,AP5>=20),AP5-20,IF(AND(AO5>=20,AP5>=30),30-AO5,0)))) -> 0 | AT5: =IF(AND(AO5<=30,AP5>=40),10,IF(AND(AO5>=30,AP5<=40),AP5-AO5,IF(AND(AO5<=30,AP5<=40,AP5>=30),AP5-30,IF(AND(AO5>=30,AP5>=40),40-AO5,0)))) -> 0 | AV5: =IF(AN5>0, 1, 0) -> 0 | BA5: =IF(AND(AY5<=10,AZ5<=10),AZ5-AY5,MAX(0,10-AY5)) -> 0 | BB5: =IF(AND(AY5<=10,AZ5>=20),10,IF(AND(AY5>=10,AZ5<=20),AZ5-AY5,IF(AND(AY5<=10,AZ5<=20,AZ5>=10),AZ5-10,IF(AND(AY5>=10,AZ5>=20),MAX(0,20-AY5),0)))) -> 0 | BC5: =IF(AND(AY5<=20,AZ5>=30),10,IF(AND(AY5>=20,AZ5<=30),AZ5-AY5,IF(AND(AY5<=20,AZ5<=30,AZ5>=20),AZ5-20,IF(AND(AY5>=20,AZ5>=30),30-AY5,0)))) -> 0 | BD5: =IF(AND(AY5<=30,AZ5>=40),10,IF(AND(AY5>=30,AZ5<=40),AZ5-AY5,IF(AND(AY5<=30,AZ5<=40,AZ5>=30),AZ5-30,IF(AND(AY5>=30,AZ5>=40),40-AY5,0)))) -> 0 | BF5: =IF(AX5>0, 1, 0) -> 0 | BP5: =IF(OR(BI5="YES",BL5="YES"), 1, 0) -> 0
E6: =IF(A6= "","",1) | I6: =IF(K6>0, 1, 0) -> 0 | N6: =IF(AND(L6<=10,M6<=10),M6-L6,MAX(0,10-L6)) -> 0 | O6: =IF(AND(L6<=10,M6>=20),10,IF(AND(L6>=10,M6<=20),M6-L6,IF(AND(L6<=10,M6<=20,M6>=10),M6-10,IF(AND(L6>=10,M6>=20),MAX(0,20-L6),0)))) -> 0 | P6: =IF(AND(L6<=20,M6>=30),10,IF(AND(L6>=20,M6<=30),M6-L6,IF(AND(L6<=20,M6<=30,M6>=20),M6-20,IF(AND(L6>=20,M6>=30),30-L6,0)))) -> 0 | Q6: =IF(AND(L6<=30,M6>=40),10,IF(AND(L6>=30,M6<=40),M6-L6,IF(AND(L6<=30,M6<=40,M6>=30),M6-30,IF(AND(L6>=30,M6>=40),40-L6,0)))) -> 0 | W6: =IF(AND(U6<=10,V6<=10),V6-U6,MAX(0,10-U6)) -> 0 | X6: =IF(AND(U6<=10,V6>=20),10,IF(AND(U6>=10,V6<=20),V6-U6,IF(AND(U6<=10,V6<=20,V6>=10),V6-10,IF(AND(U6>=10,V6>=20),MAX(0,20-U6),0)))) -> 0 | Y6: =IF(AND(U6<=20,V6>=30),10,IF(AND(U6>=20,V6<=30),V6-U6,IF(AND(U6<=20,V6<=30,V6>=20),V6-20,IF(AND(U6>=20,V6>=30),30-U6,0)))) -> 0 | Z6: =IF(AND(U6<=30,V6>=40),10,IF(AND(U6>=30,V6<=40),V6-U6,IF(AND(U6<=30,V6<=40,V6>=30),V6-30,IF(AND(U6>=30,V6>=40),40-U6,0)))) -> 0 | AB6: =IF(T6>0, 1, 0) -> 0 | AG6: =IF(AND(AE6<=10,AF6<=10),AF6-AE6,MAX(0,10-AE6)) -> 0 | AH6: =IF(AND(AE6<=10,AF6>=20),10,IF(AND(AE6>=10,AF6<=20),AF6-AE6,IF(AND(AE6<=10,AF6<=20,AF6>=10),AF6-10,IF(AND(AE6>=10,AF6>=20),MAX(0,20-AE6),0)))) -> 0 | AI6: =IF(AND(AE6<=20,AF6>=30),10,IF(AND(AE6>=20,AF6<=30),AF6-AE6,IF(AND(AE6<=20,AF6<=30,AF6>=20),AF6-20,IF(AND(AE6>=20,AF6>=30),30-AE6,0)))) -> 0 | AJ6: =IF(AND(AE6<=30,AF6>=40),10,IF(AND(AE6>=30,AF6<=40),AF6-AE6,IF(AND(AE6<=30,AF6<=40,AF6>=30),AF6-30,IF(AND(AE6>=30,AF6>=40),40-AE6,0)))) -> 0 | AL6: =IF(AD6>0, 1, 0) -> 0 | AQ6: =IF(AND(AO6<=10,AP6<=10),AP6-AO6,MAX(0,10-AO6)) -> 0 | AR6: =IF(AND(AO6<=10,AP6>=20),10,IF(AND(AO6>=10,AP6<=20),AP6-AO6,IF(AND(AO6<=10,AP6<=20,AP6>=10),AP6-10,IF(AND(AO6>=10,AP6>=20),MAX(0,20-AO6),0)))) -> 0 | AS6: =IF(AND(AO6<=20,AP6>=30),10,IF(AND(AO6>=20,AP6<=30),AP6-AO6,IF(AND(AO6<=20,AP6<=30,AP6>=20),AP6-20,IF(AND(AO6>=20,AP6>=30),30-AO6,0)))) -> 0 | AT6: =IF(AND(AO6<=30,AP6>=40),10,IF(AND(AO6>=30,AP6<=40),AP6-AO6,IF(AND(AO6<=30,AP6<=40,AP6>=30),AP6-30,IF(AND(AO6>=30,AP6>=40),40-AO6,0)))) -> 0 | AV6: =IF(AN6>0, 1, 0) -> 0 | BA6: =IF(AND(AY6<=10,AZ6<=10),AZ6-AY6,MAX(0,10-AY6)) -> 0 | BB6: =IF(AND(AY6<=10,AZ6>=20),10,IF(AND(AY6>=10,AZ6<=20),AZ6-AY6,IF(AND(AY6<=10,AZ6<=20,AZ6>=10),AZ6-10,IF(AND(AY6>=10,AZ6>=20),MAX(0,20-AY6),0)))) -> 0 | BC6: =IF(AND(AY6<=20,AZ6>=30),10,IF(AND(AY6>=20,AZ6<=30),AZ6-AY6,IF(AND(AY6<=20,AZ6<=30,AZ6>=20),AZ6-20,IF(AND(AY6>=20,AZ6>=30),30-AY6,0)))) -> 0 | BD6: =IF(AND(AY6<=30,AZ6>=40),10,IF(AND(AY6>=30,AZ6<=40),AZ6-AY6,IF(AND(AY6<=30,AZ6<=40,AZ6>=30),AZ6-30,IF(AND(AY6>=30,AZ6>=40),40-AY6,0)))) -> 0 | BF6: =IF(AX6>0, 1, 0) -> 0 | BP6: =IF(OR(BI6="YES",BL6="YES"), 1, 0) -> 0
E7: =IF(A7= "","",1) | I7: =IF(K7>0, 1, 0) -> 0 | N7: =IF(AND(L7<=10,M7<=10),M7-L7,MAX(0,10-L7)) -> 0 | O7: =IF(AND(L7<=10,M7>=20),10,IF(AND(L7>=10,M7<=20),M7-L7,IF(AND(L7<=10,M7<=20,M7>=10),M7-10,IF(AND(L7>=10,M7>=20),MAX(0,20-L7),0)))) -> 0 | P7: =IF(AND(L7<=20,M7>=30),10,IF(AND(L7>=20,M7<=30),M7-L7,IF(AND(L7<=20,M7<=30,M7>=20),M7-20,IF(AND(L7>=20,M7>=30),30-L7,0)))) -> 0 | Q7: =IF(AND(L7<=30,M7>=40),10,IF(AND(L7>=30,M7<=40),M7-L7,IF(AND(L7<=30,M7<=40,M7>=30),M7-30,IF(AND(L7>=30,M7>=40),40-L7,0)))) -> 0 | W7: =IF(AND(U7<=10,V7<=10),V7-U7,MAX(0,10-U7)) -> 0 | X7: =IF(AND(U7<=10,V7>=20),10,IF(AND(U7>=10,V7<=20),V7-U7,IF(AND(U7<=10,V7<=20,V7>=10),V7-10,IF(AND(U7>=10,V7>=20),MAX(0,20-U7),0)))) -> 0 | Y7: =IF(AND(U7<=20,V7>=30),10,IF(AND(U7>=20,V7<=30),V7-U7,IF(AND(U7<=20,V7<=30,V7>=20),V7-20,IF(AND(U7>=20,V7>=30),30-U7,0)))) -> 0 | Z7: =IF(AND(U7<=30,V7>=40),10,IF(AND(U7>=30,V7<=40),V7-U7,IF(AND(U7<=30,V7<=40,V7>=30),V7-30,IF(AND(U7>=30,V7>=40),40-U7,0)))) -> 0 | AB7: =IF(T7>0, 1, 0) -> 0 | AG7: =IF(AND(AE7<=10,AF7<=10),AF7-AE7,MAX(0,10-AE7)) -> 0 | AH7: =IF(AND(AE7<=10,AF7>=20),10,IF(AND(AE7>=10,AF7<=20),AF7-AE7,IF(AND(AE7<=10,AF7<=20,AF7>=10),AF7-10,IF(AND(AE7>=10,AF7>=20),MAX(0,20-AE7),0)))) -> 0 | AI7: =IF(AND(AE7<=20,AF7>=30),10,IF(AND(AE7>=20,AF7<=30),AF7-AE7,IF(AND(AE7<=20,AF7<=30,AF7>=20),AF7-20,IF(AND(AE7>=20,AF7>=30),30-AE7,0)))) -> 0 | AJ7: =IF(AND(AE7<=30,AF7>=40),10,IF(AND(AE7>=30,AF7<=40),AF7-AE7,IF(AND(AE7<=30,AF7<=40,AF7>=30),AF7-30,IF(AND(AE7>=30,AF7>=40),40-AE7,0)))) -> 0 | AL7: =IF(AD7>0, 1, 0) -> 0 | AQ7: =IF(AND(AO7<=10,AP7<=10),AP7-AO7,MAX(0,10-AO7)) -> 0 | AR7: =IF(AND(AO7<=10,AP7>=20),10,IF(AND(AO7>=10,AP7<=20),AP7-AO7,IF(AND(AO7<=10,AP7<=20,AP7>=10),AP7-10,IF(AND(AO7>=10,AP7>=20),MAX(0,20-AO7),0)))) -> 0 | AS7: =IF(AND(AO7<=20,AP7>=30),10,IF(AND(AO7>=20,AP7<=30),AP7-AO7,IF(AND(AO7<=20,AP7<=30,AP7>=20),AP7-20,IF(AND(AO7>=20,AP7>=30),30-AO7,0)))) -> 0 | AT7: =IF(AND(AO7<=30,AP7>=40),10,IF(AND(AO7>=30,AP7<=40),AP7-AO7,IF(AND(AO7<=30,AP7<=40,AP7>=30),AP7-30,IF(AND(AO7>=30,AP7>=40),40-AO7,0)))) -> 0 | AV7: =IF(AN7>0, 1, 0) -> 0 | BA7: =IF(AND(AY7<=10,AZ7<=10),AZ7-AY7,MAX(0,10-AY7)) -> 0 | BB7: =IF(AND(AY7<=10,AZ7>=20),10,IF(AND(AY7>=10,AZ7<=20),AZ7-AY7,IF(AND(AY7<=10,AZ7<=20,AZ7>=10),AZ7-10,IF(AND(AY7>=10,AZ7>=20),MAX(0,20-AY7),0)))) -> 0 | BC7: =IF(AND(AY7<=20,AZ7>=30),10,IF(AND(AY7>=20,AZ7<=30),AZ7-AY7,IF(AND(AY7<=20,AZ7<=30,AZ7>=20),AZ7-20,IF(AND(AY7>=20,AZ7>=30),30-AY7,0)))) -> 0 | BD7: =IF(AND(AY7<=30,AZ7>=40),10,IF(AND(AY7>=30,AZ7<=40),AZ7-AY7,IF(AND(AY7<=30,AZ7<=40,AZ7>=30),AZ7-30,IF(AND(AY7>=30,AZ7>=40),40-AY7,0)))) -> 0 | BF7: =IF(AX7>0, 1, 0) -> 0 | BP7: =IF(OR(BI7="YES",BL7="YES"), 1, 0) -> 0
E8: =IF(A8= "","",1) | I8: =IF(K8>0, 1, 0) -> 0 | N8: =IF(AND(L8<=10,M8<=10),M8-L8,MAX(0,10-L8)) -> 0 | O8: =IF(AND(L8<=10,M8>=20),10,IF(AND(L8>=10,M8<=20),M8-L8,IF(AND(L8<=10,M8<=20,M8>=10),M8-10,IF(AND(L8>=10,M8>=20),MAX(0,20-L8),0)))) -> 0 | P8: =IF(AND(L8<=20,M8>=30),10,IF(AND(L8>=20,M8<=30),M8-L8,IF(AND(L8<=20,M8<=30,M8>=20),M8-20,IF(AND(L8>=20,M8>=30),30-L8,0)))) -> 0 | Q8: =IF(AND(L8<=30,M8>=40),10,IF(AND(L8>=30,M8<=40),M8-L8,IF(AND(L8<=30,M8<=40,M8>=30),M8-30,IF(AND(L8>=30,M8>=40),40-L8,0)))) -> 0 | W8: =IF(AND(U8<=10,V8<=10),V8-U8,MAX(0,10-U8)) -> 0 | X8: =IF(AND(U8<=10,V8>=20),10,IF(AND(U8>=10,V8<=20),V8-U8,IF(AND(U8<=10,V8<=20,V8>=10),V8-10,IF(AND(U8>=10,V8>=20),MAX(0,20-U8),0)))) -> 0 | Y8: =IF(AND(U8<=20,V8>=30),10,IF(AND(U8>=20,V8<=30),V8-U8,IF(AND(U8<=20,V8<=30,V8>=20),V8-20,IF(AND(U8>=20,V8>=30),30-U8,0)))) -> 0 | Z8: =IF(AND(U8<=30,V8>=40),10,IF(AND(U8>=30,V8<=40),V8-U8,IF(AND(U8<=30,V8<=40,V8>=30),V8-30,IF(AND(U8>=30,V8>=40),40-U8,0)))) -> 0 | AB8: =IF(T8>0, 1, 0) -> 0 | AG8: =IF(AND(AE8<=10,AF8<=10),AF8-AE8,MAX(0,10-AE8)) -> 0 | AH8: =IF(AND(AE8<=10,AF8>=20),10,IF(AND(AE8>=10,AF8<=20),AF8-AE8,IF(AND(AE8<=10,AF8<=20,AF8>=10),AF8-10,IF(AND(AE8>=10,AF8>=20),MAX(0,20-AE8),0)))) -> 0 | AI8: =IF(AND(AE8<=20,AF8>=30),10,IF(AND(AE8>=20,AF8<=30),AF8-AE8,IF(AND(AE8<=20,AF8<=30,AF8>=20),AF8-20,IF(AND(AE8>=20,AF8>=30),30-AE8,0)))) -> 0 | AJ8: =IF(AND(AE8<=30,AF8>=40),10,IF(AND(AE8>=30,AF8<=40),AF8-AE8,IF(AND(AE8<=30,AF8<=40,AF8>=30),AF8-30,IF(AND(AE8>=30,AF8>=40),40-AE8,0)))) -> 0 | AL8: =IF(AD8>0, 1, 0) -> 0 | AQ8: =IF(AND(AO8<=10,AP8<=10),AP8-AO8,MAX(0,10-AO8)) -> 0 | AR8: =IF(AND(AO8<=10,AP8>=20),10,IF(AND(AO8>=10,AP8<=20),AP8-AO8,IF(AND(AO8<=10,AP8<=20,AP8>=10),AP8-10,IF(AND(AO8>=10,AP8>=20),MAX(0,20-AO8),0)))) -> 0 | AS8: =IF(AND(AO8<=20,AP8>=30),10,IF(AND(AO8>=20,AP8<=30),AP8-AO8,IF(AND(AO8<=20,AP8<=30,AP8>=20),AP8-20,IF(AND(AO8>=20,AP8>=30),30-AO8,0)))) -> 0 | AT8: =IF(AND(AO8<=30,AP8>=40),10,IF(AND(AO8>=30,AP8<=40),AP8-AO8,IF(AND(AO8<=30,AP8<=40,AP8>=30),AP8-30,IF(AND(AO8>=30,AP8>=40),40-AO8,0)))) -> 0 | AV8: =IF(AN8>0, 1, 0) -> 0 | BA8: =IF(AND(AY8<=10,AZ8<=10),AZ8-AY8,MAX(0,10-AY8)) -> 0 | BB8: =IF(AND(AY8<=10,AZ8>=20),10,IF(AND(AY8>=10,AZ8<=20),AZ8-AY8,IF(AND(AY8<=10,AZ8<=20,AZ8>=10),AZ8-10,IF(AND(AY8>=10,AZ8>=20),MAX(0,20-AY8),0)))) -> 0 | BC8: =IF(AND(AY8<=20,AZ8>=30),10,IF(AND(AY8>=20,AZ8<=30),AZ8-AY8,IF(AND(AY8<=20,AZ8<=30,AZ8>=20),AZ8-20,IF(AND(AY8>=20,AZ8>=30),30-AY8,0)))) -> 0 | BD8: =IF(AND(AY8<=30,AZ8>=40),10,IF(AND(AY8>=30,AZ8<=40),AZ8-AY8,IF(AND(AY8<=30,AZ8<=40,AZ8>=30),AZ8-30,IF(AND(AY8>=30,AZ8>=40),40-AY8,0)))) -> 0 | BF8: =IF(AX8>0, 1, 0) -> 0 | BP8: =IF(OR(BI8="YES",BL8="YES"), 1, 0) -> 0
E9: =IF(A9= "","",1) | I9: =IF(K9>0, 1, 0) -> 0 | N9: =IF(AND(L9<=10,M9<=10),M9-L9,MAX(0,10-L9)) -> 0 | O9: =IF(AND(L9<=10,M9>=20),10,IF(AND(L9>=10,M9<=20),M9-L9,IF(AND(L9<=10,M9<=20,M9>=10),M9-10,IF(AND(L9>=10,M9>=20),MAX(0,20-L9),0)))) -> 0 | P9: =IF(AND(L9<=20,M9>=30),10,IF(AND(L9>=20,M9<=30),M9-L9,IF(AND(L9<=20,M9<=30,M9>=20),M9-20,IF(AND(L9>=20,M9>=30),30-L9,0)))) -> 0 | Q9: =IF(AND(L9<=30,M9>=40),10,IF(AND(L9>=30,M9<=40),M9-L9,IF(AND(L9<=30,M9<=40,M9>=30),M9-30,IF(AND(L9>=30,M9>=40),40-L9,0)))) -> 0 | W9: =IF(AND(U9<=10,V9<=10),V9-U9,MAX(0,10-U9)) -> 0 | X9: =IF(AND(U9<=10,V9>=20),10,IF(AND(U9>=10,V9<=20),V9-U9,IF(AND(U9<=10,V9<=20,V9>=10),V9-10,IF(AND(U9>=10,V9>=20),MAX(0,20-U9),0)))) -> 0 | Y9: =IF(AND(U9<=20,V9>=30),10,IF(AND(U9>=20,V9<=30),V9-U9,IF(AND(U9<=20,V9<=30,V9>=20),V9-20,IF(AND(U9>=20,V9>=30),30-U9,0)))) -> 0 | Z9: =IF(AND(U9<=30,V9>=40),10,IF(AND(U9>=30,V9<=40),V9-U9,IF(AND(U9<=30,V9<=40,V9>=30),V9-30,IF(AND(U9>=30,V9>=40),40-U9,0)))) -> 0 | AB9: =IF(T9>0, 1, 0) -> 0 | AG9: =IF(AND(AE9<=10,AF9<=10),AF9-AE9,MAX(0,10-AE9)) -> 0 | AH9: =IF(AND(AE9<=10,AF9>=20),10,IF(AND(AE9>=10,AF9<=20),AF9-AE9,IF(AND(AE9<=10,AF9<=20,AF9>=10),AF9-10,IF(AND(AE9>=10,AF9>=20),MAX(0,20-AE9),0)))) -> 0 | AI9: =IF(AND(AE9<=20,AF9>=30),10,IF(AND(AE9>=20,AF9<=30),AF9-AE9,IF(AND(AE9<=20,AF9<=30,AF9>=20),AF9-20,IF(AND(AE9>=20,AF9>=30),30-AE9,0)))) -> 0 | AJ9: =IF(AND(AE9<=30,AF9>=40),10,IF(AND(AE9>=30,AF9<=40),AF9-AE9,IF(AND(AE9<=30,AF9<=40,AF9>=30),AF9-30,IF(AND(AE9>=30,AF9>=40),40-AE9,0)))) -> 0 | AL9: =IF(AD9>0, 1, 0) -> 0 | AQ9: =IF(AND(AO9<=10,AP9<=10),AP9-AO9,MAX(0,10-AO9)) -> 0 | AR9: =IF(AND(AO9<=10,AP9>=20),10,IF(AND(AO9>=10,AP9<=20),AP9-AO9,IF(AND(AO9<=10,AP9<=20,AP9>=10),AP9-10,IF(AND(AO9>=10,AP9>=20),MAX(0,20-AO9),0)))) -> 0 | AS9: =IF(AND(AO9<=20,AP9>=30),10,IF(AND(AO9>=20,AP9<=30),AP9-AO9,IF(AND(AO9<=20,AP9<=30,AP9>=20),AP9-20,IF(AND(AO9>=20,AP9>=30),30-AO9,0)))) -> 0 | AT9: =IF(AND(AO9<=30,AP9>=40),10,IF(AND(AO9>=30,AP9<=40),AP9-AO9,IF(AND(AO9<=30,AP9<=40,AP9>=30),AP9-30,IF(AND(AO9>=30,AP9>=40),40-AO9,0)))) -> 0 | AV9: =IF(AN9>0, 1, 0) -> 0 | BA9: =IF(AND(AY9<=10,AZ9<=10),AZ9-AY9,MAX(0,10-AY9)) -> 0 | BB9: =IF(AND(AY9<=10,AZ9>=20),10,IF(AND(AY9>=10,AZ9<=20),AZ9-AY9,IF(AND(AY9<=10,AZ9<=20,AZ9>=10),AZ9-10,IF(AND(AY9>=10,AZ9>=20),MAX(0,20-AY9),0)))) -> 0 | BC9: =IF(AND(AY9<=20,AZ9>=30),10,IF(AND(AY9>=20,AZ9<=30),AZ9-AY9,IF(AND(AY9<=20,AZ9<=30,AZ9>=20),AZ9-20,IF(AND(AY9>=20,AZ9>=30),30-AY9,0)))) -> 0 | BD9: =IF(AND(AY9<=30,AZ9>=40),10,IF(AND(AY9>=30,AZ9<=40),AZ9-AY9,IF(AND(AY9<=30,AZ9<=40,AZ9>=30),AZ9-30,IF(AND(AY9>=30,AZ9>=40),40-AY9,0)))) -> 0 | BF9: =IF(AX9>0, 1, 0) -> 0 | BP9: =IF(OR(BI9="YES",BL9="YES"), 1, 0) -> 0
E10: =IF(A10= "","",1) | I10: =IF(K10>0, 1, 0) -> 0 | N10: =IF(AND(L10<=10,M10<=10),M10-L10,MAX(0,10-L10)) -> 0 | O10: =IF(AND(L10<=10,M10>=20),10,IF(AND(L10>=10,M10<=20),M10-L10,IF(AND(L10<=10,M10<=20,M10>=10),M10-10,IF(AND(L10>=10,M10>=20),MAX(0,20-L10),0)))) -> 0 | P10: =IF(AND(L10<=20,M10>=30),10,IF(AND(L10>=20,M10<=30),M10-L10,IF(AND(L10<=20,M10<=30,M10>=20),M10-20,IF(AND(L10>=20,M10>=30),30-L10,0)))) -> 0 | Q10: =IF(AND(L10<=30,M10>=40),10,IF(AND(L10>=30,M10<=40),M10-L10,IF(AND(L10<=30,M10<=40,M10>=30),M10-30,IF(AND(L10>=30,M10>=40),40-L10,0)))) -> 0 | W10: =IF(AND(U10<=10,V10<=10),V10-U10,MAX(0,10-U10)) -> 0 | X10: =IF(AND(U10<=10,V10>=20),10,IF(AND(U10>=10,V10<=20),V10-U10,IF(AND(U10<=10,V10<=20,V10>=10),V10-10,IF(AND(U10>=10,V10>=20),MAX(0,20-U10),0)))) -> 0 | Y10: =IF(AND(U10<=20,V10>=30),10,IF(AND(U10>=20,V10<=30),V10-U10,IF(AND(U10<=20,V10<=30,V10>=20),V10-20,IF(AND(U10>=20,V10>=30),30-U10,0)))) -> 0 | Z10: =IF(AND(U10<=30,V10>=40),10,IF(AND(U10>=30,V10<=40),V10-U10,IF(AND(U10<=30,V10<=40,V10>=30),V10-30,IF(AND(U10>=30,V10>=40),40-U10,0)))) -> 0 | AB10: =IF(T10>0, 1, 0) -> 0 | AG10: =IF(AND(AE10<=10,AF10<=10),AF10-AE10,MAX(0,10-AE10)) -> 0 | AH10: =IF(AND(AE10<=10,AF10>=20),10,IF(AND(AE10>=10,AF10<=20),AF10-AE10,IF(AND(AE10<=10,AF10<=20,AF10>=10),AF10-10,IF(AND(AE10>=10,AF10>=20),MAX(0,20-AE10),0)))) -> 0 | AI10: =IF(AND(AE10<=20,AF10>=30),10,IF(AND(AE10>=20,AF10<=30),AF10-AE10,IF(AND(AE10<=20,AF10<=30,AF10>=20),AF10-20,IF(AND(AE10>=20,AF10>=30),30-AE10,0)))) -> 0 | AJ10: =IF(AND(AE10<=30,AF10>=40),10,IF(AND(AE10>=30,AF10<=40),AF10-AE10,IF(AND(AE10<=30,AF10<=40,AF10>=30),AF10-30,IF(AND(AE10>=30,AF10>=40),40-AE10,0)))) -> 0 | AL10: =IF(AD10>0, 1, 0) -> 0 | AQ10: =IF(AND(AO10<=10,AP10<=10),AP10-AO10,MAX(0,10-AO10)) -> 0 | AR10: =IF(AND(AO10<=10,AP10>=20),10,IF(AND(AO10>=10,AP10<=20),AP10-AO10,IF(AND(AO10<=10,AP10<=20,AP10>=10),AP10-10,IF(AND(AO10>=10,AP10>=20),MAX(0,20-AO10),0)))) -> 0 | AS10: =IF(AND(AO10<=20,AP10>=30),10,IF(AND(AO10>=20,AP10<=30),AP10-AO10,IF(AND(AO10<=20,AP10<=30,AP10>=20),AP10-20,IF(AND(AO10>=20,AP10>=30),30-AO10,0)))) -> 0 | AT10: =IF(AND(AO10<=30,AP10>=40),10,IF(AND(AO10>=30,AP10<=40),AP10-AO10,IF(AND(AO10<=30,AP10<=40,AP10>=30),AP10-30,IF(AND(AO10>=30,AP10>=40),40-AO10,0)))) -> 0 | AV10: =IF(AN10>0, 1, 0) -> 0 | BA10: =IF(AND(AY10<=10,AZ10<=10),AZ10-AY10,MAX(0,10-AY10)) -> 0 | BB10: =IF(AND(AY10<=10,AZ10>=20),10,IF(AND(AY10>=10,AZ10<=20),AZ10-AY10,IF(AND(AY10<=10,AZ10<=20,AZ10>=10),AZ10-10,IF(AND(AY10>=10,AZ10>=20),MAX(0,20-AY10),0)))) -> 0 | BC10: =IF(AND(AY10<=20,AZ10>=30),10,IF(AND(AY10>=20,AZ10<=30),AZ10-AY10,IF(AND(AY10<=20,AZ10<=30,AZ10>=20),AZ10-20,IF(AND(AY10>=20,AZ10>=30),30-AY10,0)))) -> 0 | BD10: =IF(AND(AY10<=30,AZ10>=40),10,IF(AND(AY10>=30,AZ10<=40),AZ10-AY10,IF(AND(AY10<=30,AZ10<=40,AZ10>=30),AZ10-30,IF(AND(AY10>=30,AZ10>=40),40-AY10,0)))) -> 0 | BF10: =IF(AX10>0, 1, 0) -> 0 | BP10: =IF(OR(BI10="YES",BL10="YES"), 1, 0) -> 0
E11: =IF(A11= "","",1) | I11: =IF(K11>0, 1, 0) -> 0 | N11: =IF(AND(L11<=10,M11<=10),M11-L11,MAX(0,10-L11)) -> 0 | O11: =IF(AND(L11<=10,M11>=20),10,IF(AND(L11>=10,M11<=20),M11-L11,IF(AND(L11<=10,M11<=20,M11>=10),M11-10,IF(AND(L11>=10,M11>=20),MAX(0,20-L11),0)))) -> 0 | P11: =IF(AND(L11<=20,M11>=30),10,IF(AND(L11>=20,M11<=30),M11-L11,IF(AND(L11<=20,M11<=30,M11>=20),M11-20,IF(AND(L11>=20,M11>=30),30-L11,0)))) -> 0 | Q11: =IF(AND(L11<=30,M11>=40),10,IF(AND(L11>=30,M11<=40),M11-L11,IF(AND(L11<=30,M11<=40,M11>=30),M11-30,IF(AND(L11>=30,M11>=40),40-L11,0)))) -> 0 | W11: =IF(AND(U11<=10,V11<=10),V11-U11,MAX(0,10-U11)) -> 0 | X11: =IF(AND(U11<=10,V11>=20),10,IF(AND(U11>=10,V11<=20),V11-U11,IF(AND(U11<=10,V11<=20,V11>=10),V11-10,IF(AND(U11>=10,V11>=20),MAX(0,20-U11),0)))) -> 0 | Y11: =IF(AND(U11<=20,V11>=30),10,IF(AND(U11>=20,V11<=30),V11-U11,IF(AND(U11<=20,V11<=30,V11>=20),V11-20,IF(AND(U11>=20,V11>=30),30-U11,0)))) -> 0 | Z11: =IF(AND(U11<=30,V11>=40),10,IF(AND(U11>=30,V11<=40),V11-U11,IF(AND(U11<=30,V11<=40,V11>=30),V11-30,IF(AND(U11>=30,V11>=40),40-U11,0)))) -> 0 | AB11: =IF(T11>0, 1, 0) -> 0 | AG11: =IF(AND(AE11<=10,AF11<=10),AF11-AE11,MAX(0,10-AE11)) -> 0 | AH11: =IF(AND(AE11<=10,AF11>=20),10,IF(AND(AE11>=10,AF11<=20),AF11-AE11,IF(AND(AE11<=10,AF11<=20,AF11>=10),AF11-10,IF(AND(AE11>=10,AF11>=20),MAX(0,20-AE11),0)))) -> 0 | AI11: =IF(AND(AE11<=20,AF11>=30),10,IF(AND(AE11>=20,AF11<=30),AF11-AE11,IF(AND(AE11<=20,AF11<=30,AF11>=20),AF11-20,IF(AND(AE11>=20,AF11>=30),30-AE11,0)))) -> 0 | AJ11: =IF(AND(AE11<=30,AF11>=40),10,IF(AND(AE11>=30,AF11<=40),AF11-AE11,IF(AND(AE11<=30,AF11<=40,AF11>=30),AF11-30,IF(AND(AE11>=30,AF11>=40),40-AE11,0)))) -> 0 | AL11: =IF(AD11>0, 1, 0) -> 0 | AQ11: =IF(AND(AO11<=10,AP11<=10),AP11-AO11,MAX(0,10-AO11)) -> 0 | AR11: =IF(AND(AO11<=10,AP11>=20),10,IF(AND(AO11>=10,AP11<=20),AP11-AO11,IF(AND(AO11<=10,AP11<=20,AP11>=10),AP11-10,IF(AND(AO11>=10,AP11>=20),MAX(0,20-AO11),0)))) -> 0 | AS11: =IF(AND(AO11<=20,AP11>=30),10,IF(AND(AO11>=20,AP11<=30),AP11-AO11,IF(AND(AO11<=20,AP11<=30,AP11>=20),AP11-20,IF(AND(AO11>=20,AP11>=30),30-AO11,0)))) -> 0 | AT11: =IF(AND(AO11<=30,AP11>=40),10,IF(AND(AO11>=30,AP11<=40),AP11-AO11,IF(AND(AO11<=30,AP11<=40,AP11>=30),AP11-30,IF(AND(AO11>=30,AP11>=40),40-AO11,0)))) -> 0 | AV11: =IF(AN11>0, 1, 0) -> 0 | BA11: =IF(AND(AY11<=10,AZ11<=10),AZ11-AY11,MAX(0,10-AY11)) -> 0 | BB11: =IF(AND(AY11<=10,AZ11>=20),10,IF(AND(AY11>=10,AZ11<=20),AZ11-AY11,IF(AND(AY11<=10,AZ11<=20,AZ11>=10),AZ11-10,IF(AND(AY11>=10,AZ11>=20),MAX(0,20-AY11),0)))) -> 0 | BC11: =IF(AND(AY11<=20,AZ11>=30),10,IF(AND(AY11>=20,AZ11<=30),AZ11-AY11,IF(AND(AY11<=20,AZ11<=30,AZ11>=20),AZ11-20,IF(AND(AY11>=20,AZ11>=30),30-AY11,0)))) -> 0 | BD11: =IF(AND(AY11<=30,AZ11>=40),10,IF(AND(AY11>=30,AZ11<=40),AZ11-AY11,IF(AND(AY11<=30,AZ11<=40,AZ11>=30),AZ11-30,IF(AND(AY11>=30,AZ11>=40),40-AY11,0)))) -> 0 | BF11: =IF(AX11>0, 1, 0) -> 0 | BP11: =IF(OR(BI11="YES",BL11="YES"), 1, 0) -> 0
E12: =IF(A12= "","",1) | I12: =IF(K12>0, 1, 0) -> 0 | N12: =IF(AND(L12<=10,M12<=10),M12-L12,MAX(0,10-L12)) -> 0 | O12: =IF(AND(L12<=10,M12>=20),10,IF(AND(L12>=10,M12<=20),M12-L12,IF(AND(L12<=10,M12<=20,M12>=10),M12-10,IF(AND(L12>=10,M12>=20),MAX(0,20-L12),0)))) -> 0 | P12: =IF(AND(L12<=20,M12>=30),10,IF(AND(L12>=20,M12<=30),M12-L12,IF(AND(L12<=20,M12<=30,M12>=20),M12-20,IF(AND(L12>=20,M12>=30),30-L12,0)))) -> 0 | Q12: =IF(AND(L12<=30,M12>=40),10,IF(AND(L12>=30,M12<=40),M12-L12,IF(AND(L12<=30,M12<=40,M12>=30),M12-30,IF(AND(L12>=30,M12>=40),40-L12,0)))) -> 0 | W12: =IF(AND(U12<=10,V12<=10),V12-U12,MAX(0,10-U12)) -> 0 | X12: =IF(AND(U12<=10,V12>=20),10,IF(AND(U12>=10,V12<=20),V12-U12,IF(AND(U12<=10,V12<=20,V12>=10),V12-10,IF(AND(U12>=10,V12>=20),MAX(0,20-U12),0)))) -> 0 | Y12: =IF(AND(U12<=20,V12>=30),10,IF(AND(U12>=20,V12<=30),V12-U12,IF(AND(U12<=20,V12<=30,V12>=20),V12-20,IF(AND(U12>=20,V12>=30),30-U12,0)))) -> 0 | Z12: =IF(AND(U12<=30,V12>=40),10,IF(AND(U12>=30,V12<=40),V12-U12,IF(AND(U12<=30,V12<=40,V12>=30),V12-30,IF(AND(U12>=30,V12>=40),40-U12,0)))) -> 0 | AB12: =IF(T12>0, 1, 0) -> 0 | AG12: =IF(AND(AE12<=10,AF12<=10),AF12-AE12,MAX(0,10-AE12)) -> 0 | AH12: =IF(AND(AE12<=10,AF12>=20),10,IF(AND(AE12>=10,AF12<=20),AF12-AE12,IF(AND(AE12<=10,AF12<=20,AF12>=10),AF12-10,IF(AND(AE12>=10,AF12>=20),MAX(0,20-AE12),0)))) -> 0 | AI12: =IF(AND(AE12<=20,AF12>=30),10,IF(AND(AE12>=20,AF12<=30),AF12-AE12,IF(AND(AE12<=20,AF12<=30,AF12>=20),AF12-20,IF(AND(AE12>=20,AF12>=30),30-AE12,0)))) -> 0 | AJ12: =IF(AND(AE12<=30,AF12>=40),10,IF(AND(AE12>=30,AF12<=40),AF12-AE12,IF(AND(AE12<=30,AF12<=40,AF12>=30),AF12-30,IF(AND(AE12>=30,AF12>=40),40-AE12,0)))) -> 0 | AL12: =IF(AD12>0, 1, 0) -> 0 | AQ12: =IF(AND(AO12<=10,AP12<=10),AP12-AO12,MAX(0,10-AO12)) -> 0 | AR12: =IF(AND(AO12<=10,AP12>=20),10,IF(AND(AO12>=10,AP12<=20),AP12-AO12,IF(AND(AO12<=10,AP12<=20,AP12>=10),AP12-10,IF(AND(AO12>=10,AP12>=20),MAX(0,20-AO12),0)))) -> 0 | AS12: =IF(AND(AO12<=20,AP12>=30),10,IF(AND(AO12>=20,AP12<=30),AP12-AO12,IF(AND(AO12<=20,AP12<=30,AP12>=20),AP12-20,IF(AND(AO12>=20,AP12>=30),30-AO12,0)))) -> 0 | AT12: =IF(AND(AO12<=30,AP12>=40),10,IF(AND(AO12>=30,AP12<=40),AP12-AO12,IF(AND(AO12<=30,AP12<=40,AP12>=30),AP12-30,IF(AND(AO12>=30,AP12>=40),40-AO12,0)))) -> 0 | AV12: =IF(AN12>0, 1, 0) -> 0 | BA12: =IF(AND(AY12<=10,AZ12<=10),AZ12-AY12,MAX(0,10-AY12)) -> 0 | BB12: =IF(AND(AY12<=10,AZ12>=20),10,IF(AND(AY12>=10,AZ12<=20),AZ12-AY12,IF(AND(AY12<=10,AZ12<=20,AZ12>=10),AZ12-10,IF(AND(AY12>=10,AZ12>=20),MAX(0,20-AY12),0)))) -> 0 | BC12: =IF(AND(AY12<=20,AZ12>=30),10,IF(AND(AY12>=20,AZ12<=30),AZ12-AY12,IF(AND(AY12<=20,AZ12<=30,AZ12>=20),AZ12-20,IF(AND(AY12>=20,AZ12>=30),30-AY12,0)))) -> 0 | BD12: =IF(AND(AY12<=30,AZ12>=40),10,IF(AND(AY12>=30,AZ12<=40),AZ12-AY12,IF(AND(AY12<=30,AZ12<=40,AZ12>=30),AZ12-30,IF(AND(AY12>=30,AZ12>=40),40-AY12,0)))) -> 0 | BF12: =IF(AX12>0, 1, 0) -> 0 | BP12: =IF(OR(BI12="YES",BL12="YES"), 1, 0) -> 0
E13: =IF(A13= "","",1) | I13: =IF(K13>0, 1, 0) -> 0 | N13: =IF(AND(L13<=10,M13<=10),M13-L13,MAX(0,10-L13)) -> 0 | O13: =IF(AND(L13<=10,M13>=20),10,IF(AND(L13>=10,M13<=20),M13-L13,IF(AND(L13<=10,M13<=20,M13>=10),M13-10,IF(AND(L13>=10,M13>=20),MAX(0,20-L13),0)))) -> 0 | P13: =IF(AND(L13<=20,M13>=30),10,IF(AND(L13>=20,M13<=30),M13-L13,IF(AND(L13<=20,M13<=30,M13>=20),M13-20,IF(AND(L13>=20,M13>=30),30-L13,0)))) -> 0 | Q13: =IF(AND(L13<=30,M13>=40),10,IF(AND(L13>=30,M13<=40),M13-L13,IF(AND(L13<=30,M13<=40,M13>=30),M13-30,IF(AND(L13>=30,M13>=40),40-L13,0)))) -> 0 | W13: =IF(AND(U13<=10,V13<=10),V13-U13,MAX(0,10-U13)) -> 0 | X13: =IF(AND(U13<=10,V13>=20),10,IF(AND(U13>=10,V13<=20),V13-U13,IF(AND(U13<=10,V13<=20,V13>=10),V13-10,IF(AND(U13>=10,V13>=20),MAX(0,20-U13),0)))) -> 0 | Y13: =IF(AND(U13<=20,V13>=30),10,IF(AND(U13>=20,V13<=30),V13-U13,IF(AND(U13<=20,V13<=30,V13>=20),V13-20,IF(AND(U13>=20,V13>=30),30-U13,0)))) -> 0 | Z13: =IF(AND(U13<=30,V13>=40),10,IF(AND(U13>=30,V13<=40),V13-U13,IF(AND(U13<=30,V13<=40,V13>=30),V13-30,IF(AND(U13>=30,V13>=40),40-U13,0)))) -> 0 | AB13: =IF(T13>0, 1, 0) -> 0 | AG13: =IF(AND(AE13<=10,AF13<=10),AF13-AE13,MAX(0,10-AE13)) -> 0 | AH13: =IF(AND(AE13<=10,AF13>=20),10,IF(AND(AE13>=10,AF13<=20),AF13-AE13,IF(AND(AE13<=10,AF13<=20,AF13>=10),AF13-10,IF(AND(AE13>=10,AF13>=20),MAX(0,20-AE13),0)))) -> 0 | AI13: =IF(AND(AE13<=20,AF13>=30),10,IF(AND(AE13>=20,AF13<=30),AF13-AE13,IF(AND(AE13<=20,AF13<=30,AF13>=20),AF13-20,IF(AND(AE13>=20,AF13>=30),30-AE13,0)))) -> 0 | AJ13: =IF(AND(AE13<=30,AF13>=40),10,IF(AND(AE13>=30,AF13<=40),AF13-AE13,IF(AND(AE13<=30,AF13<=40,AF13>=30),AF13-30,IF(AND(AE13>=30,AF13>=40),40-AE13,0)))) -> 0 | AL13: =IF(AD13>0, 1, 0) -> 0 | AQ13: =IF(AND(AO13<=10,AP13<=10),AP13-AO13,MAX(0,10-AO13)) -> 0 | AR13: =IF(AND(AO13<=10,AP13>=20),10,IF(AND(AO13>=10,AP13<=20),AP13-AO13,IF(AND(AO13<=10,AP13<=20,AP13>=10),AP13-10,IF(AND(AO13>=10,AP13>=20),MAX(0,20-AO13),0)))) -> 0 | AS13: =IF(AND(AO13<=20,AP13>=30),10,IF(AND(AO13>=20,AP13<=30),AP13-AO13,IF(AND(AO13<=20,AP13<=30,AP13>=20),AP13-20,IF(AND(AO13>=20,AP13>=30),30-AO13,0)))) -> 0 | AT13: =IF(AND(AO13<=30,AP13>=40),10,IF(AND(AO13>=30,AP13<=40),AP13-AO13,IF(AND(AO13<=30,AP13<=40,AP13>=30),AP13-30,IF(AND(AO13>=30,AP13>=40),40-AO13,0)))) -> 0 | AV13: =IF(AN13>0, 1, 0) -> 0 | BA13: =IF(AND(AY13<=10,AZ13<=10),AZ13-AY13,MAX(0,10-AY13)) -> 0 | BB13: =IF(AND(AY13<=10,AZ13>=20),10,IF(AND(AY13>=10,AZ13<=20),AZ13-AY13,IF(AND(AY13<=10,AZ13<=20,AZ13>=10),AZ13-10,IF(AND(AY13>=10,AZ13>=20),MAX(0,20-AY13),0)))) -> 0 | BC13: =IF(AND(AY13<=20,AZ13>=30),10,IF(AND(AY13>=20,AZ13<=30),AZ13-AY13,IF(AND(AY13<=20,AZ13<=30,AZ13>=20),AZ13-20,IF(AND(AY13>=20,AZ13>=30),30-AY13,0)))) -> 0 | BD13: =IF(AND(AY13<=30,AZ13>=40),10,IF(AND(AY13>=30,AZ13<=40),AZ13-AY13,IF(AND(AY13<=30,AZ13<=40,AZ13>=30),AZ13-30,IF(AND(AY13>=30,AZ13>=40),40-AY13,0)))) -> 0 | BF13: =IF(AX13>0, 1, 0) -> 0 | BP13: =IF(OR(BI13="YES",BL13="YES"), 1, 0) -> 0
E14: =IF(A14= "","",1) | I14: =IF(K14>0, 1, 0) -> 0 | N14: =IF(AND(L14<=10,M14<=10),M14-L14,MAX(0,10-L14)) -> 0 | O14: =IF(AND(L14<=10,M14>=20),10,IF(AND(L14>=10,M14<=20),M14-L14,IF(AND(L14<=10,M14<=20,M14>=10),M14-10,IF(AND(L14>=10,M14>=20),MAX(0,20-L14),0)))) -> 0 | P14: =IF(AND(L14<=20,M14>=30),10,IF(AND(L14>=20,M14<=30),M14-L14,IF(AND(L14<=20,M14<=30,M14>=20),M14-20,IF(AND(L14>=20,M14>=30),30-L14,0)))) -> 0 | Q14: =IF(AND(L14<=30,M14>=40),10,IF(AND(L14>=30,M14<=40),M14-L14,IF(AND(L14<=30,M14<=40,M14>=30),M14-30,IF(AND(L14>=30,M14>=40),40-L14,0)))) -> 0 | W14: =IF(AND(U14<=10,V14<=10),V14-U14,MAX(0,10-U14)) -> 0 | X14: =IF(AND(U14<=10,V14>=20),10,IF(AND(U14>=10,V14<=20),V14-U14,IF(AND(U14<=10,V14<=20,V14>=10),V14-10,IF(AND(U14>=10,V14>=20),MAX(0,20-U14),0)))) -> 0 | Y14: =IF(AND(U14<=20,V14>=30),10,IF(AND(U14>=20,V14<=30),V14-U14,IF(AND(U14<=20,V14<=30,V14>=20),V14-20,IF(AND(U14>=20,V14>=30),30-U14,0)))) -> 0 | Z14: =IF(AND(U14<=30,V14>=40),10,IF(AND(U14>=30,V14<=40),V14-U14,IF(AND(U14<=30,V14<=40,V14>=30),V14-30,IF(AND(U14>=30,V14>=40),40-U14,0)))) -> 0 | AB14: =IF(T14>0, 1, 0) -> 0 | AG14: =IF(AND(AE14<=10,AF14<=10),AF14-AE14,MAX(0,10-AE14)) -> 0 | AH14: =IF(AND(AE14<=10,AF14>=20),10,IF(AND(AE14>=10,AF14<=20),AF14-AE14,IF(AND(AE14<=10,AF14<=20,AF14>=10),AF14-10,IF(AND(AE14>=10,AF14>=20),MAX(0,20-AE14),0)))) -> 0 | AI14: =IF(AND(AE14<=20,AF14>=30),10,IF(AND(AE14>=20,AF14<=30),AF14-AE14,IF(AND(AE14<=20,AF14<=30,AF14>=20),AF14-20,IF(AND(AE14>=20,AF14>=30),30-AE14,0)))) -> 0 | AJ14: =IF(AND(AE14<=30,AF14>=40),10,IF(AND(AE14>=30,AF14<=40),AF14-AE14,IF(AND(AE14<=30,AF14<=40,AF14>=30),AF14-30,IF(AND(AE14>=30,AF14>=40),40-AE14,0)))) -> 0 | AL14: =IF(AD14>0, 1, 0) -> 0 | AQ14: =IF(AND(AO14<=10,AP14<=10),AP14-AO14,MAX(0,10-AO14)) -> 0 | AR14: =IF(AND(AO14<=10,AP14>=20),10,IF(AND(AO14>=10,AP14<=20),AP14-AO14,IF(AND(AO14<=10,AP14<=20,AP14>=10),AP14-10,IF(AND(AO14>=10,AP14>=20),MAX(0,20-AO14),0)))) -> 0 | AS14: =IF(AND(AO14<=20,AP14>=30),10,IF(AND(AO14>=20,AP14<=30),AP14-AO14,IF(AND(AO14<=20,AP14<=30,AP14>=20),AP14-20,IF(AND(AO14>=20,AP14>=30),30-AO14,0)))) -> 0 | AT14: =IF(AND(AO14<=30,AP14>=40),10,IF(AND(AO14>=30,AP14<=40),AP14-AO14,IF(AND(AO14<=30,AP14<=40,AP14>=30),AP14-30,IF(AND(AO14>=30,AP14>=40),40-AO14,0)))) -> 0 | AV14: =IF(AN14>0, 1, 0) -> 0 | BA14: =IF(AND(AY14<=10,AZ14<=10),AZ14-AY14,MAX(0,10-AY14)) -> 0 | BB14: =IF(AND(AY14<=10,AZ14>=20),10,IF(AND(AY14>=10,AZ14<=20),AZ14-AY14,IF(AND(AY14<=10,AZ14<=20,AZ14>=10),AZ14-10,IF(AND(AY14>=10,AZ14>=20),MAX(0,20-AY14),0)))) -> 0 | BC14: =IF(AND(AY14<=20,AZ14>=30),10,IF(AND(AY14>=20,AZ14<=30),AZ14-AY14,IF(AND(AY14<=20,AZ14<=30,AZ14>=20),AZ14-20,IF(AND(AY14>=20,AZ14>=30),30-AY14,0)))) -> 0 | BD14: =IF(AND(AY14<=30,AZ14>=40),10,IF(AND(AY14>=30,AZ14<=40),AZ14-AY14,IF(AND(AY14<=30,AZ14<=40,AZ14>=30),AZ14-30,IF(AND(AY14>=30,AZ14>=40),40-AY14,0)))) -> 0 | BF14: =IF(AX14>0, 1, 0) -> 0 | BP14: =IF(OR(BI14="YES",BL14="YES"), 1, 0) -> 0
... E27: =IF(A27= "","",1) | I27: =IF(K27>0, 1, 0) -> 0 | N27: =IF(AND(L27<=10,M27<=10),M27-L27,MAX(0,10-L27)) -> 0 | O27: =IF(AND(L27<=10,M27>=20),10,IF(AND(L27>=10,M27<=20),M27-L27,IF(AND(L27<=10,M27<=20,M27>=10),M27-10,IF(AND(L27>=10,M27>=20),MAX(0,20-L27),0)))) -> 0 | P27: =IF(AND(L27<=20,M27>=30),10,IF(AND(L27>=20,M27<=30),M27-L27,IF(AND(L27<=20,M27<=30,M27>=20),M27-20,IF(AND(L27>=20,M27>=30),30-L27,0)))) -> 0 | Q27: =IF(AND(L27<=30,M27>=40),10,IF(AND(L27>=30,M27<=40),M27-L27,IF(AND(L27<=30,M27<=40,M27>=30),M27-30,IF(AND(L27>=30,M27>=40),40-L27,0)))) -> 0 | W27: =IF(AND(U27<=10,V27<=10),V27-U27,MAX(0,10-U27)) -> 0 | X27: =IF(AND(U27<=10,V27>=20),10,IF(AND(U27>=10,V27<=20),V27-U27,IF(AND(U27<=10,V27<=20,V27>=10),V27-10,IF(AND(U27>=10,V27>=20),MAX(0,20-U27),0)))) -> 0 | Y27: =IF(AND(U27<=20,V27>=30),10,IF(AND(U27>=20,V27<=30),V27-U27,IF(AND(U27<=20,V27<=30,V27>=20),V27-20,IF(AND(U27>=20,V27>=30),30-U27,0)))) -> 0 | Z27: =IF(AND(U27<=30,V27>=40),10,IF(AND(U27>=30,V27<=40),V27-U27,IF(AND(U27<=30,V27<=40,V27>=30),V27-30,IF(AND(U27>=30,V27>=40),40-U27,0)))) -> 0 | AB27: =IF(T27>0, 1, 0) -> 0 | AG27: =IF(AND(AE27<=10,AF27<=10),AF27-AE27,MAX(0,10-AE27)) -> 0 | AH27: =IF(AND(AE27<=10,AF27>=20),10,IF(AND(AE27>=10,AF27<=20),AF27-AE27,IF(AND(AE27<=10,AF27<=20,AF27>=10),AF27-10,IF(AND(AE27>=10,AF27>=20),MAX(0,20-AE27),0)))) -> 0 | AI27: =IF(AND(AE27<=20,AF27>=30),10,IF(AND(AE27>=20,AF27<=30),AF27-AE27,IF(AND(AE27<=20,AF27<=30,AF27>=20),AF27-20,IF(AND(AE27>=20,AF27>=30),30-AE27,0)))) -> 0 | AJ27: =IF(AND(AE27<=30,AF27>=40),10,IF(AND(AE27>=30,AF27<=40),AF27-AE27,IF(AND(AE27<=30,AF27<=40,AF27>=30),AF27-30,IF(AND(AE27>=30,AF27>=40),40-AE27,0)))) -> 0 | AL27: =IF(AD27>0, 1, 0) -> 0 | AQ27: =IF(AND(AO27<=10,AP27<=10),AP27-AO27,MAX(0,10-AO27)) -> 0 | AR27: =IF(AND(AO27<=10,AP27>=20),10,IF(AND(AO27>=10,AP27<=20),AP27-AO27,IF(AND(AO27<=10,AP27<=20,AP27>=10),AP27-10,IF(AND(AO27>=10,AP27>=20),MAX(0,20-AO27),0)))) -> 0 | AS27: =IF(AND(AO27<=20,AP27>=30),10,IF(AND(AO27>=20,AP27<=30),AP27-AO27,IF(AND(AO27<=20,AP27<=30,AP27>=20),AP27-20,IF(AND(AO27>=20,AP27>=30),30-AO27,0)))) -> 0 | AT27: =IF(AND(AO27<=30,AP27>=40),10,IF(AND(AO27>=30,AP27<=40),AP27-AO27,IF(AND(AO27<=30,AP27<=40,AP27>=30),AP27-30,IF(AND(AO27>=30,AP27>=40),40-AO27,0)))) -> 0 | AV27: =IF(AN27>0, 1, 0) -> 0 | BA27: =IF(AND(AY27<=10,AZ27<=10),AZ27-AY27,MAX(0,10-AY27)) -> 0 | BB27: =IF(AND(AY27<=10,AZ27>=20),10,IF(AND(AY27>=10,AZ27<=20),AZ27-AY27,IF(AND(AY27<=10,AZ27<=20,AZ27>=10),AZ27-10,IF(AND(AY27>=10,AZ27>=20),MAX(0,20-AY27),0)))) -> 0 | BC27: =IF(AND(AY27<=20,AZ27>=30),10,IF(AND(AY27>=20,AZ27<=30),AZ27-AY27,IF(AND(AY27<=20,AZ27<=30,AZ27>=20),AZ27-20,IF(AND(AY27>=20,AZ27>=30),30-AY27,0)))) -> 0 | BD27: =IF(AND(AY27<=30,AZ27>=40),10,IF(AND(AY27>=30,AZ27<=40),AZ27-AY27,IF(AND(AY27<=30,AZ27<=40,AZ27>=30),AZ27-30,IF(AND(AY27>=30,AZ27>=40),40-AY27,0)))) -> 0 | BF27: =IF(AX27>0, 1, 0) -> 0 | BP27: =IF(OR(BI27="YES",BL27="YES"), 1, 0) -> 0
E28: =IF(A28= "","",1) | I28: =IF(K28>0, 1, 0) -> 0 | N28: =IF(AND(L28<=10,M28<=10),M28-L28,MAX(0,10-L28)) -> 0 | O28: =IF(AND(L28<=10,M28>=20),10,IF(AND(L28>=10,M28<=20),M28-L28,IF(AND(L28<=10,M28<=20,M28>=10),M28-10,IF(AND(L28>=10,M28>=20),MAX(0,20-L28),0)))) -> 0 | P28: =IF(AND(L28<=20,M28>=30),10,IF(AND(L28>=20,M28<=30),M28-L28,IF(AND(L28<=20,M28<=30,M28>=20),M28-20,IF(AND(L28>=20,M28>=30),30-L28,0)))) -> 0 | Q28: =IF(AND(L28<=30,M28>=40),10,IF(AND(L28>=30,M28<=40),M28-L28,IF(AND(L28<=30,M28<=40,M28>=30),M28-30,IF(AND(L28>=30,M28>=40),40-L28,0)))) -> 0 | W28: =IF(AND(U28<=10,V28<=10),V28-U28,MAX(0,10-U28)) -> 0 | X28: =IF(AND(U28<=10,V28>=20),10,IF(AND(U28>=10,V28<=20),V28-U28,IF(AND(U28<=10,V28<=20,V28>=10),V28-10,IF(AND(U28>=10,V28>=20),MAX(0,20-U28),0)))) -> 0 | Y28: =IF(AND(U28<=20,V28>=30),10,IF(AND(U28>=20,V28<=30),V28-U28,IF(AND(U28<=20,V28<=30,V28>=20),V28-20,IF(AND(U28>=20,V28>=30),MAX(0,30-U28),0)))) -> 0 | Z28: =IF(AND(U28<=30,V28>=40),10,IF(AND(U28>=30,V28<=40),V28-U28,IF(AND(U28<=30,V28<=40,V28>=30),V28-30,IF(AND(U28>=30,V28>=40),40-U28,0)))) -> 0 | AB28: =IF(T28>0, 1, 0) -> 0 | AG28: =IF(AND(AE28<=10,AF28<=10),AF28-AE28,MAX(0,10-AE28)) -> 0 | AH28: =IF(AND(AE28<=10,AF28>=20),10,IF(AND(AE28>=10,AF28<=20),AF28-AE28,IF(AND(AE28<=10,AF28<=20,AF28>=10),AF28-10,IF(AND(AE28>=10,AF28>=20),MAX(0,20-AE28),0)))) -> 0 | AI28: =IF(AND(AE28<=20,AF28>=30),10,IF(AND(AE28>=20,AF28<=30),AF28-AE28,IF(AND(AE28<=20,AF28<=30,AF28>=20),AF28-20,IF(AND(AE28>=20,AF28>=30),30-AE28,0)))) -> 0 | AJ28: =IF(AND(AE28<=30,AF28>=40),10,IF(AND(AE28>=30,AF28<=40),AF28-AE28,IF(AND(AE28<=30,AF28<=40,AF28>=30),AF28-30,IF(AND(AE28>=30,AF28>=40),40-AE28,0)))) -> 0 | AL28: =IF(AD28>0, 1, 0) -> 0 | AQ28: =IF(AND(AO28<=10,AP28<=10),AP28-AO28,MAX(0,10-AO28)) -> 0 | AR28: =IF(AND(AO28<=10,AP28>=20),10,IF(AND(AO28>=10,AP28<=20),AP28-AO28,IF(AND(AO28<=10,AP28<=20,AP28>=10),AP28-10,IF(AND(AO28>=10,AP28>=20),MAX(0,20-AO28),0)))) -> 0 | AS28: =IF(AND(AO28<=20,AP28>=30),10,IF(AND(AO28>=20,AP28<=30),AP28-AO28,IF(AND(AO28<=20,AP28<=30,AP28>=20),AP28-20,IF(AND(AO28>=20,AP28>=30),MAX(0,30-AO28),0)))) -> 0 | AT28: =IF(AND(AO28<=30,AP28>=40),10,IF(AND(AO28>=30,AP28<=40),AP28-AO28,IF(AND(AO28<=30,AP28<=40,AP28>=30),AP28-30,IF(AND(AO28>=30,AP28>=40),40-AO28,0)))) -> 0 | AV28: =IF(AN28>0, 1, 0) -> 0 | BA28: =IF(AND(AY28<=10,AZ28<=10),AZ28-AY28,MAX(0,10-AY28)) -> 0 | BB28: =IF(AND(AY28<=10,AZ28>=20),10,IF(AND(AY28>=10,AZ28<=20),AZ28-AY28,IF(AND(AY28<=10,AZ28<=20,AZ28>=10),AZ28-10,IF(AND(AY28>=10,AZ28>=20),MAX(0,20-AY28),0)))) -> 0 | BC28: =IF(AND(AY28<=20,AZ28>=30),10,IF(AND(AY28>=20,AZ28<=30),AZ28-AY28,IF(AND(AY28<=20,AZ28<=30,AZ28>=20),AZ28-20,IF(AND(AY28>=20,AZ28>=30),30-AY28,0)))) -> 0 | BD28: =IF(AND(AY28<=30,AZ28>=40),10,IF(AND(AY28>=30,AZ28<=40),AZ28-AY28,IF(AND(AY28<=30,AZ28<=40,AZ28>=30),AZ28-30,IF(AND(AY28>=30,AZ28>=40),40-AY28,0)))) -> 0 | BF28: =IF(AX28>0, 1, 0) -> 0 | BP28: =IF(OR(BI28="YES",BL28="YES"), 1, 0) -> 0
E29: =IF(A29= "","",1) | I29: =IF(K29>0, 1, 0) -> 0 | N29: =IF(AND(L29<=10,M29<=10),M29-L29,MAX(0,10-L29)) -> 0 | O29: =IF(AND(L29<=10,M29>=20),10,IF(AND(L29>=10,M29<=20),M29-L29,IF(AND(L29<=10,M29<=20,M29>=10),M29-10,IF(AND(L29>=10,M29>=20),MAX(0,20-L29),0)))) -> 0 | P29: =IF(AND(L29<=20,M29>=30),10,IF(AND(L29>=20,M29<=30),M29-L29,IF(AND(L29<=20,M29<=30,M29>=20),M29-20,IF(AND(L29>=20,M29>=30),30-L29,0)))) -> 0 | Q29: =IF(AND(L29<=30,M29>=40),10,IF(AND(L29>=30,M29<=40),M29-L29,IF(AND(L29<=30,M29<=40,M29>=30),M29-30,IF(AND(L29>=30,M29>=40),40-L29,0)))) -> 0 | W29: =IF(AND(U29<=10,V29<=10),V29-U29,MAX(0,10-U29)) -> 0 | X29: =IF(AND(U29<=10,V29>=20),10,IF(AND(U29>=10,V29<=20),V29-U29,IF(AND(U29<=10,V29<=20,V29>=10),V29-10,IF(AND(U29>=10,V29>=20),MAX(0,20-U29),0)))) -> 0 | Y29: =IF(AND(U29<=20,V29>=30),10,IF(AND(U29>=20,V29<=30),V29-U29,IF(AND(U29<=20,V29<=30,V29>=20),V29-20,IF(AND(U29>=20,V29>=30),30-U29,0)))) -> 0 | Z29: =IF(AND(U29<=30,V29>=40),10,IF(AND(U29>=30,V29<=40),V29-U29,IF(AND(U29<=30,V29<=40,V29>=30),V29-30,IF(AND(U29>=30,V29>=40),40-U29,0)))) -> 0 | AB29: =IF(T29>0, 1, 0) -> 0 | AG29: =IF(AND(AE29<=10,AF29<=10),AF29-AE29,MAX(0,10-AE29)) -> 0 | AH29: =IF(AND(AE29<=10,AF29>=20),10,IF(AND(AE29>=10,AF29<=20),AF29-AE29,IF(AND(AE29<=10,AF29<=20,AF29>=10),AF29-10,IF(AND(AE29>=10,AF29>=20),MAX(0,20-AE29),0)))) -> 0 | AI29: =IF(AND(AE29<=20,AF29>=30),10,IF(AND(AE29>=20,AF29<=30),AF29-AE29,IF(AND(AE29<=20,AF29<=30,AF29>=20),AF29-20,IF(AND(AE29>=20,AF29>=30),30-AE29,0)))) -> 0 | AJ29: =IF(AND(AE29<=30,AF29>=40),10,IF(AND(AE29>=30,AF29<=40),AF29-AE29,IF(AND(AE29<=30,AF29<=40,AF29>=30),AF29-30,IF(AND(AE29>=30,AF29>=40),40-AE29,0)))) -> 0 | AL29: =IF(AD29>0, 1, 0) -> 0 | AQ29: =IF(AND(AO29<=10,AP29<=10),AP29-AO29,MAX(0,10-AO29)) -> 0 | AR29: =IF(AND(AO29<=10,AP29>=20),10,IF(AND(AO29>=10,AP29<=20),AP29-AO29,IF(AND(AO29<=10,AP29<=20,AP29>=10),AP29-10,IF(AND(AO29>=10,AP29>=20),MAX(0,20-AO29),0)))) -> 0 | AS29: =IF(AND(AO29<=20,AP29>=30),10,IF(AND(AO29>=20,AP29<=30),AP29-AO29,IF(AND(AO29<=20,AP29<=30,AP29>=20),AP29-20,IF(AND(AO29>=20,AP29>=30),30-AO29,0)))) -> 0 | AT29: =IF(AND(AO29<=30,AP29>=40),10,IF(AND(AO29>=30,AP29<=40),AP29-AO29,IF(AND(AO29<=30,AP29<=40,AP29>=30),AP29-30,IF(AND(AO29>=30,AP29>=40),40-AO29,0)))) -> 0 | AV29: =IF(AN29>0, 1, 0) -> 0 | BA29: =IF(AND(AY29<=10,AZ29<=10),AZ29-AY29,MAX(0,10-AY29)) -> 0 | BB29: =IF(AND(AY29<=10,AZ29>=20),10,IF(AND(AY29>=10,AZ29<=20),AZ29-AY29,IF(AND(AY29<=10,AZ29<=20,AZ29>=10),AZ29-10,IF(AND(AY29>=10,AZ29>=20),MAX(0,20-AY29),0)))) -> 0 | BC29: =IF(AND(AY29<=20,AZ29>=30),10,IF(AND(AY29>=20,AZ29<=30),AZ29-AY29,IF(AND(AY29<=20,AZ29<=30,AZ29>=20),AZ29-20,IF(AND(AY29>=20,AZ29>=30),30-AY29,0)))) -> 0 | BD29: =IF(AND(AY29<=30,AZ29>=40),10,IF(AND(AY29>=30,AZ29<=40),AZ29-AY29,IF(AND(AY29<=30,AZ29<=40,AZ29>=30),AZ29-30,IF(AND(AY29>=30,AZ29>=40),40-AY29,0)))) -> 0 | BF29: =IF(AX29>0, 1, 0) -> 0 | BP29: =IF(OR(BI29="YES",BL29="YES"), 1, 0) -> 0
E30: =IF(A30= "","",1) | I30: =IF(K30>0, 1, 0) -> 0 | N30: =IF(AND(L30<=10,M30<=10),M30-L30,MAX(0,10-L30)) -> 0 | O30: =IF(AND(L30<=10,M30>=20),10,IF(AND(L30>=10,M30<=20),M30-L30,IF(AND(L30<=10,M30<=20,M30>=10),M30-10,IF(AND(L30>=10,M30>=20),MAX(0,20-L30),0)))) -> 0 | P30: =IF(AND(L30<=20,M30>=30),10,IF(AND(L30>=20,M30<=30),M30-L30,IF(AND(L30<=20,M30<=30,M30>=20),M30-20,IF(AND(L30>=20,M30>=30),30-L30,0)))) -> 0 | Q30: =IF(AND(L30<=30,M30>=40),10,IF(AND(L30>=30,M30<=40),M30-L30,IF(AND(L30<=30,M30<=40,M30>=30),M30-30,IF(AND(L30>=30,M30>=40),40-L30,0)))) -> 0 | W30: =IF(AND(U30<=10,V30<=10),V30-U30,MAX(0,10-U30)) -> 0 | X30: =IF(AND(U30<=10,V30>=20),10,IF(AND(U30>=10,V30<=20),V30-U30,IF(AND(U30<=10,V30<=20,V30>=10),V30-10,IF(AND(U30>=10,V30>=20),MAX(0,20-U30),0)))) -> 0 | Y30: =IF(AND(U30<=20,V30>=30),10,IF(AND(U30>=20,V30<=30),V30-U30,IF(AND(U30<=20,V30<=30,V30>=20),V30-20,IF(AND(U30>=20,V30>=30),30-U30,0)))) -> 0 | Z30: =IF(AND(U30<=30,V30>=40),10,IF(AND(U30>=30,V30<=40),V30-U30,IF(AND(U30<=30,V30<=40,V30>=30),V30-30,IF(AND(U30>=30,V30>=40),40-U30,0)))) -> 0 | AB30: =IF(T30>0, 1, 0) -> 0 | AG30: =IF(AND(AE30<=10,AF30<=10),AF30-AE30,MAX(0,10-AE30)) -> 0 | AH30: =IF(AND(AE30<=10,AF30>=20),10,IF(AND(AE30>=10,AF30<=20),AF30-AE30,IF(AND(AE30<=10,AF30<=20,AF30>=10),AF30-10,IF(AND(AE30>=10,AF30>=20),MAX(0,20-AE30),0)))) -> 0 | AI30: =IF(AND(AE30<=20,AF30>=30),10,IF(AND(AE30>=20,AF30<=30),AF30-AE30,IF(AND(AE30<=20,AF30<=30,AF30>=20),AF30-20,IF(AND(AE30>=20,AF30>=30),30-AE30,0)))) -> 0 | AJ30: =IF(AND(AE30<=30,AF30>=40),10,IF(AND(AE30>=30,AF30<=40),AF30-AE30,IF(AND(AE30<=30,AF30<=40,AF30>=30),AF30-30,IF(AND(AE30>=30,AF30>=40),40-AE30,0)))) -> 0 | AL30: =IF(AD30>0, 1, 0) -> 0 | AQ30: =IF(AND(AO30<=10,AP30<=10),AP30-AO30,MAX(0,10-AO30)) -> 0 | AR30: =IF(AND(AO30<=10,AP30>=20),10,IF(AND(AO30>=10,AP30<=20),AP30-AO30,IF(AND(AO30<=10,AP30<=20,AP30>=10),AP30-10,IF(AND(AO30>=10,AP30>=20),MAX(0,20-AO30),0)))) -> 0 | AS30: =IF(AND(AO30<=20,AP30>=30),10,IF(AND(AO30>=20,AP30<=30),AP30-AO30,IF(AND(AO30<=20,AP30<=30,AP30>=20),AP30-20,IF(AND(AO30>=20,AP30>=30),30-AO30,0)))) -> 0 | AT30: =IF(AND(AO30<=30,AP30>=40),10,IF(AND(AO30>=30,AP30<=40),AP30-AO30,IF(AND(AO30<=30,AP30<=40,AP30>=30),AP30-30,IF(AND(AO30>=30,AP30>=40),40-AO30,0)))) -> 0 | AV30: =IF(AN30>0, 1, 0) -> 0 | BA30: =IF(AND(AY30<=10,AZ30<=10),AZ30-AY30,MAX(0,10-AY30)) -> 0 | BB30: =IF(AND(AY30<=10,AZ30>=20),10,IF(AND(AY30>=10,AZ30<=20),AZ30-AY30,IF(AND(AY30<=10,AZ30<=20,AZ30>=10),AZ30-10,IF(AND(AY30>=10,AZ30>=20),MAX(0,20-AY30),0)))) -> 0 | BC30: =IF(AND(AY30<=20,AZ30>=30),10,IF(AND(AY30>=20,AZ30<=30),AZ30-AY30,IF(AND(AY30<=20,AZ30<=30,AZ30>=20),AZ30-20,IF(AND(AY30>=20,AZ30>=30),30-AY30,0)))) -> 0 | BD30: =IF(AND(AY30<=30,AZ30>=40),10,IF(AND(AY30>=30,AZ30<=40),AZ30-AY30,IF(AND(AY30<=30,AZ30<=40,AZ30>=30),AZ30-30,IF(AND(AY30>=30,AZ30>=40),40-AY30,0)))) -> 0 | BF30: =IF(AX30>0, 1, 0) -> 0 | BP30: =IF(OR(BI30="YES",BL30="YES"), 1, 0) -> 0
E31: =IF(A31= "","",1) | I31: =IF(K31>0, 1, 0) -> 0 | N31: =IF(AND(L31<=10,M31<=10),M31-L31,MAX(0,10-L31)) -> 0 | O31: =IF(AND(L31<=10,M31>=20),10,IF(AND(L31>=10,M31<=20),M31-L31,IF(AND(L31<=10,M31<=20,M31>=10),M31-10,IF(AND(L31>=10,M31>=20),MAX(0,20-L31),0)))) -> 0 | P31: =IF(AND(L31<=20,M31>=30),10,IF(AND(L31>=20,M31<=30),M31-L31,IF(AND(L31<=20,M31<=30,M31>=20),M31-20,IF(AND(L31>=20,M31>=30),30-L31,0)))) -> 0 | Q31: =IF(AND(L31<=30,M31>=40),10,IF(AND(L31>=30,M31<=40),M31-L31,IF(AND(L31<=30,M31<=40,M31>=30),M31-30,IF(AND(L31>=30,M31>=40),40-L31,0)))) -> 0 | W31: =IF(AND(U31<=10,V31<=10),V31-U31,MAX(0,10-U31)) -> 0 | X31: =IF(AND(U31<=10,V31>=20),10,IF(AND(U31>=10,V31<=20),V31-U31,IF(AND(U31<=10,V31<=20,V31>=10),V31-10,IF(AND(U31>=10,V31>=20),MAX(0,20-U31),0)))) -> 0 | Y31: =IF(AND(U31<=20,V31>=30),10,IF(AND(U31>=20,V31<=30),V31-U31,IF(AND(U31<=20,V31<=30,V31>=20),V31-20,IF(AND(U31>=20,V31>=30),30-U31,0)))) -> 0 | Z31: =IF(AND(U31<=30,V31>=40),10,IF(AND(U31>=30,V31<=40),V31-U31,IF(AND(U31<=30,V31<=40,V31>=30),V31-30,IF(AND(U31>=30,V31>=40),40-U31,0)))) -> 0 | AB31: =IF(T31>0, 1, 0) -> 0 | AG31: =IF(AND(AE31<=10,AF31<=10),AF31-AE31,MAX(0,10-AE31)) -> 0 | AH31: =IF(AND(AE31<=10,AF31>=20),10,IF(AND(AE31>=10,AF31<=20),AF31-AE31,IF(AND(AE31<=10,AF31<=20,AF31>=10),AF31-10,IF(AND(AE31>=10,AF31>=20),MAX(0,20-AE31),0)))) -> 0 | AI31: =IF(AND(AE31<=20,AF31>=30),10,IF(AND(AE31>=20,AF31<=30),AF31-AE31,IF(AND(AE31<=20,AF31<=30,AF31>=20),AF31-20,IF(AND(AE31>=20,AF31>=30),30-AE31,0)))) -> 0 | AJ31: =IF(AND(AE31<=30,AF31>=40),10,IF(AND(AE31>=30,AF31<=40),AF31-AE31,IF(AND(AE31<=30,AF31<=40,AF31>=30),AF31-30,IF(AND(AE31>=30,AF31>=40),40-AE31,0)))) -> 0 | AL31: =IF(AD31>0, 1, 0) -> 0 | AQ31: =IF(AND(AO31<=10,AP31<=10),AP31-AO31,MAX(0,10-AO31)) -> 0 | AR31: =IF(AND(AO31<=10,AP31>=20),10,IF(AND(AO31>=10,AP31<=20),AP31-AO31,IF(AND(AO31<=10,AP31<=20,AP31>=10),AP31-10,IF(AND(AO31>=10,AP31>=20),MAX(0,20-AO31),0)))) -> 0 | AS31: =IF(AND(AO31<=20,AP31>=30),10,IF(AND(AO31>=20,AP31<=30),AP31-AO31,IF(AND(AO31<=20,AP31<=30,AP31>=20),AP31-20,IF(AND(AO31>=20,AP31>=30),30-AO31,0)))) -> 0 | AT31: =IF(AND(AO31<=30,AP31>=40),10,IF(AND(AO31>=30,AP31<=40),AP31-AO31,IF(AND(AO31<=30,AP31<=40,AP31>=30),AP31-30,IF(AND(AO31>=30,AP31>=40),40-AO31,0)))) -> 0 | AV31: =IF(AN31>0, 1, 0) -> 0 | BA31: =IF(AND(AY31<=10,AZ31<=10),AZ31-AY31,MAX(0,10-AY31)) -> 0 | BB31: =IF(AND(AY31<=10,AZ31>=20),10,IF(AND(AY31>=10,AZ31<=20),AZ31-AY31,IF(AND(AY31<=10,AZ31<=20,AZ31>=10),AZ31-10,IF(AND(AY31>=10,AZ31>=20),MAX(0,20-AY31),0)))) -> 0 | BC31: =IF(AND(AY31<=20,AZ31>=30),10,IF(AND(AY31>=20,AZ31<=30),AZ31-AY31,IF(AND(AY31<=20,AZ31<=30,AZ31>=20),AZ31-20,IF(AND(AY31>=20,AZ31>=30),30-AY31,0)))) -> 0 | BD31: =IF(AND(AY31<=30,AZ31>=40),10,IF(AND(AY31>=30,AZ31<=40),AZ31-AY31,IF(AND(AY31<=30,AZ31<=40,AZ31>=30),AZ31-30,IF(AND(AY31>=30,AZ31>=40),40-AY31,0)))) -> 0 | BF31: =IF(AX31>0, 1, 0) -> 0 | BP31: =IF(OR(BI31="YES",BL31="YES"), 1, 0) -> 0
E32: =IF(A32= "","",1) | I32: =IF(K32>0, 1, 0) -> 0 | N32: =IF(AND(L32<=10,M32<=10),M32-L32,MAX(0,10-L32)) -> 0 | O32: =IF(AND(L32<=10,M32>=20),10,IF(AND(L32>=10,M32<=20),M32-L32,IF(AND(L32<=10,M32<=20,M32>=10),M32-10,IF(AND(L32>=10,M32>=20),MAX(0,20-L32),0)))) -> 0 | P32: =IF(AND(L32<=20,M32>=30),10,IF(AND(L32>=20,M32<=30),M32-L32,IF(AND(L32<=20,M32<=30,M32>=20),M32-20,IF(AND(L32>=20,M32>=30),30-L32,0)))) -> 0 | Q32: =IF(AND(L32<=30,M32>=40),10,IF(AND(L32>=30,M32<=40),M32-L32,IF(AND(L32<=30,M32<=40,M32>=30),M32-30,IF(AND(L32>=30,M32>=40),40-L32,0)))) -> 0 | W32: =IF(AND(U32<=10,V32<=10),V32-U32,MAX(0,10-U32)) -> 0 | X32: =IF(AND(U32<=10,V32>=20),10,IF(AND(U32>=10,V32<=20),V32-U32,IF(AND(U32<=10,V32<=20,V32>=10),V32-10,IF(AND(U32>=10,V32>=20),MAX(0,20-U32),0)))) -> 0 | Y32: =IF(AND(U32<=20,V32>=30),10,IF(AND(U32>=20,V32<=30),V32-U32,IF(AND(U32<=20,V32<=30,V32>=20),V32-20,IF(AND(U32>=20,V32>=30),30-U32,0)))) -> 0 | Z32: =IF(AND(U32<=30,V32>=40),10,IF(AND(U32>=30,V32<=40),V32-U32,IF(AND(U32<=30,V32<=40,V32>=30),V32-30,IF(AND(U32>=30,V32>=40),40-U32,0)))) -> 0 | AB32: =IF(T32>0, 1, 0) -> 0 | AG32: =IF(AND(AE32<=10,AF32<=10),AF32-AE32,MAX(0,10-AE32)) -> 0 | AH32: =IF(AND(AE32<=10,AF32>=20),10,IF(AND(AE32>=10,AF32<=20),AF32-AE32,IF(AND(AE32<=10,AF32<=20,AF32>=10),AF32-10,IF(AND(AE32>=10,AF32>=20),MAX(0,20-AE32),0)))) -> 0 | AI32: =IF(AND(AE32<=20,AF32>=30),10,IF(AND(AE32>=20,AF32<=30),AF32-AE32,IF(AND(AE32<=20,AF32<=30,AF32>=20),AF32-20,IF(AND(AE32>=20,AF32>=30),30-AE32,0)))) -> 0 | AJ32: =IF(AND(AE32<=30,AF32>=40),10,IF(AND(AE32>=30,AF32<=40),AF32-AE32,IF(AND(AE32<=30,AF32<=40,AF32>=30),AF32-30,IF(AND(AE32>=30,AF32>=40),40-AE32,0)))) -> 0 | AL32: =IF(AD32>0, 1, 0) -> 0 | AQ32: =IF(AND(AO32<=10,AP32<=10),AP32-AO32,MAX(0,10-AO32)) -> 0 | AR32: =IF(AND(AO32<=10,AP32>=20),10,IF(AND(AO32>=10,AP32<=20),AP32-AO32,IF(AND(AO32<=10,AP32<=20,AP32>=10),AP32-10,IF(AND(AO32>=10,AP32>=20),MAX(0,20-AO32),0)))) -> 0 | AS32: =IF(AND(AO32<=20,AP32>=30),10,IF(AND(AO32>=20,AP32<=30),AP32-AO32,IF(AND(AO32<=20,AP32<=30,AP32>=20),AP32-20,IF(AND(AO32>=20,AP32>=30),30-AO32,0)))) -> 0 | AT32: =IF(AND(AO32<=30,AP32>=40),10,IF(AND(AO32>=30,AP32<=40),AP32-AO32,IF(AND(AO32<=30,AP32<=40,AP32>=30),AP32-30,IF(AND(AO32>=30,AP32>=40),40-AO32,0)))) -> 0 | AV32: =IF(AN32>0, 1, 0) -> 0 | BA32: =IF(AND(AY32<=10,AZ32<=10),AZ32-AY32,MAX(0,10-AY32)) -> 0 | BB32: =IF(AND(AY32<=10,AZ32>=20),10,IF(AND(AY32>=10,AZ32<=20),AZ32-AY32,IF(AND(AY32<=10,AZ32<=20,AZ32>=10),AZ32-10,IF(AND(AY32>=10,AZ32>=20),MAX(0,20-AY32),0)))) -> 0 | BC32: =IF(AND(AY32<=20,AZ32>=30),10,IF(AND(AY32>=20,AZ32<=30),AZ32-AY32,IF(AND(AY32<=20,AZ32<=30,AZ32>=20),AZ32-20,IF(AND(AY32>=20,AZ32>=30),30-AY32,0)))) -> 0 | BD32: =IF(AND(AY32<=30,AZ32>=40),10,IF(AND(AY32>=30,AZ32<=40),AZ32-AY32,IF(AND(AY32<=30,AZ32<=40,AZ32>=30),AZ32-30,IF(AND(AY32>=30,AZ32>=40),40-AY32,0)))) -> 0 | BF32: =IF(AX32>0, 1, 0) -> 0 | BP32: =IF(OR(BI32="YES",BL32="YES"), 1, 0) -> 0
E33: =IF(A33= "","",1) | I33: =IF(K33>0, 1, 0) -> 0 | N33: =IF(AND(L33<=10,M33<=10),M33-L33,MAX(0,10-L33)) -> 0 | O33: =IF(AND(L33<=10,M33>=20),10,IF(AND(L33>=10,M33<=20),M33-L33,IF(AND(L33<=10,M33<=20,M33>=10),M33-10,IF(AND(L33>=10,M33>=20),MAX(0,20-L33),0)))) -> 0 | P33: =IF(AND(L33<=20,M33>=30),10,IF(AND(L33>=20,M33<=30),M33-L33,IF(AND(L33<=20,M33<=30,M33>=20),M33-20,IF(AND(L33>=20,M33>=30),30-L33,0)))) -> 0 | Q33: =IF(AND(L33<=30,M33>=40),10,IF(AND(L33>=30,M33<=40),M33-L33,IF(AND(L33<=30,M33<=40,M33>=30),M33-30,IF(AND(L33>=30,M33>=40),40-L33,0)))) -> 0 | W33: =IF(AND(U33<=10,V33<=10),V33-U33,MAX(0,10-U33)) -> 0 | X33: =IF(AND(U33<=10,V33>=20),10,IF(AND(U33>=10,V33<=20),V33-U33,IF(AND(U33<=10,V33<=20,V33>=10),V33-10,IF(AND(U33>=10,V33>=20),MAX(0,20-U33),0)))) -> 0 | Y33: =IF(AND(U33<=20,V33>=30),10,IF(AND(U33>=20,V33<=30),V33-U33,IF(AND(U33<=20,V33<=30,V33>=20),V33-20,IF(AND(U33>=20,V33>=30),30-U33,0)))) -> 0 | Z33: =IF(AND(U33<=30,V33>=40),10,IF(AND(U33>=30,V33<=40),V33-U33,IF(AND(U33<=30,V33<=40,V33>=30),V33-30,IF(AND(U33>=30,V33>=40),40-U33,0)))) -> 0 | AB33: =IF(T33>0, 1, 0) -> 0 | AG33: =IF(AND(AE33<=10,AF33<=10),AF33-AE33,MAX(0,10-AE33)) -> 0 | AH33: =IF(AND(AE33<=10,AF33>=20),10,IF(AND(AE33>=10,AF33<=20),AF33-AE33,IF(AND(AE33<=10,AF33<=20,AF33>=10),AF33-10,IF(AND(AE33>=10,AF33>=20),MAX(0,20-AE33),0)))) -> 0 | AI33: =IF(AND(AE33<=20,AF33>=30),10,IF(AND(AE33>=20,AF33<=30),AF33-AE33,IF(AND(AE33<=20,AF33<=30,AF33>=20),AF33-20,IF(AND(AE33>=20,AF33>=30),30-AE33,0)))) -> 0 | AJ33: =IF(AND(AE33<=30,AF33>=40),10,IF(AND(AE33>=30,AF33<=40),AF33-AE33,IF(AND(AE33<=30,AF33<=40,AF33>=30),AF33-30,IF(AND(AE33>=30,AF33>=40),40-AE33,0)))) -> 0 | AL33: =IF(AD33>0, 1, 0) -> 0 | AQ33: =IF(AND(AO33<=10,AP33<=10),AP33-AO33,MAX(0,10-AO33)) -> 0 | AR33: =IF(AND(AO33<=10,AP33>=20),10,IF(AND(AO33>=10,AP33<=20),AP33-AO33,IF(AND(AO33<=10,AP33<=20,AP33>=10),AP33-10,IF(AND(AO33>=10,AP33>=20),MAX(0,20-AO33),0)))) -> 0 | AS33: =IF(AND(AO33<=20,AP33>=30),10,IF(AND(AO33>=20,AP33<=30),AP33-AO33,IF(AND(AO33<=20,AP33<=30,AP33>=20),AP33-20,IF(AND(AO33>=20,AP33>=30),30-AO33,0)))) -> 0 | AT33: =IF(AND(AO33<=30,AP33>=40),10,IF(AND(AO33>=30,AP33<=40),AP33-AO33,IF(AND(AO33<=30,AP33<=40,AP33>=30),AP33-30,IF(AND(AO33>=30,AP33>=40),40-AO33,0)))) -> 0 | AV33: =IF(AN33>0, 1, 0) -> 0 | BA33: =IF(AND(AY33<=10,AZ33<=10),AZ33-AY33,MAX(0,10-AY33)) -> 0 | BB33: =IF(AND(AY33<=10,AZ33>=20),10,IF(AND(AY33>=10,AZ33<=20),AZ33-AY33,IF(AND(AY33<=10,AZ33<=20,AZ33>=10),AZ33-10,IF(AND(AY33>=10,AZ33>=20),MAX(0,20-AY33),0)))) -> 0 | BC33: =IF(AND(AY33<=20,AZ33>=30),10,IF(AND(AY33>=20,AZ33<=30),AZ33-AY33,IF(AND(AY33<=20,AZ33<=30,AZ33>=20),AZ33-20,IF(AND(AY33>=20,AZ33>=30),30-AY33,0)))) -> 0 | BD33: =IF(AND(AY33<=30,AZ33>=40),10,IF(AND(AY33>=30,AZ33<=40),AZ33-AY33,IF(AND(AY33<=30,AZ33<=40,AZ33>=30),AZ33-30,IF(AND(AY33>=30,AZ33>=40),40-AY33,0)))) -> 0 | BF33: =IF(AX33>0, 1, 0) -> 0 | BP33: =IF(OR(BI33="YES",BL33="YES"), 1, 0) -> 0
E34: =IF(A34= "","",1) | I34: =IF(K34>0, 1, 0) -> 0 | N34: =IF(AND(L34<=10,M34<=10),M34-L34,MAX(0,10-L34)) -> 0 | O34: =IF(AND(L34<=10,M34>=20),10,IF(AND(L34>=10,M34<=20),M34-L34,IF(AND(L34<=10,M34<=20,M34>=10),M34-10,IF(AND(L34>=10,M34>=20),MAX(0,20-L34),0)))) -> 0 | P34: =IF(AND(L34<=20,M34>=30),10,IF(AND(L34>=20,M34<=30),M34-L34,IF(AND(L34<=20,M34<=30,M34>=20),M34-20,IF(AND(L34>=20,M34>=30),30-L34,0)))) -> 0 | Q34: =IF(AND(L34<=30,M34>=40),10,IF(AND(L34>=30,M34<=40),M34-L34,IF(AND(L34<=30,M34<=40,M34>=30),M34-30,IF(AND(L34>=30,M34>=40),40-L34,0)))) -> 0 | W34: =IF(AND(U34<=10,V34<=10),V34-U34,MAX(0,10-U34)) -> 0 | X34: =IF(AND(U34<=10,V34>=20),10,IF(AND(U34>=10,V34<=20),V34-U34,IF(AND(U34<=10,V34<=20,V34>=10),V34-10,IF(AND(U34>=10,V34>=20),MAX(0,20-U34),0)))) -> 0 | Y34: =IF(AND(U34<=20,V34>=30),10,IF(AND(U34>=20,V34<=30),V34-U34,IF(AND(U34<=20,V34<=30,V34>=20),V34-20,IF(AND(U34>=20,V34>=30),30-U34,0)))) -> 0 | Z34: =IF(AND(U34<=30,V34>=40),10,IF(AND(U34>=30,V34<=40),V34-U34,IF(AND(U34<=30,V34<=40,V34>=30),V34-30,IF(AND(U34>=30,V34>=40),40-U34,0)))) -> 0 | AB34: =IF(T34>0, 1, 0) -> 0 | AG34: =IF(AND(AE34<=10,AF34<=10),AF34-AE34,MAX(0,10-AE34)) -> 0 | AH34: =IF(AND(AE34<=10,AF34>=20),10,IF(AND(AE34>=10,AF34<=20),AF34-AE34,IF(AND(AE34<=10,AF34<=20,AF34>=10),AF34-10,IF(AND(AE34>=10,AF34>=20),MAX(0,20-AE34),0)))) -> 0 | AI34: =IF(AND(AE34<=20,AF34>=30),10,IF(AND(AE34>=20,AF34<=30),AF34-AE34,IF(AND(AE34<=20,AF34<=30,AF34>=20),AF34-20,IF(AND(AE34>=20,AF34>=30),30-AE34,0)))) -> 0 | AJ34: =IF(AND(AE34<=30,AF34>=40),10,IF(AND(AE34>=30,AF34<=40),AF34-AE34,IF(AND(AE34<=30,AF34<=40,AF34>=30),AF34-30,IF(AND(AE34>=30,AF34>=40),40-AE34,0)))) -> 0 | AL34: =IF(AD34>0, 1, 0) -> 0 | AQ34: =IF(AND(AO34<=10,AP34<=10),AP34-AO34,MAX(0,10-AO34)) -> 0 | AR34: =IF(AND(AO34<=10,AP34>=20),10,IF(AND(AO34>=10,AP34<=20),AP34-AO34,IF(AND(AO34<=10,AP34<=20,AP34>=10),AP34-10,IF(AND(AO34>=10,AP34>=20),MAX(0,20-AO34),0)))) -> 0 | AS34: =IF(AND(AO34<=20,AP34>=30),10,IF(AND(AO34>=20,AP34<=30),AP34-AO34,IF(AND(AO34<=20,AP34<=30,AP34>=20),AP34-20,IF(AND(AO34>=20,AP34>=30),30-AO34,0)))) -> 0 | AT34: =IF(AND(AO34<=30,AP34>=40),10,IF(AND(AO34>=30,AP34<=40),AP34-AO34,IF(AND(AO34<=30,AP34<=40,AP34>=30),AP34-30,IF(AND(AO34>=30,AP34>=40),40-AO34,0)))) -> 0 | AV34: =IF(AN34>0, 1, 0) -> 0 | BA34: =IF(AND(AY34<=10,AZ34<=10),AZ34-AY34,MAX(0,10-AY34)) -> 0 | BB34: =IF(AND(AY34<=10,AZ34>=20),10,IF(AND(AY34>=10,AZ34<=20),AZ34-AY34,IF(AND(AY34<=10,AZ34<=20,AZ34>=10),AZ34-10,IF(AND(AY34>=10,AZ34>=20),MAX(0,20-AY34),0)))) -> 0 | BC34: =IF(AND(AY34<=20,AZ34>=30),10,IF(AND(AY34>=20,AZ34<=30),AZ34-AY34,IF(AND(AY34<=20,AZ34<=30,AZ34>=20),AZ34-20,IF(AND(AY34>=20,AZ34>=30),30-AY34,0)))) -> 0 | BD34: =IF(AND(AY34<=30,AZ34>=40),10,IF(AND(AY34>=30,AZ34<=40),AZ34-AY34,IF(AND(AY34<=30,AZ34<=40,AZ34>=30),AZ34-30,IF(AND(AY34>=30,AZ34>=40),40-AY34,0)))) -> 0 | BF34: =IF(AX34>0, 1, 0) -> 0 | BP34: =IF(OR(BI34="YES",BL34="YES"), 1, 0) -> 0
E35: =IF(A35= "","",1) | I35: =IF(K35>0, 1, 0) -> 0 | N35: =IF(AND(L35<=10,M35<=10),M35-L35,MAX(0,10-L35)) -> 0 | O35: =IF(AND(L35<=10,M35>=20),10,IF(AND(L35>=10,M35<=20),M35-L35,IF(AND(L35<=10,M35<=20,M35>=10),M35-10,IF(AND(L35>=10,M35>=20),MAX(0,20-L35),0)))) -> 0 | P35: =IF(AND(L35<=20,M35>=30),10,IF(AND(L35>=20,M35<=30),M35-L35,IF(AND(L35<=20,M35<=30,M35>=20),M35-20,IF(AND(L35>=20,M35>=30),30-L35,0)))) -> 0 | Q35: =IF(AND(L35<=30,M35>=40),10,IF(AND(L35>=30,M35<=40),M35-L35,IF(AND(L35<=30,M35<=40,M35>=30),M35-30,IF(AND(L35>=30,M35>=40),40-L35,0)))) -> 0 | W35: =IF(AND(U35<=10,V35<=10),V35-U35,MAX(0,10-U35)) -> 0 | X35: =IF(AND(U35<=10,V35>=20),10,IF(AND(U35>=10,V35<=20),V35-U35,IF(AND(U35<=10,V35<=20,V35>=10),V35-10,IF(AND(U35>=10,V35>=20),MAX(0,20-U35),0)))) -> 0 | Y35: =IF(AND(U35<=20,V35>=30),10,IF(AND(U35>=20,V35<=30),V35-U35,IF(AND(U35<=20,V35<=30,V35>=20),V35-20,IF(AND(U35>=20,V35>=30),30-U35,0)))) -> 0 | Z35: =IF(AND(U35<=30,V35>=40),10,IF(AND(U35>=30,V35<=40),V35-U35,IF(AND(U35<=30,V35<=40,V35>=30),V35-30,IF(AND(U35>=30,V35>=40),40-U35,0)))) -> 0 | AB35: =IF(T35>0, 1, 0) -> 0 | AG35: =IF(AND(AE35<=10,AF35<=10),AF35-AE35,MAX(0,10-AE35)) -> 0 | AH35: =IF(AND(AE35<=10,AF35>=20),10,IF(AND(AE35>=10,AF35<=20),AF35-AE35,IF(AND(AE35<=10,AF35<=20,AF35>=10),AF35-10,IF(AND(AE35>=10,AF35>=20),MAX(0,20-AE35),0)))) -> 0 | AI35: =IF(AND(AE35<=20,AF35>=30),10,IF(AND(AE35>=20,AF35<=30),AF35-AE35,IF(AND(AE35<=20,AF35<=30,AF35>=20),AF35-20,IF(AND(AE35>=20,AF35>=30),30-AE35,0)))) -> 0 | AJ35: =IF(AND(AE35<=30,AF35>=40),10,IF(AND(AE35>=30,AF35<=40),AF35-AE35,IF(AND(AE35<=30,AF35<=40,AF35>=30),AF35-30,IF(AND(AE35>=30,AF35>=40),40-AE35,0)))) -> 0 | AL35: =IF(AD35>0, 1, 0) -> 0 | AQ35: =IF(AND(AO35<=10,AP35<=10),AP35-AO35,MAX(0,10-AO35)) -> 0 | AR35: =IF(AND(AO35<=10,AP35>=20),10,IF(AND(AO35>=10,AP35<=20),AP35-AO35,IF(AND(AO35<=10,AP35<=20,AP35>=10),AP35-10,IF(AND(AO35>=10,AP35>=20),MAX(0,20-AO35),0)))) -> 0 | AS35: =IF(AND(AO35<=20,AP35>=30),10,IF(AND(AO35>=20,AP35<=30),AP35-AO35,IF(AND(AO35<=20,AP35<=30,AP35>=20),AP35-20,IF(AND(AO35>=20,AP35>=30),30-AO35,0)))) -> 0 | AT35: =IF(AND(AO35<=30,AP35>=40),10,IF(AND(AO35>=30,AP35<=40),AP35-AO35,IF(AND(AO35<=30,AP35<=40,AP35>=30),AP35-30,IF(AND(AO35>=30,AP35>=40),40-AO35,0)))) -> 0 | AV35: =IF(AN35>0, 1, 0) -> 0 | BA35: =IF(AND(AY35<=10,AZ35<=10),AZ35-AY35,MAX(0,10-AY35)) -> 0 | BB35: =IF(AND(AY35<=10,AZ35>=20),10,IF(AND(AY35>=10,AZ35<=20),AZ35-AY35,IF(AND(AY35<=10,AZ35<=20,AZ35>=10),AZ35-10,IF(AND(AY35>=10,AZ35>=20),MAX(0,20-AY35),0)))) -> 0 | BC35: =IF(AND(AY35<=20,AZ35>=30),10,IF(AND(AY35>=20,AZ35<=30),AZ35-AY35,IF(AND(AY35<=20,AZ35<=30,AZ35>=20),AZ35-20,IF(AND(AY35>=20,AZ35>=30),30-AY35,0)))) -> 0 | BD35: =IF(AND(AY35<=30,AZ35>=40),10,IF(AND(AY35>=30,AZ35<=40),AZ35-AY35,IF(AND(AY35<=30,AZ35<=40,AZ35>=30),AZ35-30,IF(AND(AY35>=30,AZ35>=40),40-AY35,0)))) -> 0 | BF35: =IF(AX35>0, 1, 0) -> 0 | BP35: =IF(OR(BI35="YES",BL35="YES"), 1, 0) -> 0
E36: =IF(A36= "","",1) | I36: =IF(K36>0, 1, 0) -> 0 | N36: =IF(AND(L36<=10,M36<=10),M36-L36,MAX(0,10-L36)) -> 0 | O36: =IF(AND(L36<=10,M36>=20),10,IF(AND(L36>=10,M36<=20),M36-L36,IF(AND(L36<=10,M36<=20,M36>=10),M36-10,IF(AND(L36>=10,M36>=20),MAX(0,20-L36),0)))) -> 0 | P36: =IF(AND(L36<=20,M36>=30),10,IF(AND(L36>=20,M36<=30),M36-L36,IF(AND(L36<=20,M36<=30,M36>=20),M36-20,IF(AND(L36>=20,M36>=30),30-L36,0)))) -> 0 | Q36: =IF(AND(L36<=30,M36>=40),10,IF(AND(L36>=30,M36<=40),M36-L36,IF(AND(L36<=30,M36<=40,M36>=30),M36-30,IF(AND(L36>=30,M36>=40),40-L36,0)))) -> 0 | W36: =IF(AND(U36<=10,V36<=10),V36-U36,MAX(0,10-U36)) -> 0 | X36: =IF(AND(U36<=10,V36>=20),10,IF(AND(U36>=10,V36<=20),V36-U36,IF(AND(U36<=10,V36<=20,V36>=10),V36-10,IF(AND(U36>=10,V36>=20),MAX(0,20-U36),0)))) -> 0 | Y36: =IF(AND(U36<=20,V36>=30),10,IF(AND(U36>=20,V36<=30),V36-U36,IF(AND(U36<=20,V36<=30,V36>=20),V36-20,IF(AND(U36>=20,V36>=30),30-U36,0)))) -> 0 | Z36: =IF(AND(U36<=30,V36>=40),10,IF(AND(U36>=30,V36<=40),V36-U36,IF(AND(U36<=30,V36<=40,V36>=30),V36-30,IF(AND(U36>=30,V36>=40),40-U36,0)))) -> 0 | AB36: =IF(T36>0, 1, 0) -> 0 | AG36: =IF(AND(AE36<=10,AF36<=10),AF36-AE36,MAX(0,10-AE36)) -> 0 | AH36: =IF(AND(AE36<=10,AF36>=20),10,IF(AND(AE36>=10,AF36<=20),AF36-AE36,IF(AND(AE36<=10,AF36<=20,AF36>=10),AF36-10,IF(AND(AE36>=10,AF36>=20),MAX(0,20-AE36),0)))) -> 0 | AI36: =IF(AND(AE36<=20,AF36>=30),10,IF(AND(AE36>=20,AF36<=30),AF36-AE36,IF(AND(AE36<=20,AF36<=30,AF36>=20),AF36-20,IF(AND(AE36>=20,AF36>=30),30-AE36,0)))) -> 0 | AJ36: =IF(AND(AE36<=30,AF36>=40),10,IF(AND(AE36>=30,AF36<=40),AF36-AE36,IF(AND(AE36<=30,AF36<=40,AF36>=30),AF36-30,IF(AND(AE36>=30,AF36>=40),40-AE36,0)))) -> 0 | AL36: =IF(AD36>0, 1, 0) -> 0 | AQ36: =IF(AND(AO36<=10,AP36<=10),AP36-AO36,MAX(0,10-AO36)) -> 0 | AR36: =IF(AND(AO36<=10,AP36>=20),10,IF(AND(AO36>=10,AP36<=20),AP36-AO36,IF(AND(AO36<=10,AP36<=20,AP36>=10),AP36-10,IF(AND(AO36>=10,AP36>=20),MAX(0,20-AO36),0)))) -> 0 | AS36: =IF(AND(AO36<=20,AP36>=30),10,IF(AND(AO36>=20,AP36<=30),AP36-AO36,IF(AND(AO36<=20,AP36<=30,AP36>=20),AP36-20,IF(AND(AO36>=20,AP36>=30),30-AO36,0)))) -> 0 | AT36: =IF(AND(AO36<=30,AP36>=40),10,IF(AND(AO36>=30,AP36<=40),AP36-AO36,IF(AND(AO36<=30,AP36<=40,AP36>=30),AP36-30,IF(AND(AO36>=30,AP36>=40),40-AO36,0)))) -> 0 | AV36: =IF(AN36>0, 1, 0) -> 0 | BA36: =IF(AND(AY36<=10,AZ36<=10),AZ36-AY36,MAX(0,10-AY36)) -> 0 | BB36: =IF(AND(AY36<=10,AZ36>=20),10,IF(AND(AY36>=10,AZ36<=20),AZ36-AY36,IF(AND(AY36<=10,AZ36<=20,AZ36>=10),AZ36-10,IF(AND(AY36>=10,AZ36>=20),MAX(0,20-AY36),0)))) -> 0 | BC36: =IF(AND(AY36<=20,AZ36>=30),10,IF(AND(AY36>=20,AZ36<=30),AZ36-AY36,IF(AND(AY36<=20,AZ36<=30,AZ36>=20),AZ36-20,IF(AND(AY36>=20,AZ36>=30),30-AY36,0)))) -> 0 | BD36: =IF(AND(AY36<=30,AZ36>=40),10,IF(AND(AY36>=30,AZ36<=40),AZ36-AY36,IF(AND(AY36<=30,AZ36<=40,AZ36>=30),AZ36-30,IF(AND(AY36>=30,AZ36>=40),40-AY36,0)))) -> 0 | BF36: =IF(AX36>0, 1, 0) -> 0 | BP36: =IF(OR(BI36="YES",BL36="YES"), 1, 0) -> 0
E37: =IF(A37= "","",1) | I37: =IF(K37>0, 1, 0) -> 0 | N37: =IF(AND(L37<=10,M37<=10),M37-L37,MAX(0,10-L37)) -> 0 | O37: =IF(AND(L37<=10,M37>=20),10,IF(AND(L37>=10,M37<=20),M37-L37,IF(AND(L37<=10,M37<=20,M37>=10),M37-10,IF(AND(L37>=10,M37>=20),MAX(0,20-L37),0)))) -> 0 | P37: =IF(AND(L37<=20,M37>=30),10,IF(AND(L37>=20,M37<=30),M37-L37,IF(AND(L37<=20,M37<=30,M37>=20),M37-20,IF(AND(L37>=20,M37>=30),30-L37,0)))) -> 0 | Q37: =IF(AND(L37<=30,M37>=40),10,IF(AND(L37>=30,M37<=40),M37-L37,IF(AND(L37<=30,M37<=40,M37>=30),M37-30,IF(AND(L37>=30,M37>=40),40-L37,0)))) -> 0 | W37: =IF(AND(U37<=10,V37<=10),V37-U37,MAX(0,10-U37)) -> 0 | X37: =IF(AND(U37<=10,V37>=20),10,IF(AND(U37>=10,V37<=20),V37-U37,IF(AND(U37<=10,V37<=20,V37>=10),V37-10,IF(AND(U37>=10,V37>=20),MAX(0,20-U37),0)))) -> 0 | Y37: =IF(AND(U37<=20,V37>=30),10,IF(AND(U37>=20,V37<=30),V37-U37,IF(AND(U37<=20,V37<=30,V37>=20),V37-20,IF(AND(U37>=20,V37>=30),30-U37,0)))) -> 0 | Z37: =IF(AND(U37<=30,V37>=40),10,IF(AND(U37>=30,V37<=40),V37-U37,IF(AND(U37<=30,V37<=40,V37>=30),V37-30,IF(AND(U37>=30,V37>=40),40-U37,0)))) -> 0 | AB37: =IF(T37>0, 1, 0) -> 0 | AG37: =IF(AND(AE37<=10,AF37<=10),AF37-AE37,MAX(0,10-AE37)) -> 0 | AH37: =IF(AND(AE37<=10,AF37>=20),10,IF(AND(AE37>=10,AF37<=20),AF37-AE37,IF(AND(AE37<=10,AF37<=20,AF37>=10),AF37-10,IF(AND(AE37>=10,AF37>=20),MAX(0,20-AE37),0)))) -> 0 | AI37: =IF(AND(AE37<=20,AF37>=30),10,IF(AND(AE37>=20,AF37<=30),AF37-AE37,IF(AND(AE37<=20,AF37<=30,AF37>=20),AF37-20,IF(AND(AE37>=20,AF37>=30),30-AE37,0)))) -> 0 | AJ37: =IF(AND(AE37<=30,AF37>=40),10,IF(AND(AE37>=30,AF37<=40),AF37-AE37,IF(AND(AE37<=30,AF37<=40,AF37>=30),AF37-30,IF(AND(AE37>=30,AF37>=40),40-AE37,0)))) -> 0 | AL37: =IF(AD37>0, 1, 0) -> 0 | AQ37: =IF(AND(AO37<=10,AP37<=10),AP37-AO37,MAX(0,10-AO37)) -> 0 | AR37: =IF(AND(AO37<=10,AP37>=20),10,IF(AND(AO37>=10,AP37<=20),AP37-AO37,IF(AND(AO37<=10,AP37<=20,AP37>=10),AP37-10,IF(AND(AO37>=10,AP37>=20),MAX(0,20-AO37),0)))) -> 0 | AS37: =IF(AND(AO37<=20,AP37>=30),10,IF(AND(AO37>=20,AP37<=30),AP37-AO37,IF(AND(AO37<=20,AP37<=30,AP37>=20),AP37-20,IF(AND(AO37>=20,AP37>=30),30-AO37,0)))) -> 0 | AT37: =IF(AND(AO37<=30,AP37>=40),10,IF(AND(AO37>=30,AP37<=40),AP37-AO37,IF(AND(AO37<=30,AP37<=40,AP37>=30),AP37-30,IF(AND(AO37>=30,AP37>=40),40-AO37,0)))) -> 0 | AV37: =IF(AN37>0, 1, 0) -> 0 | BA37: =IF(AND(AY37<=10,AZ37<=10),AZ37-AY37,MAX(0,10-AY37)) -> 0 | BB37: =IF(AND(AY37<=10,AZ37>=20),10,IF(AND(AY37>=10,AZ37<=20),AZ37-AY37,IF(AND(AY37<=10,AZ37<=20,AZ37>=10),AZ37-10,IF(AND(AY37>=10,AZ37>=20),MAX(0,20-AY37),0)))) -> 0 | BC37: =IF(AND(AY37<=20,AZ37>=30),10,IF(AND(AY37>=20,AZ37<=30),AZ37-AY37,IF(AND(AY37<=20,AZ37<=30,AZ37>=20),AZ37-20,IF(AND(AY37>=20,AZ37>=30),30-AY37,0)))) -> 0 | BD37: =IF(AND(AY37<=30,AZ37>=40),10,IF(AND(AY37>=30,AZ37<=40),AZ37-AY37,IF(AND(AY37<=30,AZ37<=40,AZ37>=30),AZ37-30,IF(AND(AY37>=30,AZ37>=40),40-AY37,0)))) -> 0 | BF37: =IF(AX37>0, 1, 0) -> 0 | BP37: =IF(OR(BI37="YES",BL37="YES"), 1, 0) -> 0
E38: =IF(A38= "","",1) | I38: =IF(K38>0, 1, 0) -> 0 | N38: =IF(AND(L38<=10,M38<=10),M38-L38,MAX(0,10-L38)) -> 0 | O38: =IF(AND(L38<=10,M38>=20),10,IF(AND(L38>=10,M38<=20),M38-L38,IF(AND(L38<=10,M38<=20,M38>=10),M38-10,IF(AND(L38>=10,M38>=20),MAX(0,20-L38),0)))) -> 0 | P38: =IF(AND(L38<=20,M38>=30),10,IF(AND(L38>=20,M38<=30),M38-L38,IF(AND(L38<=20,M38<=30,M38>=20),M38-20,IF(AND(L38>=20,M38>=30),30-L38,0)))) -> 0 | Q38: =IF(AND(L38<=30,M38>=40),10,IF(AND(L38>=30,M38<=40),M38-L38,IF(AND(L38<=30,M38<=40,M38>=30),M38-30,IF(AND(L38>=30,M38>=40),40-L38,0)))) -> 0 | W38: =IF(AND(U38<=10,V38<=10),V38-U38,MAX(0,10-U38)) -> 0 | X38: =IF(AND(U38<=10,V38>=20),10,IF(AND(U38>=10,V38<=20),V38-U38,IF(AND(U38<=10,V38<=20,V38>=10),V38-10,IF(AND(U38>=10,V38>=20),MAX(0,20-U38),0)))) -> 0 | Y38: =IF(AND(U38<=20,V38>=30),10,IF(AND(U38>=20,V38<=30),V38-U38,IF(AND(U38<=20,V38<=30,V38>=20),V38-20,IF(AND(U38>=20,V38>=30),30-U38,0)))) -> 0 | Z38: =IF(AND(U38<=30,V38>=40),10,IF(AND(U38>=30,V38<=40),V38-U38,IF(AND(U38<=30,V38<=40,V38>=30),V38-30,IF(AND(U38>=30,V38>=40),40-U38,0)))) -> 0 | AB38: =IF(T38>0, 1, 0) -> 0 | AG38: =IF(AND(AE38<=10,AF38<=10),AF38-AE38,MAX(0,10-AE38)) -> 0 | AH38: =IF(AND(AE38<=10,AF38>=20),10,IF(AND(AE38>=10,AF38<=20),AF38-AE38,IF(AND(AE38<=10,AF38<=20,AF38>=10),AF38-10,IF(AND(AE38>=10,AF38>=20),MAX(0,20-AE38),0)))) -> 0 | AI38: =IF(AND(AE38<=20,AF38>=30),10,IF(AND(AE38>=20,AF38<=30),AF38-AE38,IF(AND(AE38<=20,AF38<=30,AF38>=20),AF38-20,IF(AND(AE38>=20,AF38>=30),30-AE38,0)))) -> 0 | AJ38: =IF(AND(AE38<=30,AF38>=40),10,IF(AND(AE38>=30,AF38<=40),AF38-AE38,IF(AND(AE38<=30,AF38<=40,AF38>=30),AF38-30,IF(AND(AE38>=30,AF38>=40),40-AE38,0)))) -> 0 | AL38: =IF(AD38>0, 1, 0) -> 0 | AQ38: =IF(AND(AO38<=10,AP38<=10),AP38-AO38,MAX(0,10-AO38)) -> 0 | AR38: =IF(AND(AO38<=10,AP38>=20),10,IF(AND(AO38>=10,AP38<=20),AP38-AO38,IF(AND(AO38<=10,AP38<=20,AP38>=10),AP38-10,IF(AND(AO38>=10,AP38>=20),MAX(0,20-AO38),0)))) -> 0 | AS38: =IF(AND(AO38<=20,AP38>=30),10,IF(AND(AO38>=20,AP38<=30),AP38-AO38,IF(AND(AO38<=20,AP38<=30,AP38>=20),AP38-20,IF(AND(AO38>=20,AP38>=30),30-AO38,0)))) -> 0 | AT38: =IF(AND(AO38<=30,AP38>=40),10,IF(AND(AO38>=30,AP38<=40),AP38-AO38,IF(AND(AO38<=30,AP38<=40,AP38>=30),AP38-30,IF(AND(AO38>=30,AP38>=40),40-AO38,0)))) -> 0 | AV38: =IF(AN38>0, 1, 0) -> 0 | BA38: =IF(AND(AY38<=10,AZ38<=10),AZ38-AY38,MAX(0,10-AY38)) -> 0 | BB38: =IF(AND(AY38<=10,AZ38>=20),10,IF(AND(AY38>=10,AZ38<=20),AZ38-AY38,IF(AND(AY38<=10,AZ38<=20,AZ38>=10),AZ38-10,IF(AND(AY38>=10,AZ38>=20),MAX(0,20-AY38),0)))) -> 0 | BC38: =IF(AND(AY38<=20,AZ38>=30),10,IF(AND(AY38>=20,AZ38<=30),AZ38-AY38,IF(AND(AY38<=20,AZ38<=30,AZ38>=20),AZ38-20,IF(AND(AY38>=20,AZ38>=30),30-AY38,0)))) -> 0 | BD38: =IF(AND(AY38<=30,AZ38>=40),10,IF(AND(AY38>=30,AZ38<=40),AZ38-AY38,IF(AND(AY38<=30,AZ38<=40,AZ38>=30),AZ38-30,IF(AND(AY38>=30,AZ38>=40),40-AY38,0)))) -> 0 | BF38: =IF(AX38>0, 1, 0) -> 0 | BP38: =IF(OR(BI38="YES",BL38="YES"), 1, 0) -> 0
E39: =IF(A39= "","",1) | I39: =IF(K39>0, 1, 0) -> 0 | N39: =IF(AND(L39<=10,M39<=10),M39-L39,MAX(0,10-L39)) -> 0 | O39: =IF(AND(L39<=10,M39>=20),10,IF(AND(L39>=10,M39<=20),M39-L39,IF(AND(L39<=10,M39<=20,M39>=10),M39-10,IF(AND(L39>=10,M39>=20),MAX(0,20-L39),0)))) -> 0 | P39: =IF(AND(L39<=20,M39>=30),10,IF(AND(L39>=20,M39<=30),M39-L39,IF(AND(L39<=20,M39<=30,M39>=20),M39-20,IF(AND(L39>=20,M39>=30),30-L39,0)))) -> 0 | Q39: =IF(AND(L39<=30,M39>=40),10,IF(AND(L39>=30,M39<=40),M39-L39,IF(AND(L39<=30,M39<=40,M39>=30),M39-30,IF(AND(L39>=30,M39>=40),40-L39,0)))) -> 0 | W39: =IF(AND(U39<=10,V39<=10),V39-U39,MAX(0,10-U39)) -> 0 | X39: =IF(AND(U39<=10,V39>=20),10,IF(AND(U39>=10,V39<=20),V39-U39,IF(AND(U39<=10,V39<=20,V39>=10),V39-10,IF(AND(U39>=10,V39>=20),MAX(0,20-U39),0)))) -> 0 | Y39: =IF(AND(U39<=20,V39>=30),10,IF(AND(U39>=20,V39<=30),V39-U39,IF(AND(U39<=20,V39<=30,V39>=20),V39-20,IF(AND(U39>=20,V39>=30),30-U39,0)))) -> 0 | Z39: =IF(AND(U39<=30,V39>=40),10,IF(AND(U39>=30,V39<=40),V39-U39,IF(AND(U39<=30,V39<=40,V39>=30),V39-30,IF(AND(U39>=30,V39>=40),40-U39,0)))) -> 0 | AB39: =IF(T39>0, 1, 0) -> 0 | AG39: =IF(AND(AE39<=10,AF39<=10),AF39-AE39,MAX(0,10-AE39)) -> 0 | AH39: =IF(AND(AE39<=10,AF39>=20),10,IF(AND(AE39>=10,AF39<=20),AF39-AE39,IF(AND(AE39<=10,AF39<=20,AF39>=10),AF39-10,IF(AND(AE39>=10,AF39>=20),MAX(0,20-AE39),0)))) -> 0 | AI39: =IF(AND(AE39<=20,AF39>=30),10,IF(AND(AE39>=20,AF39<=30),AF39-AE39,IF(AND(AE39<=20,AF39<=30,AF39>=20),AF39-20,IF(AND(AE39>=20,AF39>=30),30-AE39,0)))) -> 0 | AJ39: =IF(AND(AE39<=30,AF39>=40),10,IF(AND(AE39>=30,AF39<=40),AF39-AE39,IF(AND(AE39<=30,AF39<=40,AF39>=30),AF39-30,IF(AND(AE39>=30,AF39>=40),40-AE39,0)))) -> 0 | AL39: =IF(AD39>0, 1, 0) -> 0 | AQ39: =IF(AND(AO39<=10,AP39<=10),AP39-AO39,MAX(0,10-AO39)) -> 0 | AR39: =IF(AND(AO39<=10,AP39>=20),10,IF(AND(AO39>=10,AP39<=20),AP39-AO39,IF(AND(AO39<=10,AP39<=20,AP39>=10),AP39-10,IF(AND(AO39>=10,AP39>=20),MAX(0,20-AO39),0)))) -> 0 | AS39: =IF(AND(AO39<=20,AP39>=30),10,IF(AND(AO39>=20,AP39<=30),AP39-AO39,IF(AND(AO39<=20,AP39<=30,AP39>=20),AP39-20,IF(AND(AO39>=20,AP39>=30),30-AO39,0)))) -> 0 | AT39: =IF(AND(AO39<=30,AP39>=40),10,IF(AND(AO39>=30,AP39<=40),AP39-AO39,IF(AND(AO39<=30,AP39<=40,AP39>=30),AP39-30,IF(AND(AO39>=30,AP39>=40),40-AO39,0)))) -> 0 | AV39: =IF(AN39>0, 1, 0) -> 0 | BA39: =IF(AND(AY39<=10,AZ39<=10),AZ39-AY39,MAX(0,10-AY39)) -> 0 | BB39: =IF(AND(AY39<=10,AZ39>=20),10,IF(AND(AY39>=10,AZ39<=20),AZ39-AY39,IF(AND(AY39<=10,AZ39<=20,AZ39>=10),AZ39-10,IF(AND(AY39>=10,AZ39>=20),MAX(0,20-AY39),0)))) -> 0 | BC39: =IF(AND(AY39<=20,AZ39>=30),10,IF(AND(AY39>=20,AZ39<=30),AZ39-AY39,IF(AND(AY39<=20,AZ39<=30,AZ39>=20),AZ39-20,IF(AND(AY39>=20,AZ39>=30),30-AY39,0)))) -> 0 | BD39: =IF(AND(AY39<=30,AZ39>=40),10,IF(AND(AY39>=30,AZ39<=40),AZ39-AY39,IF(AND(AY39<=30,AZ39<=40,AZ39>=30),AZ39-30,IF(AND(AY39>=30,AZ39>=40),40-AY39,0)))) -> 0 | BF39: =IF(AX39>0, 1, 0) -> 0 | BP39: =IF(OR(BI39="YES",BL39="YES"), 1, 0) -> 0
E40: =IF(A40= "","",1) | I40: =IF(K40>0, 1, 0) -> 0 | N40: =IF(AND(L40<=10,M40<=10),M40-L40,MAX(0,10-L40)) -> 0 | O40: =IF(AND(L40<=10,M40>=20),10,IF(AND(L40>=10,M40<=20),M40-L40,IF(AND(L40<=10,M40<=20,M40>=10),M40-10,IF(AND(L40>=10,M40>=20),MAX(0,20-L40),0)))) -> 0 | P40: =IF(AND(L40<=20,M40>=30),10,IF(AND(L40>=20,M40<=30),M40-L40,IF(AND(L40<=20,M40<=30,M40>=20),M40-20,IF(AND(L40>=20,M40>=30),30-L40,0)))) -> 0 | Q40: =IF(AND(L40<=30,M40>=40),10,IF(AND(L40>=30,M40<=40),M40-L40,IF(AND(L40<=30,M40<=40,M40>=30),M40-30,IF(AND(L40>=30,M40>=40),40-L40,0)))) -> 0 | W40: =IF(AND(U40<=10,V40<=10),V40-U40,MAX(0,10-U40)) -> 0 | X40: =IF(AND(U40<=10,V40>=20),10,IF(AND(U40>=10,V40<=20),V40-U40,IF(AND(U40<=10,V40<=20,V40>=10),V40-10,IF(AND(U40>=10,V40>=20),MAX(0,20-U40),0)))) -> 0 | Y40: =IF(AND(U40<=20,V40>=30),10,IF(AND(U40>=20,V40<=30),V40-U40,IF(AND(U40<=20,V40<=30,V40>=20),V40-20,IF(AND(U40>=20,V40>=30),30-U40,0)))) -> 0 | Z40: =IF(AND(U40<=30,V40>=40),10,IF(AND(U40>=30,V40<=40),V40-U40,IF(AND(U40<=30,V40<=40,V40>=30),V40-30,IF(AND(U40>=30,V40>=40),40-U40,0)))) -> 0 | AB40: =IF(T40>0, 1, 0) -> 0 | AG40: =IF(AND(AE40<=10,AF40<=10),AF40-AE40,MAX(0,10-AE40)) -> 0 | AH40: =IF(AND(AE40<=10,AF40>=20),10,IF(AND(AE40>=10,AF40<=20),AF40-AE40,IF(AND(AE40<=10,AF40<=20,AF40>=10),AF40-10,IF(AND(AE40>=10,AF40>=20),MAX(0,20-AE40),0)))) -> 0 | AI40: =IF(AND(AE40<=20,AF40>=30),10,IF(AND(AE40>=20,AF40<=30),AF40-AE40,IF(AND(AE40<=20,AF40<=30,AF40>=20),AF40-20,IF(AND(AE40>=20,AF40>=30),30-AE40,0)))) -> 0 | AJ40: =IF(AND(AE40<=30,AF40>=40),10,IF(AND(AE40>=30,AF40<=40),AF40-AE40,IF(AND(AE40<=30,AF40<=40,AF40>=30),AF40-30,IF(AND(AE40>=30,AF40>=40),40-AE40,0)))) -> 0 | AL40: =IF(AD40>0, 1, 0) -> 0 | AQ40: =IF(AND(AO40<=10,AP40<=10),AP40-AO40,MAX(0,10-AO40)) -> 0 | AR40: =IF(AND(AO40<=10,AP40>=20),10,IF(AND(AO40>=10,AP40<=20),AP40-AO40,IF(AND(AO40<=10,AP40<=20,AP40>=10),AP40-10,IF(AND(AO40>=10,AP40>=20),MAX(0,20-AO40),0)))) -> 0 | AS40: =IF(AND(AO40<=20,AP40>=30),10,IF(AND(AO40>=20,AP40<=30),AP40-AO40,IF(AND(AO40<=20,AP40<=30,AP40>=20),AP40-20,IF(AND(AO40>=20,AP40>=30),30-AO40,0)))) -> 0 | AT40: =IF(AND(AO40<=30,AP40>=40),10,IF(AND(AO40>=30,AP40<=40),AP40-AO40,IF(AND(AO40<=30,AP40<=40,AP40>=30),AP40-30,IF(AND(AO40>=30,AP40>=40),40-AO40,0)))) -> 0 | AV40: =IF(AN40>0, 1, 0) -> 0 | BA40: =IF(AND(AY40<=10,AZ40<=10),AZ40-AY40,MAX(0,10-AY40)) -> 0 | BB40: =IF(AND(AY40<=10,AZ40>=20),10,IF(AND(AY40>=10,AZ40<=20),AZ40-AY40,IF(AND(AY40<=10,AZ40<=20,AZ40>=10),AZ40-10,IF(AND(AY40>=10,AZ40>=20),MAX(0,20-AY40),0)))) -> 0 | BC40: =IF(AND(AY40<=20,AZ40>=30),10,IF(AND(AY40>=20,AZ40<=30),AZ40-AY40,IF(AND(AY40<=20,AZ40<=30,AZ40>=20),AZ40-20,IF(AND(AY40>=20,AZ40>=30),30-AY40,0)))) -> 0 | BD40: =IF(AND(AY40<=30,AZ40>=40),10,IF(AND(AY40>=30,AZ40<=40),AZ40-AY40,IF(AND(AY40<=30,AZ40<=40,AZ40>=30),AZ40-30,IF(AND(AY40>=30,AZ40>=40),40-AY40,0)))) -> 0 | BF40: =IF(AX40>0, 1, 0) -> 0 | BP40: =IF(OR(BI40="YES",BL40="YES"), 1, 0) -> 0
... E56: =IF(A56= "","",1) | I56: =IF(K56>0, 1, 0) -> 0 | N56: =IF(AND(L56<=10,M56<=10),M56-L56,MAX(0,10-L56)) -> 0 | O56: =IF(AND(L56<=10,M56>=20),10,IF(AND(L56>=10,M56<=20),M56-L56,IF(AND(L56<=10,M56<=20,M56>=10),M56-10,IF(AND(L56>=10,M56>=20),MAX(0,20-L56),0)))) -> 0 | P56: =IF(AND(L56<=20,M56>=30),10,IF(AND(L56>=20,M56<=30),M56-L56,IF(AND(L56<=20,M56<=30,M56>=20),M56-20,IF(AND(L56>=20,M56>=30),30-L56,0)))) -> 0 | Q56: =IF(AND(L56<=30,M56>=40),10,IF(AND(L56>=30,M56<=40),M56-L56,IF(AND(L56<=30,M56<=40,M56>=30),M56-30,IF(AND(L56>=30,M56>=40),40-L56,0)))) -> 0 | W56: =IF(AND(U56<=10,V56<=10),V56-U56,MAX(0,10-U56)) -> 0 | X56: =IF(AND(U56<=10,V56>=20),10,IF(AND(U56>=10,V56<=20),V56-U56,IF(AND(U56<=10,V56<=20,V56>=10),V56-10,IF(AND(U56>=10,V56>=20),MAX(0,20-U56),0)))) -> 0 | Y56: =IF(AND(U56<=20,V56>=30),10,IF(AND(U56>=20,V56<=30),V56-U56,IF(AND(U56<=20,V56<=30,V56>=20),V56-20,IF(AND(U56>=20,V56>=30),30-U56,0)))) -> 0 | Z56: =IF(AND(U56<=30,V56>=40),10,IF(AND(U56>=30,V56<=40),V56-U56,IF(AND(U56<=30,V56<=40,V56>=30),V56-30,IF(AND(U56>=30,V56>=40),40-U56,0)))) -> 0 | AB56: =IF(T56>0, 1, 0) -> 0 | AG56: =IF(AND(AE56<=10,AF56<=10),AF56-AE56,MAX(0,10-AE56)) -> 0 | AH56: =IF(AND(AE56<=10,AF56>=20),10,IF(AND(AE56>=10,AF56<=20),AF56-AE56,IF(AND(AE56<=10,AF56<=20,AF56>=10),AF56-10,IF(AND(AE56>=10,AF56>=20),MAX(0,20-AE56),0)))) -> 0 | AI56: =IF(AND(AE56<=20,AF56>=30),10,IF(AND(AE56>=20,AF56<=30),AF56-AE56,IF(AND(AE56<=20,AF56<=30,AF56>=20),AF56-20,IF(AND(AE56>=20,AF56>=30),30-AE56,0)))) -> 0 | AJ56: =IF(AND(AE56<=30,AF56>=40),10,IF(AND(AE56>=30,AF56<=40),AF56-AE56,IF(AND(AE56<=30,AF56<=40,AF56>=30),AF56-30,IF(AND(AE56>=30,AF56>=40),40-AE56,0)))) -> 0 | AL56: =IF(AD56>0, 1, 0) -> 0 | AQ56: =IF(AND(AO56<=10,AP56<=10),AP56-AO56,MAX(0,10-AO56)) -> 0 | AR56: =IF(AND(AO56<=10,AP56>=20),10,IF(AND(AO56>=10,AP56<=20),AP56-AO56,IF(AND(AO56<=10,AP56<=20,AP56>=10),AP56-10,IF(AND(AO56>=10,AP56>=20),MAX(0,20-AO56),0)))) -> 0 | AS56: =IF(AND(AO56<=20,AP56>=30),10,IF(AND(AO56>=20,AP56<=30),AP56-AO56,IF(AND(AO56<=20,AP56<=30,AP56>=20),AP56-20,IF(AND(AO56>=20,AP56>=30),30-AO56,0)))) -> 0 | AT56: =IF(AND(AO56<=30,AP56>=40),10,IF(AND(AO56>=30,AP56<=40),AP56-AO56,IF(AND(AO56<=30,AP56<=40,AP56>=30),AP56-30,IF(AND(AO56>=30,AP56>=40),40-AO56,0)))) -> 0 | AV56: =IF(AN56>0, 1, 0) -> 0 | BA56: =IF(AND(AY56<=10,AZ56<=10),AZ56-AY56,MAX(0,10-AY56)) -> 0 | BB56: =IF(AND(AY56<=10,AZ56>=20),10,IF(AND(AY56>=10,AZ56<=20),AZ56-AY56,IF(AND(AY56<=10,AZ56<=20,AZ56>=10),AZ56-10,IF(AND(AY56>=10,AZ56>=20),MAX(0,20-AY56),0)))) -> 0 | BC56: =IF(AND(AY56<=20,AZ56>=30),10,IF(AND(AY56>=20,AZ56<=30),AZ56-AY56,IF(AND(AY56<=20,AZ56<=30,AZ56>=20),AZ56-20,IF(AND(AY56>=20,AZ56>=30),30-AY56,0)))) -> 0 | BD56: =IF(AND(AY56<=30,AZ56>=40),10,IF(AND(AY56>=30,AZ56<=40),AZ56-AY56,IF(AND(AY56<=30,AZ56<=40,AZ56>=30),AZ56-30,IF(AND(AY56>=30,AZ56>=40),40-AY56,0)))) -> 0 | BF56: =IF(AX56>0, 1, 0) -> 0 | BP56: =IF(OR(BI56="YES",BL56="YES"), 1, 0) -> 0
E57: =IF(A57= "","",1) | I57: =IF(K57>0, 1, 0) -> 0 | N57: =IF(AND(L57<=10,M57<=10),M57-L57,MAX(0,10-L57)) -> 0 | O57: =IF(AND(L57<=10,M57>=20),10,IF(AND(L57>=10,M57<=20),M57-L57,IF(AND(L57<=10,M57<=20,M57>=10),M57-10,IF(AND(L57>=10,M57>=20),MAX(0,20-L57),0)))) -> 0 | P57: =IF(AND(L57<=20,M57>=30),10,IF(AND(L57>=20,M57<=30),M57-L57,IF(AND(L57<=20,M57<=30,M57>=20),M57-20,IF(AND(L57>=20,M57>=30),30-L57,0)))) -> 0 | Q57: =IF(AND(L57<=30,M57>=40),10,IF(AND(L57>=30,M57<=40),M57-L57,IF(AND(L57<=30,M57<=40,M57>=30),M57-30,IF(AND(L57>=30,M57>=40),40-L57,0)))) -> 0 | W57: =IF(AND(U57<=10,V57<=10),V57-U57,MAX(0,10-U57)) -> 0 | X57: =IF(AND(U57<=10,V57>=20),10,IF(AND(U57>=10,V57<=20),V57-U57,IF(AND(U57<=10,V57<=20,V57>=10),V57-10,IF(AND(U57>=10,V57>=20),MAX(0,20-U57),0)))) -> 0 | Y57: =IF(AND(U57<=20,V57>=30),10,IF(AND(U57>=20,V57<=30),V57-U57,IF(AND(U57<=20,V57<=30,V57>=20),V57-20,IF(AND(U57>=20,V57>=30),MAX(0,30-U57),0)))) -> 0 | Z57: =IF(AND(U57<=30,V57>=40),10,IF(AND(U57>=30,V57<=40),V57-U57,IF(AND(U57<=30,V57<=40,V57>=30),V57-30,IF(AND(U57>=30,V57>=40),40-U57,0)))) -> 0 | AB57: =IF(T57>0, 1, 0) -> 0 | AG57: =IF(AND(AE57<=10,AF57<=10),AF57-AE57,MAX(0,10-AE57)) -> 0 | AH57: =IF(AND(AE57<=10,AF57>=20),10,IF(AND(AE57>=10,AF57<=20),AF57-AE57,IF(AND(AE57<=10,AF57<=20,AF57>=10),AF57-10,IF(AND(AE57>=10,AF57>=20),MAX(0,20-AE57),0)))) -> 0 | AI57: =IF(AND(AE57<=20,AF57>=30),10,IF(AND(AE57>=20,AF57<=30),AF57-AE57,IF(AND(AE57<=20,AF57<=30,AF57>=20),AF57-20,IF(AND(AE57>=20,AF57>=30),30-AE57,0)))) -> 0 | AJ57: =IF(AND(AE57<=30,AF57>=40),10,IF(AND(AE57>=30,AF57<=40),AF57-AE57,IF(AND(AE57<=30,AF57<=40,AF57>=30),AF57-30,IF(AND(AE57>=30,AF57>=40),40-AE57,0)))) -> 0 | AL57: =IF(AD57>0, 1, 0) -> 0 | AQ57: =IF(AND(AO57<=10,AP57<=10),AP57-AO57,MAX(0,10-AO57)) -> 0 | AR57: =IF(AND(AO57<=10,AP57>=20),10,IF(AND(AO57>=10,AP57<=20),AP57-AO57,IF(AND(AO57<=10,AP57<=20,AP57>=10),AP57-10,IF(AND(AO57>=10,AP57>=20),MAX(0,20-AO57),0)))) -> 0 | AS57: =IF(AND(AO57<=20,AP57>=30),10,IF(AND(AO57>=20,AP57<=30),AP57-AO57,IF(AND(AO57<=20,AP57<=30,AP57>=20),AP57-20,IF(AND(AO57>=20,AP57>=30),30-AO57,0)))) -> 0 | AT57: =IF(AND(AO57<=30,AP57>=40),10,IF(AND(AO57>=30,AP57<=40),AP57-AO57,IF(AND(AO57<=30,AP57<=40,AP57>=30),AP57-30,IF(AND(AO57>=30,AP57>=40),40-AO57,0)))) -> 0 | AV57: =IF(AN57>0, 1, 0) -> 0 | BA57: =IF(AND(AY57<=10,AZ57<=10),AZ57-AY57,MAX(0,10-AY57)) -> 0 | BB57: =IF(AND(AY57<=10,AZ57>=20),10,IF(AND(AY57>=10,AZ57<=20),AZ57-AY57,IF(AND(AY57<=10,AZ57<=20,AZ57>=10),AZ57-10,IF(AND(AY57>=10,AZ57>=20),MAX(0,20-AY57),0)))) -> 0 | BC57: =IF(AND(AY57<=20,AZ57>=30),10,IF(AND(AY57>=20,AZ57<=30),AZ57-AY57,IF(AND(AY57<=20,AZ57<=30,AZ57>=20),AZ57-20,IF(AND(AY57>=20,AZ57>=30),30-AY57,0)))) -> 0 | BD57: =IF(AND(AY57<=30,AZ57>=40),10,IF(AND(AY57>=30,AZ57<=40),AZ57-AY57,IF(AND(AY57<=30,AZ57<=40,AZ57>=30),AZ57-30,IF(AND(AY57>=30,AZ57>=40),40-AY57,0)))) -> 0 | BF57: =IF(AX57>0, 1, 0) -> 0 | BP57: =IF(OR(BI57="YES",BL57="YES"), 1, 0) -> 0
E58: =IF(A58= "","",1) | I58: =IF(K58>0, 1, 0) -> 0 | N58: =IF(AND(L58<=10,M58<=10),M58-L58,MAX(0,10-L58)) -> 0 | O58: =IF(AND(L58<=10,M58>=20),10,IF(AND(L58>=10,M58<=20),M58-L58,IF(AND(L58<=10,M58<=20,M58>=10),M58-10,IF(AND(L58>=10,M58>=20),MAX(0,20-L58),0)))) -> 0 | P58: =IF(AND(L58<=20,M58>=30),10,IF(AND(L58>=20,M58<=30),M58-L58,IF(AND(L58<=20,M58<=30,M58>=20),M58-20,IF(AND(L58>=20,M58>=30),30-L58,0)))) -> 0 | Q58: =IF(AND(L58<=30,M58>=40),10,IF(AND(L58>=30,M58<=40),M58-L58,IF(AND(L58<=30,M58<=40,M58>=30),M58-30,IF(AND(L58>=30,M58>=40),40-L58,0)))) -> 0 | W58: =IF(AND(U58<=10,V58<=10),V58-U58,MAX(0,10-U58)) -> 0 | X58: =IF(AND(U58<=10,V58>=20),10,IF(AND(U58>=10,V58<=20),V58-U58,IF(AND(U58<=10,V58<=20,V58>=10),V58-10,IF(AND(U58>=10,V58>=20),MAX(0,20-U58),0)))) -> 0 | Y58: =IF(AND(U58<=20,V58>=30),10,IF(AND(U58>=20,V58<=30),V58-U58,IF(AND(U58<=20,V58<=30,V58>=20),V58-20,IF(AND(U58>=20,V58>=30),30-U58,0)))) -> 0 | Z58: =IF(AND(U58<=30,V58>=40),10,IF(AND(U58>=30,V58<=40),V58-U58,IF(AND(U58<=30,V58<=40,V58>=30),V58-30,IF(AND(U58>=30,V58>=40),40-U58,0)))) -> 0 | AB58: =IF(T58>0, 1, 0) -> 0 | AG58: =IF(AND(AE58<=10,AF58<=10),AF58-AE58,MAX(0,10-AE58)) -> 0 | AH58: =IF(AND(AE58<=10,AF58>=20),10,IF(AND(AE58>=10,AF58<=20),AF58-AE58,IF(AND(AE58<=10,AF58<=20,AF58>=10),AF58-10,IF(AND(AE58>=10,AF58>=20),MAX(0,20-AE58),0)))) -> 0 | AI58: =IF(AND(AE58<=20,AF58>=30),10,IF(AND(AE58>=20,AF58<=30),AF58-AE58,IF(AND(AE58<=20,AF58<=30,AF58>=20),AF58-20,IF(AND(AE58>=20,AF58>=30),30-AE58,0)))) -> 0 | AJ58: =IF(AND(AE58<=30,AF58>=40),10,IF(AND(AE58>=30,AF58<=40),AF58-AE58,IF(AND(AE58<=30,AF58<=40,AF58>=30),AF58-30,IF(AND(AE58>=30,AF58>=40),40-AE58,0)))) -> 0 | AL58: =IF(AD58>0, 1, 0) -> 0 | AQ58: =IF(AND(AO58<=10,AP58<=10),AP58-AO58,MAX(0,10-AO58)) -> 0 | AR58: =IF(AND(AO58<=10,AP58>=20),10,IF(AND(AO58>=10,AP58<=20),AP58-AO58,IF(AND(AO58<=10,AP58<=20,AP58>=10),AP58-10,IF(AND(AO58>=10,AP58>=20),MAX(0,20-AO58),0)))) -> 0 | AS58: =IF(AND(AO58<=20,AP58>=30),10,IF(AND(AO58>=20,AP58<=30),AP58-AO58,IF(AND(AO58<=20,AP58<=30,AP58>=20),AP58-20,IF(AND(AO58>=20,AP58>=30),30-AO58,0)))) -> 0 | AT58: =IF(AND(AO58<=30,AP58>=40),10,IF(AND(AO58>=30,AP58<=40),AP58-AO58,IF(AND(AO58<=30,AP58<=40,AP58>=30),AP58-30,IF(AND(AO58>=30,AP58>=40),40-AO58,0)))) -> 0 | AV58: =IF(AN58>0, 1, 0) -> 0 | BA58: =IF(AND(AY58<=10,AZ58<=10),AZ58-AY58,MAX(0,10-AY58)) -> 0 | BB58: =IF(AND(AY58<=10,AZ58>=20),10,IF(AND(AY58>=10,AZ58<=20),AZ58-AY58,IF(AND(AY58<=10,AZ58<=20,AZ58>=10),AZ58-10,IF(AND(AY58>=10,AZ58>=20),MAX(0,20-AY58),0)))) -> 0 | BC58: =IF(AND(AY58<=20,AZ58>=30),10,IF(AND(AY58>=20,AZ58<=30),AZ58-AY58,IF(AND(AY58<=20,AZ58<=30,AZ58>=20),AZ58-20,IF(AND(AY58>=20,AZ58>=30),30-AY58,0)))) -> 0 | BD58: =IF(AND(AY58<=30,AZ58>=40),10,IF(AND(AY58>=30,AZ58<=40),AZ58-AY58,IF(AND(AY58<=30,AZ58<=40,AZ58>=30),AZ58-30,IF(AND(AY58>=30,AZ58>=40),40-AY58,0)))) -> 0 | BF58: =IF(AX58>0, 1, 0) -> 0 | BP58: =IF(OR(BI58="YES",BL58="YES"), 1, 0) -> 0
E59: =IF(A59= "","",1) | I59: =IF(K59>0, 1, 0) -> 0 | N59: =IF(AND(L59<=10,M59<=10),M59-L59,MAX(0,10-L59)) -> 0 | O59: =IF(AND(L59<=10,M59>=20),10,IF(AND(L59>=10,M59<=20),M59-L59,IF(AND(L59<=10,M59<=20,M59>=10),M59-10,IF(AND(L59>=10,M59>=20),MAX(0,20-L59),0)))) -> 0 | P59: =IF(AND(L59<=20,M59>=30),10,IF(AND(L59>=20,M59<=30),M59-L59,IF(AND(L59<=20,M59<=30,M59>=20),M59-20,IF(AND(L59>=20,M59>=30),30-L59,0)))) -> 0 | Q59: =IF(AND(L59<=30,M59>=40),10,IF(AND(L59>=30,M59<=40),M59-L59,IF(AND(L59<=30,M59<=40,M59>=30),M59-30,IF(AND(L59>=30,M59>=40),40-L59,0)))) -> 0 | W59: =IF(AND(U59<=10,V59<=10),V59-U59,MAX(0,10-U59)) -> 0 | X59: =IF(AND(U59<=10,V59>=20),10,IF(AND(U59>=10,V59<=20),V59-U59,IF(AND(U59<=10,V59<=20,V59>=10),V59-10,IF(AND(U59>=10,V59>=20),MAX(0,20-U59),0)))) -> 0 | Y59: =IF(AND(U59<=20,V59>=30),10,IF(AND(U59>=20,V59<=30),V59-U59,IF(AND(U59<=20,V59<=30,V59>=20),V59-20,IF(AND(U59>=20,V59>=30),30-U59,0)))) -> 0 | Z59: =IF(AND(U59<=30,V59>=40),10,IF(AND(U59>=30,V59<=40),V59-U59,IF(AND(U59<=30,V59<=40,V59>=30),V59-30,IF(AND(U59>=30,V59>=40),40-U59,0)))) -> 0 | AB59: =IF(T59>0, 1, 0) -> 0 | AG59: =IF(AND(AE59<=10,AF59<=10),AF59-AE59,MAX(0,10-AE59)) -> 0 | AH59: =IF(AND(AE59<=10,AF59>=20),10,IF(AND(AE59>=10,AF59<=20),AF59-AE59,IF(AND(AE59<=10,AF59<=20,AF59>=10),AF59-10,IF(AND(AE59>=10,AF59>=20),MAX(0,20-AE59),0)))) -> 0 | AI59: =IF(AND(AE59<=20,AF59>=30),10,IF(AND(AE59>=20,AF59<=30),AF59-AE59,IF(AND(AE59<=20,AF59<=30,AF59>=20),AF59-20,IF(AND(AE59>=20,AF59>=30),30-AE59,0)))) -> 0 | AJ59: =IF(AND(AE59<=30,AF59>=40),10,IF(AND(AE59>=30,AF59<=40),AF59-AE59,IF(AND(AE59<=30,AF59<=40,AF59>=30),AF59-30,IF(AND(AE59>=30,AF59>=40),40-AE59,0)))) -> 0 | AL59: =IF(AD59>0, 1, 0) -> 0 | AQ59: =IF(AND(AO59<=10,AP59<=10),AP59-AO59,MAX(0,10-AO59)) -> 0 | AR59: =IF(AND(AO59<=10,AP59>=20),10,IF(AND(AO59>=10,AP59<=20),AP59-AO59,IF(AND(AO59<=10,AP59<=20,AP59>=10),AP59-10,IF(AND(AO59>=10,AP59>=20),MAX(0,20-AO59),0)))) -> 0 | AS59: =IF(AND(AO59<=20,AP59>=30),10,IF(AND(AO59>=20,AP59<=30),AP59-AO59,IF(AND(AO59<=20,AP59<=30,AP59>=20),AP59-20,IF(AND(AO59>=20,AP59>=30),30-AO59,0)))) -> 0 | AT59: =IF(AND(AO59<=30,AP59>=40),10,IF(AND(AO59>=30,AP59<=40),AP59-AO59,IF(AND(AO59<=30,AP59<=40,AP59>=30),AP59-30,IF(AND(AO59>=30,AP59>=40),40-AO59,0)))) -> 0 | AV59: =IF(AN59>0, 1, 0) -> 0 | BA59: =IF(AND(AY59<=10,AZ59<=10),AZ59-AY59,MAX(0,10-AY59)) -> 0 | BB59: =IF(AND(AY59<=10,AZ59>=20),10,IF(AND(AY59>=10,AZ59<=20),AZ59-AY59,IF(AND(AY59<=10,AZ59<=20,AZ59>=10),AZ59-10,IF(AND(AY59>=10,AZ59>=20),MAX(0,20-AY59),0)))) -> 0 | BC59: =IF(AND(AY59<=20,AZ59>=30),10,IF(AND(AY59>=20,AZ59<=30),AZ59-AY59,IF(AND(AY59<=20,AZ59<=30,AZ59>=20),AZ59-20,IF(AND(AY59>=20,AZ59>=30),30-AY59,0)))) -> 0 | BD59: =IF(AND(AY59<=30,AZ59>=40),10,IF(AND(AY59>=30,AZ59<=40),AZ59-AY59,IF(AND(AY59<=30,AZ59<=40,AZ59>=30),AZ59-30,IF(AND(AY59>=30,AZ59>=40),40-AY59,0)))) -> 0 | BF59: =IF(AX59>0, 1, 0) -> 0 | BP59: =IF(OR(BI59="YES",BL59="YES"), 1, 0) -> 0
E60: =IF(A60= "","",1) | I60: =IF(K60>0, 1, 0) -> 0 | N60: =IF(AND(L60<=10,M60<=10),M60-L60,MAX(0,10-L60)) -> 0 | O60: =IF(AND(L60<=10,M60>=20),10,IF(AND(L60>=10,M60<=20),M60-L60,IF(AND(L60<=10,M60<=20,M60>=10),M60-10,IF(AND(L60>=10,M60>=20),MAX(0,20-L60),0)))) -> 0 | P60: =IF(AND(L60<=20,M60>=30),10,IF(AND(L60>=20,M60<=30),M60-L60,IF(AND(L60<=20,M60<=30,M60>=20),M60-20,IF(AND(L60>=20,M60>=30),30-L60,0)))) -> 0 | Q60: =IF(AND(L60<=30,M60>=40),10,IF(AND(L60>=30,M60<=40),M60-L60,IF(AND(L60<=30,M60<=40,M60>=30),M60-30,IF(AND(L60>=30,M60>=40),40-L60,0)))) -> 0 | W60: =IF(AND(U60<=10,V60<=10),V60-U60,MAX(0,10-U60)) -> 0 | X60: =IF(AND(U60<=10,V60>=20),10,IF(AND(U60>=10,V60<=20),V60-U60,IF(AND(U60<=10,V60<=20,V60>=10),V60-10,IF(AND(U60>=10,V60>=20),MAX(0,20-U60),0)))) -> 0 | Y60: =IF(AND(U60<=20,V60>=30),10,IF(AND(U60>=20,V60<=30),V60-U60,IF(AND(U60<=20,V60<=30,V60>=20),V60-20,IF(AND(U60>=20,V60>=30),30-U60,0)))) -> 0 | Z60: =IF(AND(U60<=30,V60>=40),10,IF(AND(U60>=30,V60<=40),V60-U60,IF(AND(U60<=30,V60<=40,V60>=30),V60-30,IF(AND(U60>=30,V60>=40),40-U60,0)))) -> 0 | AB60: =IF(T60>0, 1, 0) -> 0 | AG60: =IF(AND(AE60<=10,AF60<=10),AF60-AE60,MAX(0,10-AE60)) -> 0 | AH60: =IF(AND(AE60<=10,AF60>=20),10,IF(AND(AE60>=10,AF60<=20),AF60-AE60,IF(AND(AE60<=10,AF60<=20,AF60>=10),AF60-10,IF(AND(AE60>=10,AF60>=20),MAX(0,20-AE60),0)))) -> 0 | AI60: =IF(AND(AE60<=20,AF60>=30),10,IF(AND(AE60>=20,AF60<=30),AF60-AE60,IF(AND(AE60<=20,AF60<=30,AF60>=20),AF60-20,IF(AND(AE60>=20,AF60>=30),30-AE60,0)))) -> 0 | AJ60: =IF(AND(AE60<=30,AF60>=40),10,IF(AND(AE60>=30,AF60<=40),AF60-AE60,IF(AND(AE60<=30,AF60<=40,AF60>=30),AF60-30,IF(AND(AE60>=30,AF60>=40),40-AE60,0)))) -> 0 | AL60: =IF(AD60>0, 1, 0) -> 0 | AQ60: =IF(AND(AO60<=10,AP60<=10),AP60-AO60,MAX(0,10-AO60)) -> 0 | AR60: =IF(AND(AO60<=10,AP60>=20),10,IF(AND(AO60>=10,AP60<=20),AP60-AO60,IF(AND(AO60<=10,AP60<=20,AP60>=10),AP60-10,IF(AND(AO60>=10,AP60>=20),MAX(0,20-AO60),0)))) -> 0 | AS60: =IF(AND(AO60<=20,AP60>=30),10,IF(AND(AO60>=20,AP60<=30),AP60-AO60,IF(AND(AO60<=20,AP60<=30,AP60>=20),AP60-20,IF(AND(AO60>=20,AP60>=30),30-AO60,0)))) -> 0 | AT60: =IF(AND(AO60<=30,AP60>=40),10,IF(AND(AO60>=30,AP60<=40),AP60-AO60,IF(AND(AO60<=30,AP60<=40,AP60>=30),AP60-30,IF(AND(AO60>=30,AP60>=40),40-AO60,0)))) -> 0 | AV60: =IF(AN60>0, 1, 0) -> 0 | BA60: =IF(AND(AY60<=10,AZ60<=10),AZ60-AY60,MAX(0,10-AY60)) -> 0 | BB60: =IF(AND(AY60<=10,AZ60>=20),10,IF(AND(AY60>=10,AZ60<=20),AZ60-AY60,IF(AND(AY60<=10,AZ60<=20,AZ60>=10),AZ60-10,IF(AND(AY60>=10,AZ60>=20),MAX(0,20-AY60),0)))) -> 0 | BC60: =IF(AND(AY60<=20,AZ60>=30),10,IF(AND(AY60>=20,AZ60<=30),AZ60-AY60,IF(AND(AY60<=20,AZ60<=30,AZ60>=20),AZ60-20,IF(AND(AY60>=20,AZ60>=30),30-AY60,0)))) -> 0 | BD60: =IF(AND(AY60<=30,AZ60>=40),10,IF(AND(AY60>=30,AZ60<=40),AZ60-AY60,IF(AND(AY60<=30,AZ60<=40,AZ60>=30),AZ60-30,IF(AND(AY60>=30,AZ60>=40),40-AY60,0)))) -> 0 | BF60: =IF(AX60>0, 1, 0) -> 0 | BP60: =IF(OR(BI60="YES",BL60="YES"), 1, 0) -> 0
E61: =IF(A61= "","",1) | I61: =IF(K61>0, 1, 0) -> 0 | N61: =IF(AND(L61<=10,M61<=10),M61-L61,MAX(0,10-L61)) -> 0 | O61: =IF(AND(L61<=10,M61>=20),10,IF(AND(L61>=10,M61<=20),M61-L61,IF(AND(L61<=10,M61<=20,M61>=10),M61-10,IF(AND(L61>=10,M61>=20),MAX(0,20-L61),0)))) -> 0 | P61: =IF(AND(L61<=20,M61>=30),10,IF(AND(L61>=20,M61<=30),M61-L61,IF(AND(L61<=20,M61<=30,M61>=20),M61-20,IF(AND(L61>=20,M61>=30),30-L61,0)))) -> 0 | Q61: =IF(AND(L61<=30,M61>=40),10,IF(AND(L61>=30,M61<=40),M61-L61,IF(AND(L61<=30,M61<=40,M61>=30),M61-30,IF(AND(L61>=30,M61>=40),40-L61,0)))) -> 0 | W61: =IF(AND(U61<=10,V61<=10),V61-U61,MAX(0,10-U61)) -> 0 | X61: =IF(AND(U61<=10,V61>=20),10,IF(AND(U61>=10,V61<=20),V61-U61,IF(AND(U61<=10,V61<=20,V61>=10),V61-10,IF(AND(U61>=10,V61>=20),MAX(0,20-U61),0)))) -> 0 | Y61: =IF(AND(U61<=20,V61>=30),10,IF(AND(U61>=20,V61<=30),V61-U61,IF(AND(U61<=20,V61<=30,V61>=20),V61-20,IF(AND(U61>=20,V61>=30),30-U61,0)))) -> 0 | Z61: =IF(AND(U61<=30,V61>=40),10,IF(AND(U61>=30,V61<=40),V61-U61,IF(AND(U61<=30,V61<=40,V61>=30),V61-30,IF(AND(U61>=30,V61>=40),40-U61,0)))) -> 0 | AB61: =IF(T61>0, 1, 0) -> 0 | AG61: =IF(AND(AE61<=10,AF61<=10),AF61-AE61,MAX(0,10-AE61)) -> 0 | AH61: =IF(AND(AE61<=10,AF61>=20),10,IF(AND(AE61>=10,AF61<=20),AF61-AE61,IF(AND(AE61<=10,AF61<=20,AF61>=10),AF61-10,IF(AND(AE61>=10,AF61>=20),MAX(0,20-AE61),0)))) -> 0 | AI61: =IF(AND(AE61<=20,AF61>=30),10,IF(AND(AE61>=20,AF61<=30),AF61-AE61,IF(AND(AE61<=20,AF61<=30,AF61>=20),AF61-20,IF(AND(AE61>=20,AF61>=30),30-AE61,0)))) -> 0 | AJ61: =IF(AND(AE61<=30,AF61>=40),10,IF(AND(AE61>=30,AF61<=40),AF61-AE61,IF(AND(AE61<=30,AF61<=40,AF61>=30),AF61-30,IF(AND(AE61>=30,AF61>=40),40-AE61,0)))) -> 0 | AL61: =IF(AD61>0, 1, 0) -> 0 | AQ61: =IF(AND(AO61<=10,AP61<=10),AP61-AO61,MAX(0,10-AO61)) -> 0 | AR61: =IF(AND(AO61<=10,AP61>=20),10,IF(AND(AO61>=10,AP61<=20),AP61-AO61,IF(AND(AO61<=10,AP61<=20,AP61>=10),AP61-10,IF(AND(AO61>=10,AP61>=20),MAX(0,20-AO61),0)))) -> 0 | AS61: =IF(AND(AO61<=20,AP61>=30),10,IF(AND(AO61>=20,AP61<=30),AP61-AO61,IF(AND(AO61<=20,AP61<=30,AP61>=20),AP61-20,IF(AND(AO61>=20,AP61>=30),30-AO61,0)))) -> 0 | AT61: =IF(AND(AO61<=30,AP61>=40),10,IF(AND(AO61>=30,AP61<=40),AP61-AO61,IF(AND(AO61<=30,AP61<=40,AP61>=30),AP61-30,IF(AND(AO61>=30,AP61>=40),40-AO61,0)))) -> 0 | AV61: =IF(AN61>0, 1, 0) -> 0 | BA61: =IF(AND(AY61<=10,AZ61<=10),AZ61-AY61,MAX(0,10-AY61)) -> 0 | BB61: =IF(AND(AY61<=10,AZ61>=20),10,IF(AND(AY61>=10,AZ61<=20),AZ61-AY61,IF(AND(AY61<=10,AZ61<=20,AZ61>=10),AZ61-10,IF(AND(AY61>=10,AZ61>=20),MAX(0,20-AY61),0)))) -> 0 | BC61: =IF(AND(AY61<=20,AZ61>=30),10,IF(AND(AY61>=20,AZ61<=30),AZ61-AY61,IF(AND(AY61<=20,AZ61<=30,AZ61>=20),AZ61-20,IF(AND(AY61>=20,AZ61>=30),30-AY61,0)))) -> 0 | BD61: =IF(AND(AY61<=30,AZ61>=40),10,IF(AND(AY61>=30,AZ61<=40),AZ61-AY61,IF(AND(AY61<=30,AZ61<=40,AZ61>=30),AZ61-30,IF(AND(AY61>=30,AZ61>=40),40-AY61,0)))) -> 0 | BF61: =IF(AX61>0, 1, 0) -> 0 | BP61: =IF(OR(BI61="YES",BL61="YES"), 1, 0) -> 0
E62: =IF(A62= "","",1) | I62: =IF(K62>0, 1, 0) -> 0 | N62: =IF(AND(L62<=10,M62<=10),M62-L62,MAX(0,10-L62)) -> 0 | O62: =IF(AND(L62<=10,M62>=20),10,IF(AND(L62>=10,M62<=20),M62-L62,IF(AND(L62<=10,M62<=20,M62>=10),M62-10,IF(AND(L62>=10,M62>=20),MAX(0,20-L62),0)))) -> 0 | P62: =IF(AND(L62<=20,M62>=30),10,IF(AND(L62>=20,M62<=30),M62-L62,IF(AND(L62<=20,M62<=30,M62>=20),M62-20,IF(AND(L62>=20,M62>=30),30-L62,0)))) -> 0 | Q62: =IF(AND(L62<=30,M62>=40),10,IF(AND(L62>=30,M62<=40),M62-L62,IF(AND(L62<=30,M62<=40,M62>=30),M62-30,IF(AND(L62>=30,M62>=40),40-L62,0)))) -> 0 | W62: =IF(AND(U62<=10,V62<=10),V62-U62,MAX(0,10-U62)) -> 0 | X62: =IF(AND(U62<=10,V62>=20),10,IF(AND(U62>=10,V62<=20),V62-U62,IF(AND(U62<=10,V62<=20,V62>=10),V62-10,IF(AND(U62>=10,V62>=20),MAX(0,20-U62),0)))) -> 0 | Y62: =IF(AND(U62<=20,V62>=30),10,IF(AND(U62>=20,V62<=30),V62-U62,IF(AND(U62<=20,V62<=30,V62>=20),V62-20,IF(AND(U62>=20,V62>=30),30-U62,0)))) -> 0 | Z62: =IF(AND(U62<=30,V62>=40),10,IF(AND(U62>=30,V62<=40),V62-U62,IF(AND(U62<=30,V62<=40,V62>=30),V62-30,IF(AND(U62>=30,V62>=40),40-U62,0)))) -> 0 | AB62: =IF(T62>0, 1, 0) -> 0 | AG62: =IF(AND(AE62<=10,AF62<=10),AF62-AE62,MAX(0,10-AE62)) -> 0 | AH62: =IF(AND(AE62<=10,AF62>=20),10,IF(AND(AE62>=10,AF62<=20),AF62-AE62,IF(AND(AE62<=10,AF62<=20,AF62>=10),AF62-10,IF(AND(AE62>=10,AF62>=20),MAX(0,20-AE62),0)))) -> 0 | AI62: =IF(AND(AE62<=20,AF62>=30),10,IF(AND(AE62>=20,AF62<=30),AF62-AE62,IF(AND(AE62<=20,AF62<=30,AF62>=20),AF62-20,IF(AND(AE62>=20,AF62>=30),30-AE62,0)))) -> 0 | AJ62: =IF(AND(AE62<=30,AF62>=40),10,IF(AND(AE62>=30,AF62<=40),AF62-AE62,IF(AND(AE62<=30,AF62<=40,AF62>=30),AF62-30,IF(AND(AE62>=30,AF62>=40),40-AE62,0)))) -> 0 | AL62: =IF(AD62>0, 1, 0) -> 0 | AQ62: =IF(AND(AO62<=10,AP62<=10),AP62-AO62,MAX(0,10-AO62)) -> 0 | AR62: =IF(AND(AO62<=10,AP62>=20),10,IF(AND(AO62>=10,AP62<=20),AP62-AO62,IF(AND(AO62<=10,AP62<=20,AP62>=10),AP62-10,IF(AND(AO62>=10,AP62>=20),MAX(0,20-AO62),0)))) -> 0 | AS62: =IF(AND(AO62<=20,AP62>=30),10,IF(AND(AO62>=20,AP62<=30),AP62-AO62,IF(AND(AO62<=20,AP62<=30,AP62>=20),AP62-20,IF(AND(AO62>=20,AP62>=30),30-AO62,0)))) -> 0 | AT62: =IF(AND(AO62<=30,AP62>=40),10,IF(AND(AO62>=30,AP62<=40),AP62-AO62,IF(AND(AO62<=30,AP62<=40,AP62>=30),AP62-30,IF(AND(AO62>=30,AP62>=40),40-AO62,0)))) -> 0 | AV62: =IF(AN62>0, 1, 0) -> 0 | BA62: =IF(AND(AY62<=10,AZ62<=10),AZ62-AY62,MAX(0,10-AY62)) -> 0 | BB62: =IF(AND(AY62<=10,AZ62>=20),10,IF(AND(AY62>=10,AZ62<=20),AZ62-AY62,IF(AND(AY62<=10,AZ62<=20,AZ62>=10),AZ62-10,IF(AND(AY62>=10,AZ62>=20),MAX(0,20-AY62),0)))) -> 0 | BC62: =IF(AND(AY62<=20,AZ62>=30),10,IF(AND(AY62>=20,AZ62<=30),AZ62-AY62,IF(AND(AY62<=20,AZ62<=30,AZ62>=20),AZ62-20,IF(AND(AY62>=20,AZ62>=30),30-AY62,0)))) -> 0 | BD62: =IF(AND(AY62<=30,AZ62>=40),10,IF(AND(AY62>=30,AZ62<=40),AZ62-AY62,IF(AND(AY62<=30,AZ62<=40,AZ62>=30),AZ62-30,IF(AND(AY62>=30,AZ62>=40),40-AY62,0)))) -> 0 | BF62: =IF(AX62>0, 1, 0) -> 0 | BP62: =IF(OR(BI62="YES",BL62="YES"), 1, 0) -> 0
E63: =IF(A63= "","",1) | I63: =IF(K63>0, 1, 0) -> 0 | N63: =IF(AND(L63<=10,M63<=10),M63-L63,MAX(0,10-L63)) -> 0 | O63: =IF(AND(L63<=10,M63>=20),10,IF(AND(L63>=10,M63<=20),M63-L63,IF(AND(L63<=10,M63<=20,M63>=10),M63-10,IF(AND(L63>=10,M63>=20),MAX(0,20-L63),0)))) -> 0 | P63: =IF(AND(L63<=20,M63>=30),10,IF(AND(L63>=20,M63<=30),M63-L63,IF(AND(L63<=20,M63<=30,M63>=20),M63-20,IF(AND(L63>=20,M63>=30),30-L63,0)))) -> 0 | Q63: =IF(AND(L63<=30,M63>=40),10,IF(AND(L63>=30,M63<=40),M63-L63,IF(AND(L63<=30,M63<=40,M63>=30),M63-30,IF(AND(L63>=30,M63>=40),40-L63,0)))) -> 0 | W63: =IF(AND(U63<=10,V63<=10),V63-U63,MAX(0,10-U63)) -> 0 | X63: =IF(AND(U63<=10,V63>=20),10,IF(AND(U63>=10,V63<=20),V63-U63,IF(AND(U63<=10,V63<=20,V63>=10),V63-10,IF(AND(U63>=10,V63>=20),MAX(0,20-U63),0)))) -> 0 | Y63: =IF(AND(U63<=20,V63>=30),10,IF(AND(U63>=20,V63<=30),V63-U63,IF(AND(U63<=20,V63<=30,V63>=20),V63-20,IF(AND(U63>=20,V63>=30),30-U63,0)))) -> 0 | Z63: =IF(AND(U63<=30,V63>=40),10,IF(AND(U63>=30,V63<=40),V63-U63,IF(AND(U63<=30,V63<=40,V63>=30),V63-30,IF(AND(U63>=30,V63>=40),40-U63,0)))) -> 0 | AB63: =IF(T63>0, 1, 0) -> 0 | AG63: =IF(AND(AE63<=10,AF63<=10),AF63-AE63,MAX(0,10-AE63)) -> 0 | AH63: =IF(AND(AE63<=10,AF63>=20),10,IF(AND(AE63>=10,AF63<=20),AF63-AE63,IF(AND(AE63<=10,AF63<=20,AF63>=10),AF63-10,IF(AND(AE63>=10,AF63>=20),MAX(0,20-AE63),0)))) -> 0 | AI63: =IF(AND(AE63<=20,AF63>=30),10,IF(AND(AE63>=20,AF63<=30),AF63-AE63,IF(AND(AE63<=20,AF63<=30,AF63>=20),AF63-20,IF(AND(AE63>=20,AF63>=30),30-AE63,0)))) -> 0 | AJ63: =IF(AND(AE63<=30,AF63>=40),10,IF(AND(AE63>=30,AF63<=40),AF63-AE63,IF(AND(AE63<=30,AF63<=40,AF63>=30),AF63-30,IF(AND(AE63>=30,AF63>=40),40-AE63,0)))) -> 0 | AL63: =IF(AD63>0, 1, 0) -> 0 | AQ63: =IF(AND(AO63<=10,AP63<=10),AP63-AO63,MAX(0,10-AO63)) -> 0 | AR63: =IF(AND(AO63<=10,AP63>=20),10,IF(AND(AO63>=10,AP63<=20),AP63-AO63,IF(AND(AO63<=10,AP63<=20,AP63>=10),AP63-10,IF(AND(AO63>=10,AP63>=20),MAX(0,20-AO63),0)))) -> 0 | AS63: =IF(AND(AO63<=20,AP63>=30),10,IF(AND(AO63>=20,AP63<=30),AP63-AO63,IF(AND(AO63<=20,AP63<=30,AP63>=20),AP63-20,IF(AND(AO63>=20,AP63>=30),30-AO63,0)))) -> 0 | AT63: =IF(AND(AO63<=30,AP63>=40),10,IF(AND(AO63>=30,AP63<=40),AP63-AO63,IF(AND(AO63<=30,AP63<=40,AP63>=30),AP63-30,IF(AND(AO63>=30,AP63>=40),40-AO63,0)))) -> 0 | AV63: =IF(AN63>0, 1, 0) -> 0 | BA63: =IF(AND(AY63<=10,AZ63<=10),AZ63-AY63,MAX(0,10-AY63)) -> 0 | BB63: =IF(AND(AY63<=10,AZ63>=20),10,IF(AND(AY63>=10,AZ63<=20),AZ63-AY63,IF(AND(AY63<=10,AZ63<=20,AZ63>=10),AZ63-10,IF(AND(AY63>=10,AZ63>=20),MAX(0,20-AY63),0)))) -> 0 | BC63: =IF(AND(AY63<=20,AZ63>=30),10,IF(AND(AY63>=20,AZ63<=30),AZ63-AY63,IF(AND(AY63<=20,AZ63<=30,AZ63>=20),AZ63-20,IF(AND(AY63>=20,AZ63>=30),30-AY63,0)))) -> 0 | BD63: =IF(AND(AY63<=30,AZ63>=40),10,IF(AND(AY63>=30,AZ63<=40),AZ63-AY63,IF(AND(AY63<=30,AZ63<=40,AZ63>=30),AZ63-30,IF(AND(AY63>=30,AZ63>=40),40-AY63,0)))) -> 0 | BF63: =IF(AX63>0, 1, 0) -> 0 | BP63: =IF(OR(BI63="YES",BL63="YES"), 1, 0) -> 0
E64: =IF(A64= "","",1) | I64: =IF(K64>0, 1, 0) -> 0 | N64: =IF(AND(L64<=10,M64<=10),M64-L64,MAX(0,10-L64)) -> 0 | O64: =IF(AND(L64<=10,M64>=20),10,IF(AND(L64>=10,M64<=20),M64-L64,IF(AND(L64<=10,M64<=20,M64>=10),M64-10,IF(AND(L64>=10,M64>=20),MAX(0,20-L64),0)))) -> 0 | P64: =IF(AND(L64<=20,M64>=30),10,IF(AND(L64>=20,M64<=30),M64-L64,IF(AND(L64<=20,M64<=30,M64>=20),M64-20,IF(AND(L64>=20,M64>=30),30-L64,0)))) -> 0 | Q64: =IF(AND(L64<=30,M64>=40),10,IF(AND(L64>=30,M64<=40),M64-L64,IF(AND(L64<=30,M64<=40,M64>=30),M64-30,IF(AND(L64>=30,M64>=40),40-L64,0)))) -> 0 | W64: =IF(AND(U64<=10,V64<=10),V64-U64,MAX(0,10-U64)) -> 0 | X64: =IF(AND(U64<=10,V64>=20),10,IF(AND(U64>=10,V64<=20),V64-U64,IF(AND(U64<=10,V64<=20,V64>=10),V64-10,IF(AND(U64>=10,V64>=20),MAX(0,20-U64),0)))) -> 0 | Y64: =IF(AND(U64<=20,V64>=30),10,IF(AND(U64>=20,V64<=30),V64-U64,IF(AND(U64<=20,V64<=30,V64>=20),V64-20,IF(AND(U64>=20,V64>=30),30-U64,0)))) -> 0 | Z64: =IF(AND(U64<=30,V64>=40),10,IF(AND(U64>=30,V64<=40),V64-U64,IF(AND(U64<=30,V64<=40,V64>=30),V64-30,IF(AND(U64>=30,V64>=40),40-U64,0)))) -> 0 | AB64: =IF(T64>0, 1, 0) -> 0 | AG64: =IF(AND(AE64<=10,AF64<=10),AF64-AE64,MAX(0,10-AE64)) -> 0 | AH64: =IF(AND(AE64<=10,AF64>=20),10,IF(AND(AE64>=10,AF64<=20),AF64-AE64,IF(AND(AE64<=10,AF64<=20,AF64>=10),AF64-10,IF(AND(AE64>=10,AF64>=20),MAX(0,20-AE64),0)))) -> 0 | AI64: =IF(AND(AE64<=20,AF64>=30),10,IF(AND(AE64>=20,AF64<=30),AF64-AE64,IF(AND(AE64<=20,AF64<=30,AF64>=20),AF64-20,IF(AND(AE64>=20,AF64>=30),30-AE64,0)))) -> 0 | AJ64: =IF(AND(AE64<=30,AF64>=40),10,IF(AND(AE64>=30,AF64<=40),AF64-AE64,IF(AND(AE64<=30,AF64<=40,AF64>=30),AF64-30,IF(AND(AE64>=30,AF64>=40),40-AE64,0)))) -> 0 | AL64: =IF(AD64>0, 1, 0) -> 0 | AQ64: =IF(AND(AO64<=10,AP64<=10),AP64-AO64,MAX(0,10-AO64)) -> 0 | AR64: =IF(AND(AO64<=10,AP64>=20),10,IF(AND(AO64>=10,AP64<=20),AP64-AO64,IF(AND(AO64<=10,AP64<=20,AP64>=10),AP64-10,IF(AND(AO64>=10,AP64>=20),MAX(0,20-AO64),0)))) -> 0 | AS64: =IF(AND(AO64<=20,AP64>=30),10,IF(AND(AO64>=20,AP64<=30),AP64-AO64,IF(AND(AO64<=20,AP64<=30,AP64>=20),AP64-20,IF(AND(AO64>=20,AP64>=30),30-AO64,0)))) -> 0 | AT64: =IF(AND(AO64<=30,AP64>=40),10,IF(AND(AO64>=30,AP64<=40),AP64-AO64,IF(AND(AO64<=30,AP64<=40,AP64>=30),AP64-30,IF(AND(AO64>=30,AP64>=40),40-AO64,0)))) -> 0 | AV64: =IF(AN64>0, 1, 0) -> 0 | BA64: =IF(AND(AY64<=10,AZ64<=10),AZ64-AY64,MAX(0,10-AY64)) -> 0 | BB64: =IF(AND(AY64<=10,AZ64>=20),10,IF(AND(AY64>=10,AZ64<=20),AZ64-AY64,IF(AND(AY64<=10,AZ64<=20,AZ64>=10),AZ64-10,IF(AND(AY64>=10,AZ64>=20),MAX(0,20-AY64),0)))) -> 0 | BC64: =IF(AND(AY64<=20,AZ64>=30),10,IF(AND(AY64>=20,AZ64<=30),AZ64-AY64,IF(AND(AY64<=20,AZ64<=30,AZ64>=20),AZ64-20,IF(AND(AY64>=20,AZ64>=30),30-AY64,0)))) -> 0 | BD64: =IF(AND(AY64<=30,AZ64>=40),10,IF(AND(AY64>=30,AZ64<=40),AZ64-AY64,IF(AND(AY64<=30,AZ64<=40,AZ64>=30),AZ64-30,IF(AND(AY64>=30,AZ64>=40),40-AY64,0)))) -> 0 | BF64: =IF(AX64>0, 1, 0) -> 0 | BP64: =IF(OR(BI64="YES",BL64="YES"), 1, 0) -> 0
E65: =IF(A65= "","",1) | I65: =IF(K65>0, 1, 0) -> 0 | N65: =IF(AND(L65<=10,M65<=10),M65-L65,MAX(0,10-L65)) -> 0 | O65: =IF(AND(L65<=10,M65>=20),10,IF(AND(L65>=10,M65<=20),M65-L65,IF(AND(L65<=10,M65<=20,M65>=10),M65-10,IF(AND(L65>=10,M65>=20),MAX(0,20-L65),0)))) -> 0 | P65: =IF(AND(L65<=20,M65>=30),10,IF(AND(L65>=20,M65<=30),M65-L65,IF(AND(L65<=20,M65<=30,M65>=20),M65-20,IF(AND(L65>=20,M65>=30),30-L65,0)))) -> 0 | Q65: =IF(AND(L65<=30,M65>=40),10,IF(AND(L65>=30,M65<=40),M65-L65,IF(AND(L65<=30,M65<=40,M65>=30),M65-30,IF(AND(L65>=30,M65>=40),40-L65,0)))) -> 0 | W65: =IF(AND(U65<=10,V65<=10),V65-U65,MAX(0,10-U65)) -> 0 | X65: =IF(AND(U65<=10,V65>=20),10,IF(AND(U65>=10,V65<=20),V65-U65,IF(AND(U65<=10,V65<=20,V65>=10),V65-10,IF(AND(U65>=10,V65>=20),MAX(0,20-U65),0)))) -> 0 | Y65: =IF(AND(U65<=20,V65>=30),10,IF(AND(U65>=20,V65<=30),V65-U65,IF(AND(U65<=20,V65<=30,V65>=20),V65-20,IF(AND(U65>=20,V65>=30),30-U65,0)))) -> 0 | Z65: =IF(AND(U65<=30,V65>=40),10,IF(AND(U65>=30,V65<=40),V65-U65,IF(AND(U65<=30,V65<=40,V65>=30),V65-30,IF(AND(U65>=30,V65>=40),40-U65,0)))) -> 0 | AB65: =IF(T65>0, 1, 0) -> 0 | AG65: =IF(AND(AE65<=10,AF65<=10),AF65-AE65,MAX(0,10-AE65)) -> 0 | AH65: =IF(AND(AE65<=10,AF65>=20),10,IF(AND(AE65>=10,AF65<=20),AF65-AE65,IF(AND(AE65<=10,AF65<=20,AF65>=10),AF65-10,IF(AND(AE65>=10,AF65>=20),MAX(0,20-AE65),0)))) -> 0 | AI65: =IF(AND(AE65<=20,AF65>=30),10,IF(AND(AE65>=20,AF65<=30),AF65-AE65,IF(AND(AE65<=20,AF65<=30,AF65>=20),AF65-20,IF(AND(AE65>=20,AF65>=30),30-AE65,0)))) -> 0 | AJ65: =IF(AND(AE65<=30,AF65>=40),10,IF(AND(AE65>=30,AF65<=40),AF65-AE65,IF(AND(AE65<=30,AF65<=40,AF65>=30),AF65-30,IF(AND(AE65>=30,AF65>=40),40-AE65,0)))) -> 0 | AL65: =IF(AD65>0, 1, 0) -> 0 | AQ65: =IF(AND(AO65<=10,AP65<=10),AP65-AO65,MAX(0,10-AO65)) -> 0 | AR65: =IF(AND(AO65<=10,AP65>=20),10,IF(AND(AO65>=10,AP65<=20),AP65-AO65,IF(AND(AO65<=10,AP65<=20,AP65>=10),AP65-10,IF(AND(AO65>=10,AP65>=20),MAX(0,20-AO65),0)))) -> 0 | AS65: =IF(AND(AO65<=20,AP65>=30),10,IF(AND(AO65>=20,AP65<=30),AP65-AO65,IF(AND(AO65<=20,AP65<=30,AP65>=20),AP65-20,IF(AND(AO65>=20,AP65>=30),30-AO65,0)))) -> 0 | AT65: =IF(AND(AO65<=30,AP65>=40),10,IF(AND(AO65>=30,AP65<=40),AP65-AO65,IF(AND(AO65<=30,AP65<=40,AP65>=30),AP65-30,IF(AND(AO65>=30,AP65>=40),40-AO65,0)))) -> 0 | AV65: =IF(AN65>0, 1, 0) -> 0 | BA65: =IF(AND(AY65<=10,AZ65<=10),AZ65-AY65,MAX(0,10-AY65)) -> 0 | BB65: =IF(AND(AY65<=10,AZ65>=20),10,IF(AND(AY65>=10,AZ65<=20),AZ65-AY65,IF(AND(AY65<=10,AZ65<=20,AZ65>=10),AZ65-10,IF(AND(AY65>=10,AZ65>=20),MAX(0,20-AY65),0)))) -> 0 | BC65: =IF(AND(AY65<=20,AZ65>=30),10,IF(AND(AY65>=20,AZ65<=30),AZ65-AY65,IF(AND(AY65<=20,AZ65<=30,AZ65>=20),AZ65-20,IF(AND(AY65>=20,AZ65>=30),30-AY65,0)))) -> 0 | BD65: =IF(AND(AY65<=30,AZ65>=40),10,IF(AND(AY65>=30,AZ65<=40),AZ65-AY65,IF(AND(AY65<=30,AZ65<=40,AZ65>=30),AZ65-30,IF(AND(AY65>=30,AZ65>=40),40-AY65,0)))) -> 0 | BF65: =IF(AX65>0, 1, 0) -> 0 | BP65: =IF(OR(BI65="YES",BL65="YES"), 1, 0) -> 0
E66: =IF(A66= "","",1) | I66: =IF(K66>0, 1, 0) -> 0 | N66: =IF(AND(L66<=10,M66<=10),M66-L66,MAX(0,10-L66)) -> 0 | O66: =IF(AND(L66<=10,M66>=20),10,IF(AND(L66>=10,M66<=20),M66-L66,IF(AND(L66<=10,M66<=20,M66>=10),M66-10,IF(AND(L66>=10,M66>=20),MAX(0,20-L66),0)))) -> 0 | P66: =IF(AND(L66<=20,M66>=30),10,IF(AND(L66>=20,M66<=30),M66-L66,IF(AND(L66<=20,M66<=30,M66>=20),M66-20,IF(AND(L66>=20,M66>=30),30-L66,0)))) -> 0 | Q66: =IF(AND(L66<=30,M66>=40),10,IF(AND(L66>=30,M66<=40),M66-L66,IF(AND(L66<=30,M66<=40,M66>=30),M66-30,IF(AND(L66>=30,M66>=40),40-L66,0)))) -> 0 | W66: =IF(AND(U66<=10,V66<=10),V66-U66,MAX(0,10-U66)) -> 0 | X66: =IF(AND(U66<=10,V66>=20),10,IF(AND(U66>=10,V66<=20),V66-U66,IF(AND(U66<=10,V66<=20,V66>=10),V66-10,IF(AND(U66>=10,V66>=20),MAX(0,20-U66),0)))) -> 0 | Y66: =IF(AND(U66<=20,V66>=30),10,IF(AND(U66>=20,V66<=30),V66-U66,IF(AND(U66<=20,V66<=30,V66>=20),V66-20,IF(AND(U66>=20,V66>=30),30-U66,0)))) -> 0 | Z66: =IF(AND(U66<=30,V66>=40),10,IF(AND(U66>=30,V66<=40),V66-U66,IF(AND(U66<=30,V66<=40,V66>=30),V66-30,IF(AND(U66>=30,V66>=40),40-U66,0)))) -> 0 | AB66: =IF(T66>0, 1, 0) -> 0 | AG66: =IF(AND(AE66<=10,AF66<=10),AF66-AE66,MAX(0,10-AE66)) -> 0 | AH66: =IF(AND(AE66<=10,AF66>=20),10,IF(AND(AE66>=10,AF66<=20),AF66-AE66,IF(AND(AE66<=10,AF66<=20,AF66>=10),AF66-10,IF(AND(AE66>=10,AF66>=20),MAX(0,20-AE66),0)))) -> 0 | AI66: =IF(AND(AE66<=20,AF66>=30),10,IF(AND(AE66>=20,AF66<=30),AF66-AE66,IF(AND(AE66<=20,AF66<=30,AF66>=20),AF66-20,IF(AND(AE66>=20,AF66>=30),30-AE66,0)))) -> 0 | AJ66: =IF(AND(AE66<=30,AF66>=40),10,IF(AND(AE66>=30,AF66<=40),AF66-AE66,IF(AND(AE66<=30,AF66<=40,AF66>=30),AF66-30,IF(AND(AE66>=30,AF66>=40),40-AE66,0)))) -> 0 | AL66: =IF(AD66>0, 1, 0) -> 0 | AQ66: =IF(AND(AO66<=10,AP66<=10),AP66-AO66,MAX(0,10-AO66)) -> 0 | AR66: =IF(AND(AO66<=10,AP66>=20),10,IF(AND(AO66>=10,AP66<=20),AP66-AO66,IF(AND(AO66<=10,AP66<=20,AP66>=10),AP66-10,IF(AND(AO66>=10,AP66>=20),MAX(0,20-AO66),0)))) -> 0 | AS66: =IF(AND(AO66<=20,AP66>=30),10,IF(AND(AO66>=20,AP66<=30),AP66-AO66,IF(AND(AO66<=20,AP66<=30,AP66>=20),AP66-20,IF(AND(AO66>=20,AP66>=30),30-AO66,0)))) -> 0 | AT66: =IF(AND(AO66<=30,AP66>=40),10,IF(AND(AO66>=30,AP66<=40),AP66-AO66,IF(AND(AO66<=30,AP66<=40,AP66>=30),AP66-30,IF(AND(AO66>=30,AP66>=40),40-AO66,0)))) -> 0 | AV66: =IF(AN66>0, 1, 0) -> 0 | BA66: =IF(AND(AY66<=10,AZ66<=10),AZ66-AY66,MAX(0,10-AY66)) -> 0 | BB66: =IF(AND(AY66<=10,AZ66>=20),10,IF(AND(AY66>=10,AZ66<=20),AZ66-AY66,IF(AND(AY66<=10,AZ66<=20,AZ66>=10),AZ66-10,IF(AND(AY66>=10,AZ66>=20),MAX(0,20-AY66),0)))) -> 0 | BC66: =IF(AND(AY66<=20,AZ66>=30),10,IF(AND(AY66>=20,AZ66<=30),AZ66-AY66,IF(AND(AY66<=20,AZ66<=30,AZ66>=20),AZ66-20,IF(AND(AY66>=20,AZ66>=30),30-AY66,0)))) -> 0 | BD66: =IF(AND(AY66<=30,AZ66>=40),10,IF(AND(AY66>=30,AZ66<=40),AZ66-AY66,IF(AND(AY66<=30,AZ66<=40,AZ66>=30),AZ66-30,IF(AND(AY66>=30,AZ66>=40),40-AY66,0)))) -> 0 | BF66: =IF(AX66>0, 1, 0) -> 0 | BP66: =IF(OR(BI66="YES",BL66="YES"), 1, 0) -> 0
E67: =IF(A67= "","",1) | I67: =IF(K67>0, 1, 0) -> 0 | N67: =IF(AND(L67<=10,M67<=10),M67-L67,MAX(0,10-L67)) -> 0 | O67: =IF(AND(L67<=10,M67>=20),10,IF(AND(L67>=10,M67<=20),M67-L67,IF(AND(L67<=10,M67<=20,M67>=10),M67-10,IF(AND(L67>=10,M67>=20),MAX(0,20-L67),0)))) -> 0 | P67: =IF(AND(L67<=20,M67>=30),10,IF(AND(L67>=20,M67<=30),M67-L67,IF(AND(L67<=20,M67<=30,M67>=20),M67-20,IF(AND(L67>=20,M67>=30),30-L67,0)))) -> 0 | Q67: =IF(AND(L67<=30,M67>=40),10,IF(AND(L67>=30,M67<=40),M67-L67,IF(AND(L67<=30,M67<=40,M67>=30),M67-30,IF(AND(L67>=30,M67>=40),40-L67,0)))) -> 0 | W67: =IF(AND(U67<=10,V67<=10),V67-U67,MAX(0,10-U67)) -> 0 | X67: =IF(AND(U67<=10,V67>=20),10,IF(AND(U67>=10,V67<=20),V67-U67,IF(AND(U67<=10,V67<=20,V67>=10),V67-10,IF(AND(U67>=10,V67>=20),MAX(0,20-U67),0)))) -> 0 | Y67: =IF(AND(U67<=20,V67>=30),10,IF(AND(U67>=20,V67<=30),V67-U67,IF(AND(U67<=20,V67<=30,V67>=20),V67-20,IF(AND(U67>=20,V67>=30),30-U67,0)))) -> 0 | Z67: =IF(AND(U67<=30,V67>=40),10,IF(AND(U67>=30,V67<=40),V67-U67,IF(AND(U67<=30,V67<=40,V67>=30),V67-30,IF(AND(U67>=30,V67>=40),40-U67,0)))) -> 0 | AB67: =IF(T67>0, 1, 0) -> 0 | AG67: =IF(AND(AE67<=10,AF67<=10),AF67-AE67,MAX(0,10-AE67)) -> 0 | AH67: =IF(AND(AE67<=10,AF67>=20),10,IF(AND(AE67>=10,AF67<=20),AF67-AE67,IF(AND(AE67<=10,AF67<=20,AF67>=10),AF67-10,IF(AND(AE67>=10,AF67>=20),MAX(0,20-AE67),0)))) -> 0 | AI67: =IF(AND(AE67<=20,AF67>=30),10,IF(AND(AE67>=20,AF67<=30),AF67-AE67,IF(AND(AE67<=20,AF67<=30,AF67>=20),AF67-20,IF(AND(AE67>=20,AF67>=30),30-AE67,0)))) -> 0 | AJ67: =IF(AND(AE67<=30,AF67>=40),10,IF(AND(AE67>=30,AF67<=40),AF67-AE67,IF(AND(AE67<=30,AF67<=40,AF67>=30),AF67-30,IF(AND(AE67>=30,AF67>=40),40-AE67,0)))) -> 0 | AL67: =IF(AD67>0, 1, 0) -> 0 | AQ67: =IF(AND(AO67<=10,AP67<=10),AP67-AO67,MAX(0,10-AO67)) -> 0 | AR67: =IF(AND(AO67<=10,AP67>=20),10,IF(AND(AO67>=10,AP67<=20),AP67-AO67,IF(AND(AO67<=10,AP67<=20,AP67>=10),AP67-10,IF(AND(AO67>=10,AP67>=20),MAX(0,20-AO67),0)))) -> 0 | AS67: =IF(AND(AO67<=20,AP67>=30),10,IF(AND(AO67>=20,AP67<=30),AP67-AO67,IF(AND(AO67<=20,AP67<=30,AP67>=20),AP67-20,IF(AND(AO67>=20,AP67>=30),30-AO67,0)))) -> 0 | AT67: =IF(AND(AO67<=30,AP67>=40),10,IF(AND(AO67>=30,AP67<=40),AP67-AO67,IF(AND(AO67<=30,AP67<=40,AP67>=30),AP67-30,IF(AND(AO67>=30,AP67>=40),40-AO67,0)))) -> 0 | AV67: =IF(AN67>0, 1, 0) -> 0 | BA67: =IF(AND(AY67<=10,AZ67<=10),AZ67-AY67,MAX(0,10-AY67)) -> 0 | BB67: =IF(AND(AY67<=10,AZ67>=20),10,IF(AND(AY67>=10,AZ67<=20),AZ67-AY67,IF(AND(AY67<=10,AZ67<=20,AZ67>=10),AZ67-10,IF(AND(AY67>=10,AZ67>=20),MAX(0,20-AY67),0)))) -> 0 | BC67: =IF(AND(AY67<=20,AZ67>=30),10,IF(AND(AY67>=20,AZ67<=30),AZ67-AY67,IF(AND(AY67<=20,AZ67<=30,AZ67>=20),AZ67-20,IF(AND(AY67>=20,AZ67>=30),30-AY67,0)))) -> 0 | BD67: =IF(AND(AY67<=30,AZ67>=40),10,IF(AND(AY67>=30,AZ67<=40),AZ67-AY67,IF(AND(AY67<=30,AZ67<=40,AZ67>=30),AZ67-30,IF(AND(AY67>=30,AZ67>=40),40-AY67,0)))) -> 0 | BF67: =IF(AX67>0, 1, 0) -> 0 | BP67: =IF(OR(BI67="YES",BL67="YES"), 1, 0) -> 0
E68: =IF(A68= "","",1) | I68: =IF(K68>0, 1, 0) -> 0 | N68: =IF(AND(L68<=10,M68<=10),M68-L68,MAX(0,10-L68)) -> 0 | O68: =IF(AND(L68<=10,M68>=20),10,IF(AND(L68>=10,M68<=20),M68-L68,IF(AND(L68<=10,M68<=20,M68>=10),M68-10,IF(AND(L68>=10,M68>=20),MAX(0,20-L68),0)))) -> 0 | P68: =IF(AND(L68<=20,M68>=30),10,IF(AND(L68>=20,M68<=30),M68-L68,IF(AND(L68<=20,M68<=30,M68>=20),M68-20,IF(AND(L68>=20,M68>=30),30-L68,0)))) -> 0 | Q68: =IF(AND(L68<=30,M68>=40),10,IF(AND(L68>=30,M68<=40),M68-L68,IF(AND(L68<=30,M68<=40,M68>=30),M68-30,IF(AND(L68>=30,M68>=40),40-L68,0)))) -> 0 | W68: =IF(AND(U68<=10,V68<=10),V68-U68,MAX(0,10-U68)) -> 0 | X68: =IF(AND(U68<=10,V68>=20),10,IF(AND(U68>=10,V68<=20),V68-U68,IF(AND(U68<=10,V68<=20,V68>=10),V68-10,IF(AND(U68>=10,V68>=20),MAX(0,20-U68),0)))) -> 0 | Y68: =IF(AND(U68<=20,V68>=30),10,IF(AND(U68>=20,V68<=30),V68-U68,IF(AND(U68<=20,V68<=30,V68>=20),V68-20,IF(AND(U68>=20,V68>=30),30-U68,0)))) -> 0 | Z68: =IF(AND(U68<=30,V68>=40),10,IF(AND(U68>=30,V68<=40),V68-U68,IF(AND(U68<=30,V68<=40,V68>=30),V68-30,IF(AND(U68>=30,V68>=40),40-U68,0)))) -> 0 | AB68: =IF(T68>0, 1, 0) -> 0 | AG68: =IF(AND(AE68<=10,AF68<=10),AF68-AE68,MAX(0,10-AE68)) -> 0 | AH68: =IF(AND(AE68<=10,AF68>=20),10,IF(AND(AE68>=10,AF68<=20),AF68-AE68,IF(AND(AE68<=10,AF68<=20,AF68>=10),AF68-10,IF(AND(AE68>=10,AF68>=20),MAX(0,20-AE68),0)))) -> 0 | AI68: =IF(AND(AE68<=20,AF68>=30),10,IF(AND(AE68>=20,AF68<=30),AF68-AE68,IF(AND(AE68<=20,AF68<=30,AF68>=20),AF68-20,IF(AND(AE68>=20,AF68>=30),30-AE68,0)))) -> 0 | AJ68: =IF(AND(AE68<=30,AF68>=40),10,IF(AND(AE68>=30,AF68<=40),AF68-AE68,IF(AND(AE68<=30,AF68<=40,AF68>=30),AF68-30,IF(AND(AE68>=30,AF68>=40),40-AE68,0)))) -> 0 | AL68: =IF(AD68>0, 1, 0) -> 0 | AQ68: =IF(AND(AO68<=10,AP68<=10),AP68-AO68,MAX(0,10-AO68)) -> 0 | AR68: =IF(AND(AO68<=10,AP68>=20),10,IF(AND(AO68>=10,AP68<=20),AP68-AO68,IF(AND(AO68<=10,AP68<=20,AP68>=10),AP68-10,IF(AND(AO68>=10,AP68>=20),MAX(0,20-AO68),0)))) -> 0 | AS68: =IF(AND(AO68<=20,AP68>=30),10,IF(AND(AO68>=20,AP68<=30),AP68-AO68,IF(AND(AO68<=20,AP68<=30,AP68>=20),AP68-20,IF(AND(AO68>=20,AP68>=30),30-AO68,0)))) -> 0 | AT68: =IF(AND(AO68<=30,AP68>=40),10,IF(AND(AO68>=30,AP68<=40),AP68-AO68,IF(AND(AO68<=30,AP68<=40,AP68>=30),AP68-30,IF(AND(AO68>=30,AP68>=40),40-AO68,0)))) -> 0 | AV68: =IF(AN68>0, 1, 0) -> 0 | BA68: =IF(AND(AY68<=10,AZ68<=10),AZ68-AY68,MAX(0,10-AY68)) -> 0 | BB68: =IF(AND(AY68<=10,AZ68>=20),10,IF(AND(AY68>=10,AZ68<=20),AZ68-AY68,IF(AND(AY68<=10,AZ68<=20,AZ68>=10),AZ68-10,IF(AND(AY68>=10,AZ68>=20),MAX(0,20-AY68),0)))) -> 0 | BC68: =IF(AND(AY68<=20,AZ68>=30),10,IF(AND(AY68>=20,AZ68<=30),AZ68-AY68,IF(AND(AY68<=20,AZ68<=30,AZ68>=20),AZ68-20,IF(AND(AY68>=20,AZ68>=30),30-AY68,0)))) -> 0 | BD68: =IF(AND(AY68<=30,AZ68>=40),10,IF(AND(AY68>=30,AZ68<=40),AZ68-AY68,IF(AND(AY68<=30,AZ68<=40,AZ68>=30),AZ68-30,IF(AND(AY68>=30,AZ68>=40),40-AY68,0)))) -> 0 | BF68: =IF(AX68>0, 1, 0) -> 0 | BP68: =IF(OR(BI68="YES",BL68="YES"), 1, 0) -> 0
E69: =IF(A69= "","",1) | I69: =IF(K69>0, 1, 0) -> 0 | N69: =IF(AND(L69<=10,M69<=10),M69-L69,MAX(0,10-L69)) -> 0 | O69: =IF(AND(L69<=10,M69>=20),10,IF(AND(L69>=10,M69<=20),M69-L69,IF(AND(L69<=10,M69<=20,M69>=10),M69-10,IF(AND(L69>=10,M69>=20),MAX(0,20-L69),0)))) -> 0 | P69: =IF(AND(L69<=20,M69>=30),10,IF(AND(L69>=20,M69<=30),M69-L69,IF(AND(L69<=20,M69<=30,M69>=20),M69-20,IF(AND(L69>=20,M69>=30),30-L69,0)))) -> 0 | Q69: =IF(AND(L69<=30,M69>=40),10,IF(AND(L69>=30,M69<=40),M69-L69,IF(AND(L69<=30,M69<=40,M69>=30),M69-30,IF(AND(L69>=30,M69>=40),40-L69,0)))) -> 0 | W69: =IF(AND(U69<=10,V69<=10),V69-U69,MAX(0,10-U69)) -> 0 | X69: =IF(AND(U69<=10,V69>=20),10,IF(AND(U69>=10,V69<=20),V69-U69,IF(AND(U69<=10,V69<=20,V69>=10),V69-10,IF(AND(U69>=10,V69>=20),MAX(0,20-U69),0)))) -> 0 | Y69: =IF(AND(U69<=20,V69>=30),10,IF(AND(U69>=20,V69<=30),V69-U69,IF(AND(U69<=20,V69<=30,V69>=20),V69-20,IF(AND(U69>=20,V69>=30),30-U69,0)))) -> 0 | Z69: =IF(AND(U69<=30,V69>=40),10,IF(AND(U69>=30,V69<=40),V69-U69,IF(AND(U69<=30,V69<=40,V69>=30),V69-30,IF(AND(U69>=30,V69>=40),40-U69,0)))) -> 0 | AB69: =IF(T69>0, 1, 0) -> 0 | AG69: =IF(AND(AE69<=10,AF69<=10),AF69-AE69,MAX(0,10-AE69)) -> 0 | AH69: =IF(AND(AE69<=10,AF69>=20),10,IF(AND(AE69>=10,AF69<=20),AF69-AE69,IF(AND(AE69<=10,AF69<=20,AF69>=10),AF69-10,IF(AND(AE69>=10,AF69>=20),MAX(0,20-AE69),0)))) -> 0 | AI69: =IF(AND(AE69<=20,AF69>=30),10,IF(AND(AE69>=20,AF69<=30),AF69-AE69,IF(AND(AE69<=20,AF69<=30,AF69>=20),AF69-20,IF(AND(AE69>=20,AF69>=30),30-AE69,0)))) -> 0 | AJ69: =IF(AND(AE69<=30,AF69>=40),10,IF(AND(AE69>=30,AF69<=40),AF69-AE69,IF(AND(AE69<=30,AF69<=40,AF69>=30),AF69-30,IF(AND(AE69>=30,AF69>=40),40-AE69,0)))) -> 0 | AL69: =IF(AD69>0, 1, 0) -> 0 | AQ69: =IF(AND(AO69<=10,AP69<=10),AP69-AO69,MAX(0,10-AO69)) -> 0 | AR69: =IF(AND(AO69<=10,AP69>=20),10,IF(AND(AO69>=10,AP69<=20),AP69-AO69,IF(AND(AO69<=10,AP69<=20,AP69>=10),AP69-10,IF(AND(AO69>=10,AP69>=20),MAX(0,20-AO69),0)))) -> 0 | AS69: =IF(AND(AO69<=20,AP69>=30),10,IF(AND(AO69>=20,AP69<=30),AP69-AO69,IF(AND(AO69<=20,AP69<=30,AP69>=20),AP69-20,IF(AND(AO69>=20,AP69>=30),30-AO69,0)))) -> 0 | AT69: =IF(AND(AO69<=30,AP69>=40),10,IF(AND(AO69>=30,AP69<=40),AP69-AO69,IF(AND(AO69<=30,AP69<=40,AP69>=30),AP69-30,IF(AND(AO69>=30,AP69>=40),40-AO69,0)))) -> 0 | AV69: =IF(AN69>0, 1, 0) -> 0 | BA69: =IF(AND(AY69<=10,AZ69<=10),AZ69-AY69,MAX(0,10-AY69)) -> 0 | BB69: =IF(AND(AY69<=10,AZ69>=20),10,IF(AND(AY69>=10,AZ69<=20),AZ69-AY69,IF(AND(AY69<=10,AZ69<=20,AZ69>=10),AZ69-10,IF(AND(AY69>=10,AZ69>=20),MAX(0,20-AY69),0)))) -> 0 | BC69: =IF(AND(AY69<=20,AZ69>=30),10,IF(AND(AY69>=20,AZ69<=30),AZ69-AY69,IF(AND(AY69<=20,AZ69<=30,AZ69>=20),AZ69-20,IF(AND(AY69>=20,AZ69>=30),30-AY69,0)))) -> 0 | BD69: =IF(AND(AY69<=30,AZ69>=40),10,IF(AND(AY69>=30,AZ69<=40),AZ69-AY69,IF(AND(AY69<=30,AZ69<=40,AZ69>=30),AZ69-30,IF(AND(AY69>=30,AZ69>=40),40-AY69,0)))) -> 0 | BF69: =IF(AX69>0, 1, 0) -> 0 | BP69: =IF(OR(BI69="YES",BL69="YES"), 1, 0) -> 0
... E91: =IF(A91= "","",1) | I91: =IF(K91>0, 1, 0) -> 0 | N91: =IF(AND(L91<=10,M91<=10),M91-L91,MAX(0,10-L91)) -> 0 | O91: =IF(AND(L91<=10,M91>=20),10,IF(AND(L91>=10,M91<=20),M91-L91,IF(AND(L91<=10,M91<=20,M91>=10),M91-10,IF(AND(L91>=10,M91>=20),MAX(0,20-L91),0)))) -> 0 | P91: =IF(AND(L91<=20,M91>=30),10,IF(AND(L91>=20,M91<=30),M91-L91,IF(AND(L91<=20,M91<=30,M91>=20),M91-20,IF(AND(L91>=20,M91>=30),30-L91,0)))) -> 0 | Q91: =IF(AND(L91<=30,M91>=40),10,IF(AND(L91>=30,M91<=40),M91-L91,IF(AND(L91<=30,M91<=40,M91>=30),M91-30,IF(AND(L91>=30,M91>=40),40-L91,0)))) -> 0 | W91: =IF(AND(U91<=10,V91<=10),V91-U91,MAX(0,10-U91)) -> 0 | X91: =IF(AND(U91<=10,V91>=20),10,IF(AND(U91>=10,V91<=20),V91-U91,IF(AND(U91<=10,V91<=20,V91>=10),V91-10,IF(AND(U91>=10,V91>=20),MAX(0,20-U91),0)))) -> 0 | Y91: =IF(AND(U91<=20,V91>=30),10,IF(AND(U91>=20,V91<=30),V91-U91,IF(AND(U91<=20,V91<=30,V91>=20),V91-20,IF(AND(U91>=20,V91>=30),30-U91,0)))) -> 0 | Z91: =IF(AND(U91<=30,V91>=40),10,IF(AND(U91>=30,V91<=40),V91-U91,IF(AND(U91<=30,V91<=40,V91>=30),V91-30,IF(AND(U91>=30,V91>=40),40-U91,0)))) -> 0 | AB91: =IF(T91>0, 1, 0) -> 0 | AG91: =IF(AND(AE91<=10,AF91<=10),AF91-AE91,MAX(0,10-AE91)) -> 0 | AH91: =IF(AND(AE91<=10,AF91>=20),10,IF(AND(AE91>=10,AF91<=20),AF91-AE91,IF(AND(AE91<=10,AF91<=20,AF91>=10),AF91-10,IF(AND(AE91>=10,AF91>=20),MAX(0,20-AE91),0)))) -> 0 | AI91: =IF(AND(AE91<=20,AF91>=30),10,IF(AND(AE91>=20,AF91<=30),AF91-AE91,IF(AND(AE91<=20,AF91<=30,AF91>=20),AF91-20,IF(AND(AE91>=20,AF91>=30),30-AE91,0)))) -> 0 | AJ91: =IF(AND(AE91<=30,AF91>=40),10,IF(AND(AE91>=30,AF91<=40),AF91-AE91,IF(AND(AE91<=30,AF91<=40,AF91>=30),AF91-30,IF(AND(AE91>=30,AF91>=40),40-AE91,0)))) -> 0 | AL91: =IF(AD91>0, 1, 0) -> 0 | AQ91: =IF(AND(AO91<=10,AP91<=10),AP91-AO91,MAX(0,10-AO91)) -> 0 | AR91: =IF(AND(AO91<=10,AP91>=20),10,IF(AND(AO91>=10,AP91<=20),AP91-AO91,IF(AND(AO91<=10,AP91<=20,AP91>=10),AP91-10,IF(AND(AO91>=10,AP91>=20),MAX(0,20-AO91),0)))) -> 0 | AS91: =IF(AND(AO91<=20,AP91>=30),10,IF(AND(AO91>=20,AP91<=30),AP91-AO91,IF(AND(AO91<=20,AP91<=30,AP91>=20),AP91-20,IF(AND(AO91>=20,AP91>=30),30-AO91,0)))) -> 0 | AT91: =IF(AND(AO91<=30,AP91>=40),10,IF(AND(AO91>=30,AP91<=40),AP91-AO91,IF(AND(AO91<=30,AP91<=40,AP91>=30),AP91-30,IF(AND(AO91>=30,AP91>=40),40-AO91,0)))) -> 0 | AV91: =IF(AN91>0, 1, 0) -> 0 | BA91: =IF(AND(AY91<=10,AZ91<=10),AZ91-AY91,MAX(0,10-AY91)) -> 0 | BB91: =IF(AND(AY91<=10,AZ91>=20),10,IF(AND(AY91>=10,AZ91<=20),AZ91-AY91,IF(AND(AY91<=10,AZ91<=20,AZ91>=10),AZ91-10,IF(AND(AY91>=10,AZ91>=20),MAX(0,20-AY91),0)))) -> 0 | BC91: =IF(AND(AY91<=20,AZ91>=30),10,IF(AND(AY91>=20,AZ91<=30),AZ91-AY91,IF(AND(AY91<=20,AZ91<=30,AZ91>=20),AZ91-20,IF(AND(AY91>=20,AZ91>=30),30-AY91,0)))) -> 0 | BD91: =IF(AND(AY91<=30,AZ91>=40),10,IF(AND(AY91>=30,AZ91<=40),AZ91-AY91,IF(AND(AY91<=30,AZ91<=40,AZ91>=30),AZ91-30,IF(AND(AY91>=30,AZ91>=40),40-AY91,0)))) -> 0 | BF91: =IF(AX91>0, 1, 0) -> 0 | BP91: =IF(OR(BI91="YES",BL91="YES"), 1, 0) -> 0
E92: =SUM(E2:E91) -> 0 | I92: =SUM(I2:I91) -> 0 | J92: Totals | K92: =SUM(K2:K91) -> 0 | N92: =SUM(N2:N91) -> 0 | O92: =SUM(O2:O91) -> 0 | P92: =SUM(P2:P91) -> 0 | Q92: =SUM(Q2:Q91) -> 0 | T92: =SUM(T2:T91) -> 0 | W92: =SUM(W2:W91) -> 0 | X92: =SUM(X2:X91) -> 0 | Y92: =SUM(Y2:Y91) -> 0 | Z92: =SUM(Z2:Z91) -> 0 | AA92: Total RC | AB92: =SUM(AB2:AB91) -> 0 | AD92: =SUM(AD2:AD91) -> 0 | AG92: =SUM(AG2:AG91) -> 0 | AH92: =SUM(AH2:AH91) -> 0 | AI92: =SUM(AI2:AI91) -> 0 | AJ92: =SUM(AJ2:AJ91) -> 0 | AK92: Total RC | AL92: =SUM(AL2:AL91) -> 0 | AN92: =SUM(AN2:AN91) -> 0 | AQ92: =SUM(AQ2:AQ91) -> 0 | AR92: =SUM(AR2:AR91) -> 0 | AS92: =SUM(AS2:AS91) -> 0 | AT92: =SUM(AT2:AT91) -> 0 | AU92: Total RC | AV92: =SUM(AV2:AV91) -> 0 | AX92: =SUM(AX2:AX91) -> 0 | BA92: =SUM(BA2:BA91) -> 0 | BB92: =SUM(BB2:BB91) -> 0 | BC92: =SUM(BC2:BC91) -> 0 | BD92: =SUM(BD2:BD91) -> 0 | BE92: Total RC | BF92: =SUM(BF2:BF91) -> 0 | BJ92: =SUM(BJ2:BJ91) -> 0 | BM92: =SUM(BM2:BM91) -> 0 | BN92: =SUM(BN2:BN91) -> 0 | BP92: =SUM(BP2:BP91) -> 0

Sheet Trial Pits
A1: Trial Pit Number | B1: Barrier | C1: Paved/ Non Paved | D1: Slope > 20% | E1: Traffic Management | F1: Road | G1: Scheduled | H1: Schedule Depth | I1: Completed | J1: Insitu Tests | K1: Witdh | L1: Length | M1: Depth | N1: Depth of Hard Material (m) | O1: 0-3m | P1: 3-4.5m | Q1: 0-1.2m | R1: 1.2-3m | T1: Perimeter | U1: Area | V1: Vol of Hard Material (m3) | X1: VOL of 804 Rural (m3) | Y1: VOL of 804 National (m3) | AA1: Asphalt Area Rural | AB1: Asphalft Area National
G2: =IF(H2>0,1,0) -> 0 | I2: =IF(M2>0, 1, 0) -> 0 | O2: =IF(M2>3, 3, M2) -> 0 | P2: =IF(M2>4.5,4.5,MAX(0,M2-3)) -> 0 | Q2: =IF(M2>1.2, 1.2, M2) -> 0 | R2: =IF(M2>3,1.8,MAX(0,M2-1.2)) -> 0 | T2: =(2*K2)+(2*L2) -> 0 | U2: =K2*L2 -> 0 | V2: =K2*L2*N2 -> 0 | X2: =IF(F2="RURAL",K2*L2*(M2-0.1),0) -> 0 | Y2: =IF(F2="NATIONAL",(M2-0.45)*K2*L2,0) -> 0 | AA2: =IF(F2="RURAL",(K2+0.2)*(L2+0.2),0) -> 0 | AB2: =IF(F2="NATIONAL",K2*L2,0) -> 0
G3: =IF(H3>0,1,0) -> 0 | I3: =IF(M3>0, 1, 0) -> 0 | O3: =IF(M3>3, 3, M3) -> 0 | P3: =IF(M3>4.5,4.5,MAX(0,M3-3)) -> 0 | Q3: =IF(M3>1.2, 1.2, M3) -> 0 | R3: =IF(M3>3,1.8,MAX(0,M3-1.2)) -> 0 | T3: =(2*K3)+(2*L3) -> 0 | U3: =K3*L3 -> 0 | V3: =K3*L3*N3 -> 0 | X3: =IF(F3="RURAL",K3*L3*(M3-0.1),0) -> 0 | Y3: =IF(F3="NATIONAL",(M3-0.45)*K3*L3,0) -> 0 | AA3: =IF(F3="RURAL",(K3+0.2)*(L3+0.2),0) -> 0 | AB3: =IF(F3="NATIONAL",K3*L3,0) -> 0
G4: =IF(H4>0,1,0) -> 0 | I4: =IF(M4>0, 1, 0) -> 0 | O4: =IF(M4>3, 3, M4) -> 0 | P4: =IF(M4>4.5,4.5,MAX(0,M4-3)) -> 0 | Q4: =IF(M4>1.2, 1.2, M4) -> 0 | R4: =IF(M4>3,1.8,MAX(0,M4-1.2)) -> 0 | T4: =(2*K4)+(2*L4) -> 0 | U4: =K4*L4 -> 0 | V4: =K4*L4*N4 -> 0 | X4: =IF(F4="RURAL",K4*L4*(M4-0.1),0) -> 0 | Y4: =IF(F4="NATIONAL",(M4-0.45)*K4*L4,0) -> 0 | AA4: =IF(F4="RURAL",(K4+0.2)*(L4+0.2),0) -> 0 | AB4: =IF(F4="NATIONAL",K4*L4,0) -> 0
G5: =IF(H5>0,1,0) -> 0 | I5: =IF(M5>0, 1, 0) -> 0 | O5: =IF(M5>3, 3, M5) -> 0 | P5: =IF(M5>4.5,4.5,MAX(0,M5-3)) -> 0 | Q5: =IF(M5>1.2, 1.2, M5) -> 0 | R5: =IF(M5>3,1.8,MAX(0,M5-1.2)) -> 0 | T5: =(2*K5)+(2*L5) -> 0 | U5: =K5*L5 -> 0 | V5: =K5*L5*N5 -> 0 | X5: =IF(F5="RURAL",K5*L5*(M5-0.1),0) -> 0 | Y5: =IF(F5="NATIONAL",(M5-0.45)*K5*L5,0) -> 0 | AA5: =IF(F5="RURAL",(K5+0.2)*(L5+0.2),0) -> 0 | AB5: =IF(F5="NATIONAL",K5*L5,0) -> 0
G6: =IF(H6>0,1,0) -> 0 | I6: =IF(M6>0, 1, 0) -> 0 | O6: =IF(M6>3, 3, M6) -> 0 | P6: =IF(M6>4.5,4.5,MAX(0,M6-3)) -> 0 | Q6: =IF(M6>1.2, 1.2, M6) -> 0 | R6: =IF(M6>3,1.8,MAX(0,M6-1.2)) -> 0 | T6: =(2*K6)+(2*L6) -> 0 | U6: =K6*L6 -> 0 | V6: =K6*L6*N6 -> 0 | X6: =IF(F6="RURAL",K6*L6*(M6-0.1),0) -> 0 | Y6: =IF(F6="NATIONAL",(M6-0.45)*K6*L6,0) -> 0 | AA6: =IF(F6="RURAL",(K6+0.2)*(L6+0.2),0) -> 0 | AB6: =IF(F6="NATIONAL",K6*L6,0) -> 0
G7: =IF(H7>0,1,0) -> 0 | I7: =IF(M7>0, 1, 0) -> 0 | O7: =IF(M7>3, 3, M7) -> 0 | P7: =IF(M7>4.5,4.5,MAX(0,M7-3)) -> 0 | Q7: =IF(M7>1.2, 1.2, M7) -> 0 | R7: =IF(M7>3,1.8,MAX(0,M7-1.2)) -> 0 | T7: =(2*K7)+(2*L7) -> 0 | U7: =K7*L7 -> 0 | V7: =K7*L7*N7 -> 0 | X7: =IF(F7="RURAL",K7*L7*(M7-0.1),0) -> 0 | Y7: =IF(F7="NATIONAL",(M7-0.45)*K7*L7,0) -> 0 | AA7: =IF(F7="RURAL",(K7+0.2)*(L7+0.2),0) -> 0 | AB7: =IF(F7="NATIONAL",K7*L7,0) -> 0
G8: =IF(H8>0,1,0) -> 0 | I8: =IF(M8>0, 1, 0) -> 0 | O8: =IF(M8>3, 3, M8) -> 0 | P8: =IF(M8>4.5,4.5,MAX(0,M8-3)) -> 0 | Q8: =IF(M8>1.2, 1.2, M8) -> 0 | R8: =IF(M8>3,1.8,MAX(0,M8-1.2)) -> 0 | T8: =(2*K8)+(2*L8) -> 0 | U8: =K8*L8 -> 0 | V8: =K8*L8*N8 -> 0 | X8: =IF(F8="RURAL",K8*L8*(M8-0.1),0) -> 0 | Y8: =IF(F8="NATIONAL",(M8-0.45)*K8*L8,0) -> 0 | AA8: =IF(F8="RURAL",(K8+0.2)*(L8+0.2),0) -> 0 | AB8: =IF(F8="NATIONAL",K8*L8,0) -> 0
G9: =IF(H9>0,1,0) -> 0 | I9: =IF(M9>0, 1, 0) -> 0 | O9: =IF(M9>3, 3, M9) -> 0 | P9: =IF(M9>4.5,4.5,MAX(0,M9-3)) -> 0 | Q9: =IF(M9>1.2, 1.2, M9) -> 0 | R9: =IF(M9>3,1.8,MAX(0,M9-1.2)) -> 0 | T9: =(2*K9)+(2*L9) -> 0 | U9: =K9*L9 -> 0 | V9: =K9*L9*N9 -> 0 | X9: =IF(F9="RURAL",K9*L9*(M9-0.1),0) -> 0 | Y9: =IF(F9="NATIONAL",(M9-0.45)*K9*L9,0) -> 0 | AA9: =IF(F9="RURAL",(K9+0.2)*(L9+0.2),0) -> 0 | AB9: =IF(F9="NATIONAL",K9*L9,0) -> 0
G10: =IF(H10>0,1,0) -> 0 | I10: =IF(M10>0, 1, 0) -> 0 | O10: =IF(M10>3, 3, M10) -> 0 | P10: =IF(M10>4.5,4.5,MAX(0,M10-3)) -> 0 | Q10: =IF(M10>1.2, 1.2, M10) -> 0 | R10: =IF(M10>3,1.8,MAX(0,M10-1.2)) -> 0 | T10: =(2*K10)+(2*L10) -> 0 | U10: =K10*L10 -> 0 | V10: =K10*L10*N10 -> 0 | X10: =IF(F10="RURAL",K10*L10*(M10-0.1),0) -> 0 | Y10: =IF(F10="NATIONAL",(M10-0.45)*K10*L10,0) -> 0 | AA10: =IF(F10="RURAL",(K10+0.2)*(L10+0.2),0) -> 0 | AB10: =IF(F10="NATIONAL",K10*L10,0) -> 0
G11: =IF(H11>0,1,0) -> 0 | I11: =IF(M11>0, 1, 0) -> 0 | O11: =IF(M11>3, 3, M11) -> 0 | P11: =IF(M11>4.5,4.5,MAX(0,M11-3)) -> 0 | Q11: =IF(M11>1.2, 1.2, M11) -> 0 | R11: =IF(M11>3,1.8,MAX(0,M11-1.2)) -> 0 | T11: =(2*K11)+(2*L11) -> 0 | U11: =K11*L11 -> 0 | V11: =K11*L11*N11 -> 0 | X11: =IF(F11="RURAL",K11*L11*(M11-0.1),0) -> 0 | Y11: =IF(F11="NATIONAL",(M11-0.45)*K11*L11,0) -> 0 | AA11: =IF(F11="RURAL",(K11+0.2)*(L11+0.2),0) -> 0 | AB11: =IF(F11="NATIONAL",K11*L11,0) -> 0
G12: =IF(H12>0,1,0) -> 0 | I12: =IF(M12>0, 1, 0) -> 0 | O12: =IF(M12>3, 3, M12) -> 0 | P12: =IF(M12>4.5,4.5,MAX(0,M12-3)) -> 0 | Q12: =IF(M12>1.2, 1.2, M12) -> 0 | R12: =IF(M12>3,1.8,MAX(0,M12-1.2)) -> 0 | T12: =(2*K12)+(2*L12) -> 0 | U12: =K12*L12 -> 0 | V12: =K12*L12*N12 -> 0 | X12: =IF(F12="RURAL",K12*L12*(M12-0.1),0) -> 0 | Y12: =IF(F12="NATIONAL",(M12-0.45)*K12*L12,0) -> 0 | AA12: =IF(F12="RURAL",(K12+0.2)*(L12+0.2),0) -> 0 | AB12: =IF(F12="NATIONAL",K12*L12,0) -> 0
G13: =IF(H13>0,1,0) -> 0 | I13: =IF(M13>0, 1, 0) -> 0 | O13: =IF(M13>3, 3, M13) -> 0 | P13: =IF(M13>4.5,4.5,MAX(0,M13-3)) -> 0 | Q13: =IF(M13>1.2, 1.2, M13) -> 0 | R13: =IF(M13>3,1.8,MAX(0,M13-1.2)) -> 0 | T13: =(2*K13)+(2*L13) -> 0 | U13: =K13*L13 -> 0 | V13: =K13*L13*N13 -> 0 | X13: =IF(F13="RURAL",K13*L13*(M13-0.1),0) -> 0 | Y13: =IF(F13="NATIONAL",(M13-0.45)*K13*L13,0) -> 0 | AA13: =IF(F13="RURAL",(K13+0.2)*(L13+0.2),0) -> 0 | AB13: =IF(F13="NATIONAL",K13*L13,0) -> 0
... G91: =IF(H91>0,1,0) -> 0 | I91: =IF(M91>0, 1, 0) -> 0 | O91: =IF(M91>3, 3, M91) -> 0 | P91: =IF(M91>4.5,4.5,MAX(0,M91-3)) -> 0 | Q91: =IF(M91>1.2, 1.2, M91) -> 0 | R91: =IF(M91>3,1.8,MAX(0,M91-1.2)) -> 0 | T91: =(2*K91)+(2*L91) -> 0 | U91: =K91*L91 -> 0 | V91: =K91*L91*N91 -> 0 | X91: =IF(F91="RURAL",K91*L91*(M91-0.1),0) -> 0 | Y91: =IF(F91="NATIONAL",(M91-0.45)*K91*L91,0) -> 0 | AA91: =IF(F91="RURAL",(K91+0.2)*(L91+0.2),0) -> 0 | AB91: =IF(F91="NATIONAL",K91*L91,0) -> 0
G92: =SUM(G2:G91) -> 0 | I92: =SUM(I2:I91) -> 0 | M92: =SUM(M2:M91) -> 0 | O92: =SUM(O2:O91) -> 0 | P92: =SUM(P2:P91) -> 0 | T92: =SUM(T2:T91) -> 0 | U92: =SUM(U2:U91) -> 0 | V92: =SUM(V2:V91) -> 0 | X92: =SUM(X2:X91) -> 0 | Y92: =SUM(Y2:Y91) -> 0 | AA92: =SUM(AA2:AA91) -> 0 | AB92: =SUM(AB2:AB91) -> 0

Sheet Trenches
H1: OVERALL DIMENSIONS | M1: PAVED | Y1: NON-PAVED
A2: Trench | B2: Barrier | C2: Paved/ Non Paved | D2: Slope > 20% | E2: Traffic Management | F2: ROAD | G2: TESTS | H2: Recorded Length (m) | I2: Recorded Width (m) | J2: Recorded Total Depth (m) | K2: completed | M2: Recorded Length (m) | N2: Recorded Width (m) | O2: Recorded Depth (m) | P2: Depth Hard Material (m) | Q2: 0-1.2 (m) | R2: 1.2-3 (m) | S2: Volume 0.1-1.2 | T2: Volume 1.2-3 | U2: Paved Perimeter | V2: Vol of Hard Material (m3) | W2: Area | Y2: Recorded Length (m) | Z2: Recorded Width (m) | AA2: Recorded Depth (m) | AB2: 0-3 (m) | AC2: 3-4.5 (m) | AD2: Volume 0-3 | AE2: Volume 3-4.5 | AG2: VOL of 804 Rural (m3) | AH2: VOL of 804 National (m3) | AI2: Asphalt Area Rural | AJ2: Asphalft Area National
K3: =IF(J3>0,1,0) -> 0 | Q3: =IF(O3>1.2, 1.2, O3) -> 0 | R3: =IF(O3>3,1.8,MAX(0,O3-1.2)) -> 0 | S3: =M3*N3*Q3 -> 0 | T3: =M3*N3*R3 -> 0 | U3: =(2*M3)+(2*N3) -> 0 | V3: =M3*N3*P3 -> 0 | W3: =M3*N3 -> 0 | AB3: =IF(AA3>3, 3, AA3) -> 0 | AC3: =IF(AA3>4.5,4.5,MAX(0,AA3-3)) -> 0 | AD3: =Y3*Z3*AB3 -> 0 | AE3: =Y3*Z3*AC3 -> 0 | AG3: =IF(F3="RURAL",M3*N3*(O3-0.1),0) -> 0 | AH3: =IF(F3="NATIONAL",(O3-0.45)*M3*N3,0) -> 0 | AI3: =IF(F3="RURAL",(M3+0.2)*(N3+0.2),0) -> 0 | AJ3: =IF(F3="NATIONAL",M3*N3,0) -> 0
K4: =IF(J4>0,1,0) -> 0 | Q4: =IF(O4>1.2, 1.2, O4) -> 0 | R4: =IF(O4>3,1.8,MAX(0,O4-1.2)) -> 0 | S4: =M4*N4*Q4 -> 0 | T4: =M4*N4*R4 -> 0 | U4: =(2*M4)+(2*N4) -> 0 | V4: =M4*N4*P4 -> 0 | W4: =M4*N4 -> 0 | AB4: =IF(AA4>3, 3, AA4) -> 0 | AC4: =IF(AA4>4.5,4.5,MAX(0,AA4-3)) -> 0 | AD4: =Y4*Z4*AB4 -> 0 | AE4: =Y4*Z4*AC4 -> 0 | AG4: =IF(F4="RURAL",M4*N4*(O4-0.1),0) -> 0 | AH4: =IF(F4="NATIONAL",(O4-0.45)*M4*N4,0) -> 0 | AI4: =IF(F4="RURAL",(M4+0.2)*(N4+0.2),0) -> 0 | AJ4: =IF(F4="NATIONAL",M4*N4,0) -> 0
K5: =IF(J5>0,1,0) -> 0 | Q5: =IF(O5>1.2, 1.2, O5) -> 0 | R5: =IF(O5>3,1.8,MAX(0,O5-1.2)) -> 0 | S5: =M5*N5*Q5 -> 0 | T5: =M5*N5*R5 -> 0 | U5: =(2*M5)+(2*N5) -> 0 | V5: =M5*N5*P5 -> 0 | W5: =M5*N5 -> 0 | AB5: =IF(AA5>3, 3, AA5) -> 0 | AC5: =IF(AA5>4.5,4.5,MAX(0,AA5-3)) -> 0 | AD5: =Y5*Z5*AB5 -> 0 | AE5: =Y5*Z5*AC5 -> 0 | AG5: =IF(F5="RURAL",M5*N5*(O5-0.1),0) -> 0 | AH5: =IF(F5="NATIONAL",(O5-0.45)*M5*N5,0) -> 0 | AI5: =IF(F5="RURAL",(M5+0.2)*(N5+0.2),0) -> 0 | AJ5: =IF(F5="NATIONAL",M5*N5,0) -> 0
K6: =IF(J6>0,1,0) -> 0 | Q6: =IF(O6>1.2, 1.2, O6) -> 0 | R6: =IF(O6>3,1.8,MAX(0,O6-1.2)) -> 0 | S6: =M6*N6*Q6 -> 0 | T6: =M6*N6*R6 -> 0 | U6: =(2*M6)+(2*N6) -> 0 | V6: =M6*N6*P6 -> 0 | W6: =M6*N6 -> 0 | AB6: =IF(AA6>3, 3, AA6) -> 0 | AC6: =IF(AA6>4.5,4.5,MAX(0,AA6-3)) -> 0 | AD6: =Y6*Z6*AB6 -> 0 | AE6: =Y6*Z6*AC6 -> 0 | AG6: =IF(F6="RURAL",M6*N6*(O6-0.1),0) -> 0 | AH6: =IF(F6="NATIONAL",(O6-0.45)*M6*N6,0) -> 0 | AI6: =IF(F6="RURAL",(M6+0.2)*(N6+0.2),0) -> 0 | AJ6: =IF(F6="NATIONAL",M6*N6,0) -> 0
K7: =IF(J7>0,1,0) -> 0 | Q7: =IF(O7>1.2, 1.2, O7) -> 0 | R7: =IF(O7>3,1.8,MAX(0,O7-1.2)) -> 0 | S7: =M7*N7*Q7 -> 0 | T7: =M7*N7*R7 -> 0 | U7: =(2*M7)+(2*N7) -> 0 | V7: =M7*N7*P7 -> 0 | W7: =M7*N7 -> 0 | AB7: =IF(AA7>3, 3, AA7) -> 0 | AC7: =IF(AA7>4.5,4.5,MAX(0,AA7-3)) -> 0 | AD7: =Y7*Z7*AB7 -> 0 | AE7: =Y7*Z7*AC7 -> 0 | AG7: =IF(F7="RURAL",M7*N7*(O7-0.1),0) -> 0 | AH7: =IF(F7="NATIONAL",(O7-0.45)*M7*N7,0) -> 0 | AI7: =IF(F7="RURAL",(M7+0.2)*(N7+0.2),0) -> 0 | AJ7: =IF(F7="NATIONAL",M7*N7,0) -> 0
K8: =IF(J8>0,1,0) -> 0 | Q8: =IF(O8>1.2, 1.2, O8) -> 0 | R8: =IF(O8>3,1.8,MAX(0,O8-1.2)) -> 0 | S8: =M8*N8*Q8 -> 0 | T8: =M8*N8*R8 -> 0 | U8: =(2*M8)+(2*N8) -> 0 | V8: =M8*N8*P8 -> 0 | W8: =M8*N8 -> 0 | AB8: =IF(AA8>3, 3, AA8) -> 0 | AC8: =IF(AA8>4.5,4.5,MAX(0,AA8-3)) -> 0 | AD8: =Y8*Z8*AB8 -> 0 | AE8: =Y8*Z8*AC8 -> 0 | AG8: =IF(F8="RURAL",M8*N8*(O8-0.1),0) -> 0 | AH8: =IF(F8="NATIONAL",(O8-0.45)*M8*N8,0) -> 0 | AI8: =IF(F8="RURAL",(M8+0.2)*(N8+0.2),0) -> 0 | AJ8: =IF(F8="NATIONAL",M8*N8,0) -> 0
K9: =IF(J9>0,1,0) -> 0 | Q9: =IF(O9>1.2, 1.2, O9) -> 0 | R9: =IF(O9>3,1.8,MAX(0,O9-1.2)) -> 0 | S9: =M9*N9*Q9 -> 0 | T9: =M9*N9*R9 -> 0 | U9: =(2*M9)+(2*N9) -> 0 | V9: =M9*N9*P9 -> 0 | W9: =M9*N9 -> 0 | AB9: =IF(AA9>3, 3, AA9) -> 0 | AC9: =IF(AA9>4.5,4.5,MAX(0,AA9-3)) -> 0 | AD9: =Y9*Z9*AB9 -> 0 | AE9: =Y9*Z9*AC9 -> 0 | AG9: =IF(F9="RURAL",M9*N9*(O9-0.1),0) -> 0 | AH9: =IF(F9="NATIONAL",(O9-0.45)*M9*N9,0) -> 0 | AI9: =IF(F9="RURAL",(M9+0.2)*(N9+0.2),0) -> 0 | AJ9: =IF(F9="NATIONAL",M9*N9,0) -> 0
K10: =IF(J10>0,1,0) -> 0 | Q10: =IF(O10>1.2, 1.2, O10) -> 0 | R10: =IF(O10>3,1.8,MAX(0,O10-1.2)) -> 0 | S10: =M10*N10*Q10 -> 0 | T10: =M10*N10*R10 -> 0 | U10: =(2*M10)+(2*N10) -> 0 | V10: =M10*N10*P10 -> 0 | W10: =M10*N10 -> 0 | AB10: =IF(AA10>3, 3, AA10) -> 0 | AC10: =IF(AA10>4.5,4.5,MAX(0,AA10-3)) -> 0 | AD10: =Y10*Z10*AB10 -> 0 | AE10: =Y10*Z10*AC10 -> 0 | AG10: =IF(F10="RURAL",M10*N10*(O10-0.1),0) -> 0 | AH10: =IF(F10="NATIONAL",(O10-0.45)*M10*N10,0) -> 0 | AI10: =IF(F10="RURAL",(M10+0.2)*(N10+0.2),0) -> 0 | AJ10: =IF(F10="NATIONAL",M10*N10,0) -> 0
K11: =IF(J11>0,1,0) -> 0 | Q11: =IF(O11>1.2, 1.2, O11) -> 0 | R11: =IF(O11>3,1.8,MAX(0,O11-1.2)) -> 0 | S11: =M11*N11*Q11 -> 0 | T11: =M11*N11*R11 -> 0 | U11: =(2*M11)+(2*N11) -> 0 | V11: =M11*N11*P11 -> 0 | W11: =M11*N11 -> 0 | AB11: =IF(AA11>3, 3, AA11) -> 0 | AC11: =IF(AA11>4.5,4.5,MAX(0,AA11-3)) -> 0 | AD11: =Y11*Z11*AB11 -> 0 | AE11: =Y11*Z11*AC11 -> 0 | AG11: =IF(F11="RURAL",M11*N11*(O11-0.1),0) -> 0 | AH11: =IF(F11="NATIONAL",(O11-0.45)*M11*N11,0) -> 0 | AI11: =IF(F11="RURAL",(M11+0.2)*(N11+0.2),0) -> 0 | AJ11: =IF(F11="NATIONAL",M11*N11,0) -> 0
K12: =IF(J12>0,1,0) -> 0 | Q12: =IF(O12>1.2, 1.2, O12) -> 0 | R12: =IF(O12>3,1.8,MAX(0,O12-1.2)) -> 0 | S12: =M12*N12*Q12 -> 0 | T12: =M12*N12*R12 -> 0 | U12: =(2*M12)+(2*N12) -> 0 | V12: =M12*N12*P12 -> 0 | W12: =M12*N12 -> 0 | AB12: =IF(AA12>3, 3, AA12) -> 0 | AC12: =IF(AA12>4.5,4.5,MAX(0,AA12-3)) -> 0 | AD12: =Y12*Z12*AB12 -> 0 | AE12: =Y12*Z12*AC12 -> 0 | AG12: =IF(F12="RURAL",M12*N12*(O12-0.1),0) -> 0 | AH12: =IF(F12="NATIONAL",(O12-0.45)*M12*N12,0) -> 0 | AI12: =IF(F12="RURAL",(M12+0.2)*(N12+0.2),0) -> 0 | AJ12: =IF(F12="NATIONAL",M12*N12,0) -> 0
K13: =IF(J13>0,1,0) -> 0 | Q13: =IF(O13>1.2, 1.2, O13) -> 0 | R13: =IF(O13>3,1.8,MAX(0,O13-1.2)) -> 0 | S13: =M13*N13*Q13 -> 0 | T13: =M13*N13*R13 -> 0 | U13: =(2*M13)+(2*N13) -> 0 | V13: =M13*N13*P13 -> 0 | W13: =M13*N13 -> 0 | AB13: =IF(AA13>3, 3, AA13) -> 0 | AC13: =IF(AA13>4.5,4.5,MAX(0,AA13-3)) -> 0 | AD13: =Y13*Z13*AB13 -> 0 | AE13: =Y13*Z13*AC13 -> 0 | AG13: =IF(F13="RURAL",M13*N13*(O13-0.1),0) -> 0 | AH13: =IF(F13="NATIONAL",(O13-0.45)*M13*N13,0) -> 0 | AI13: =IF(F13="RURAL",(M13+0.2)*(N13+0.2),0) -> 0 | AJ13: =IF(F13="NATIONAL",M13*N13,0) -> 0
K14: =IF(J14>0,1,0) -> 0 | Q14: =IF(O14>1.2, 1.2, O14) -> 0 | R14: =IF(O14>3,1.8,MAX(0,O14-1.2)) -> 0 | S14: =M14*N14*Q14 -> 0 | T14: =M14*N14*R14 -> 0 | U14: =(2*M14)+(2*N14) -> 0 | V14: =M14*N14*P14 -> 0 | W14: =M14*N14 -> 0 | AB14: =IF(AA14>3, 3, AA14) -> 0 | AC14: =IF(AA14>4.5,4.5,MAX(0,AA14-3)) -> 0 | AD14: =Y14*Z14*AB14 -> 0 | AE14: =Y14*Z14*AC14 -> 0 | AG14: =IF(F14="RURAL",M14*N14*(O14-0.1),0) -> 0 | AH14: =IF(F14="NATIONAL",(O14-0.45)*M14*N14,0) -> 0 | AI14: =IF(F14="RURAL",(M14+0.2)*(N14+0.2),0) -> 0 | AJ14: =IF(F14="NATIONAL",M14*N14,0) -> 0
... K92: =IF(J92>0,1,0) -> 0 | Q92: =IF(O92>1.2, 1.2, O92) -> 0 | R92: =IF(O92>3,1.8,MAX(0,O92-1.2)) -> 0 | S92: =M92*N92*Q92 -> 0 | T92: =M92*N92*R92 -> 0 | U92: =(2*M92)+(2*N92) -> 0 | V92: =M92*N92*P92 -> 0 | W92: =M92*N92 -> 0 | AB92: =IF(AA92>3, 3, AA92) -> 0 | AC92: =IF(AA92>4.5,4.5,MAX(0,AA92-3)) -> 0 | AD92: =Y92*Z92*AB92 -> 0 | AE92: =Y92*Z92*AC92 -> 0 | AG92: =IF(F92="RURAL",M92*N92*(O92-0.1),0) -> 0 | AH92: =IF(F92="NATIONAL",(O92-0.45)*M92*N92,0) -> 0 | AI92: =IF(F92="RURAL",(M92+0.2)*(N92+0.2),0) -> 0 | AJ92: =IF(F92="NATIONAL",M92*N92,0) -> 0
K93: =SUM(K3:K92) -> 0 | Q93: =SUM(Q3:Q92) -> 0 | R93: =SUM(R3:R92) -> 0 | S93: =SUM(S3:S92) -> 0 | T93: =SUM(T3:T92) -> 0 | U93: =SUM(U3:U92) -> 0 | V93: =SUM(V3:V92) -> 0 | W93: =SUM(W3:W92) -> 0 | AB93: =SUM(AB3:AB92) -> 0 | AC93: =SUM(AC3:AC92) -> 0 | AD93: =SUM(AD3:AD92) -> 0 | AE93: =SUM(AE3:AE92) -> 0 | AG93: =SUM(AG3:AG92) -> 0 | AH93: =SUM(AH3:AH92) -> 0 | AI93: =SUM(AI3:AI92) -> 0 | AJ93: =SUM(AJ3:AJ92) -> 0

Sheet Inspection pit
A1: Inspectoin Pit | B1: Scheduled Depth | C1: Scheduled length | D1: Scheduled Width | E1: Recorded Depth | F1: Recorded length | G1: Recorded Width | H1: Completed | I1: Depth of hard Surface obstruction | J1: Volume of hard Surface | K1: Insitu Tests
H2: =IF(E2>0,1,0) -> 0 | J2: =F2*G2*I2 -> 0
H3: =IF(E3>0,1,0) -> 0 | J3: =F3*G3*I3 -> 0
H4: =IF(E4>0,1,0) -> 0 | J4: =F4*G4*I4 -> 0
H5: =IF(E5>0,1,0) -> 0 | J5: =F5*G5*I5 -> 0
H6: =IF(E6>0,1,0) -> 0 | J6: =F6*G6*I6 -> 0
H7: =IF(E7>0,1,0) -> 0 | J7: =F7*G7*I7 -> 0
H8: =IF(E8>0,1,0) -> 0 | J8: =F8*G8*I8 -> 0
H9: =IF(E9>0,1,0) -> 0 | J9: =F9*G9*I9 -> 0
H10: =IF(E10>0,1,0) -> 0 | J10: =F10*G10*I10 -> 0
H11: =IF(E11>0,1,0) -> 0 | J11: =F11*G11*I11 -> 0
H12: =IF(E12>0,1,0) -> 0 | J12: =F12*G12*I12 -> 0
H13: =IF(E13>0,1,0) -> 0 | J13: =F13*G13*I13 -> 0
... H91: =IF(E91>0,1,0) -> 0 | J91: =F91*G91*I91 -> 0
E92: =SUM(E65:E91) -> 0 | H92: =SUM(H65:H91) -> 0 | J92: =SUM(J65:J91) -> 0

Sheet Dynamic Sampling
A1: Sample | B1: SLOPE > 20% | C1: Depth | D1: 0-5m | E1: 5-10m | F1: 10m + | H1: Completed | I1: ROAD | J1: Tests P/S/EV | K1: Standpipe (mm) | L1: Plain Depth (m) | M1: Slotted Depth (m) | O1: PIE/SP Complete
D2: =IF(C2>5,5,C2) -> 0 | E2: =IF(C2>10,5,MAX(0,C2-5)) -> 0 | F2: =IF(C2>10,C2-10,MAX(0,C2-10)) -> 0 | H2: =IF(C2>0,1,0) -> 0 | O2: =IF(OR(G2="YES",K2="YES"), 1, 0) -> 0
D3: =IF(C3>5,5,C3) -> 0 | E3: =IF(C3>10,5,MAX(0,C3-5)) -> 0 | F3: =IF(C3>10,C3-10,MAX(0,C3-10)) -> 0 | H3: =IF(C3>0,1,0) -> 0 | O3: =IF(OR(G3="YES",K3="YES"), 1, 0) -> 0
D4: =IF(C4>5,5,C4) -> 0 | E4: =IF(C4>10,5,MAX(0,C4-5)) -> 0 | F4: =IF(C4>10,C4-10,MAX(0,C4-10)) -> 0 | H4: =IF(C4>0,1,0) -> 0 | O4: =IF(OR(G4="YES",K4="YES"), 1, 0) -> 0
D5: =IF(C5>5,5,C5) -> 0 | E5: =IF(C5>10,5,MAX(0,C5-5)) -> 0 | F5: =IF(C5>10,C5-10,MAX(0,C5-10)) -> 0 | H5: =IF(C5>0,1,0) -> 0 | O5: =IF(OR(G5="YES",K5="YES"), 1, 0) -> 0
D6: =IF(C6>5,5,C6) -> 0 | E6: =IF(C6>10,5,MAX(0,C6-5)) -> 0 | F6: =IF(C6>10,C6-10,MAX(0,C6-10)) -> 0 | H6: =IF(C6>0,1,0) -> 0 | O6: =IF(OR(G6="YES",K6="YES"), 1, 0) -> 0
D7: =IF(C7>5,5,C7) -> 0 | E7: =IF(C7>10,5,MAX(0,C7-5)) -> 0 | F7: =IF(C7>10,C7-10,MAX(0,C7-10)) -> 0 | H7: =IF(C7>0,1,0) -> 0 | O7: =IF(OR(G7="YES",K7="YES"), 1, 0) -> 0
D8: =IF(C8>5,5,C8) -> 0 | E8: =IF(C8>10,5,MAX(0,C8-5)) -> 0 | F8: =IF(C8>10,C8-10,MAX(0,C8-10)) -> 0 | H8: =IF(C8>0,1,0) -> 0 | O8: =IF(OR(G8="YES",K8="YES"), 1, 0) -> 0
D9: =IF(C9>5,5,C9) -> 0 | E9: =IF(C9>10,5,MAX(0,C9-5)) -> 0 | F9: =IF(C9>10,C9-10,MAX(0,C9-10)) -> 0 | H9: =IF(C9>0,1,0) -> 0 | O9: =IF(OR(G9="YES",K9="YES"), 1, 0) -> 0
D10: =IF(C10>5,5,C10) -> 0 | E10: =IF(C10>10,5,MAX(0,C10-5)) -> 0 | F10: =IF(C10>10,C10-10,MAX(0,C10-10)) -> 0 | H10: =IF(C10>0,1,0) -> 0 | O10: =IF(OR(G10="YES",K10="YES"), 1, 0) -> 0
D11: =IF(C11>5,5,C11) -> 0 | E11: =IF(C11>10,5,MAX(0,C11-5)) -> 0 | F11: =IF(C11>10,C11-10,MAX(0,C11-10)) -> 0 | H11: =IF(C11>0,1,0) -> 0 | O11: =IF(OR(G11="YES",K11="YES"), 1, 0) -> 0
D12: =IF(C12>5,5,C12) -> 0 | E12: =IF(C12>10,5,MAX(0,C12-5)) -> 0 | F12: =IF(C12>10,C12-10,MAX(0,C12-10)) -> 0 | H12: =IF(C12>0,1,0) -> 0 | O12: =IF(OR(G12="YES",K12="YES"), 1, 0) -> 0
D13: =IF(C13>5,5,C13) -> 0 | E13: =IF(C13>10,5,MAX(0,C13-5)) -> 0 | F13: =IF(C13>10,C13-10,MAX(0,C13-10)) -> 0 | H13: =IF(C13>0,1,0) -> 0 | O13: =IF(OR(G13="YES",K13="YES"), 1, 0) -> 0
... D91: =IF(C91>5,5,C91) -> 0 | E91: =IF(C91>10,5,MAX(0,C91-5)) -> 0 | F91: =IF(C91>10,C91-10,MAX(0,C91-10)) -> 0 | H91: =IF(C91>0,1,0) -> 0 | O91: =IF(OR(G91="YES",K91="YES"), 1, 0) -> 0
C92: =SUM(C2:C91) -> 0 | D92: =SUM(D2:D91) -> 0 | E92: =SUM(E2:E91) -> 0 | F92: =SUM(F2:F91) -> 0 | H92: =SUM(H2:H91) -> 0 | L92: =SUM(L2:L91) -> 0 | M92: =SUM(M2:M91) -> 0 | O92: =SUM(O2:O91) -> 0

Sheet Soakaway (BRE)
A1: ID REF | B1: Road | C1: Scheduled | D1: Schedule Depth | E1: Completed | F1: Insitu Tests | G1: Witdh | H1: Length | I1: Depth | J1: Depth of Hard Material (m)
C2: =IF(D2>0,1,0) -> 0 | E2: =IF(I2>0, 1, 0) -> 0
C3: =IF(D3>0,1,0) -> 0 | E3: =IF(I3>0, 1, 0) -> 0
C4: =IF(D4>0,1,0) -> 0 | E4: =IF(I4>0, 1, 0) -> 0
E5: =IF(I5>0, 1, 0) -> 0
E6: =IF(I6>0, 1, 0) -> 0
E7: =IF(I7>0, 1, 0) -> 0
E8: =IF(I8>0, 1, 0) -> 0
E9: =IF(I9>0, 1, 0) -> 0
E10: =IF(I10>0, 1, 0) -> 0
E11: =IF(I11>0, 1, 0) -> 0
E12: =IF(I12>0, 1, 0) -> 0
E13: =IF(I13>0, 1, 0) -> 0
E14: =IF(I14>0, 1, 0) -> 0
E15: =IF(I15>0, 1, 0) -> 0
E16: =IF(I16>0, 1, 0) -> 0
E17: =IF(I17>0, 1, 0) -> 0
C18: =IF(D18>0,1,0) -> 0 | E18: =IF(I18>0, 1, 0) -> 0
C19: =IF(D19>0,1,0) -> 0 | E19: =IF(I19>0, 1, 0) -> 0
C20: =IF(D20>0,1,0) -> 0 | E20: =IF(I20>0, 1, 0) -> 0
E21: =IF(I21>0, 1, 0) -> 0
E22: =IF(I22>0, 1, 0) -> 0
E23: =IF(I23>0, 1, 0) -> 0
E24: =IF(I24>0, 1, 0) -> 0
E25: =IF(I25>0, 1, 0) -> 0
E26: =IF(I26>0, 1, 0) -> 0
E27: =IF(I27>0, 1, 0) -> 0
E28: =IF(I28>0, 1, 0) -> 0
E29: =IF(I29>0, 1, 0) -> 0
E30: =IF(I30>0, 1, 0) -> 0
E31: =IF(I31>0, 1, 0) -> 0
E32: =IF(I32>0, 1, 0) -> 0
... E51: =IF(I51>0, 1, 0) -> 0
E52: =SUM(E2:E51) -> 0 | I52: =SUM(I2:I51) -> 0

Sheet DPH
A1: DPH | B1: SLOPE > 20% | C1: Depth | D1: 0-5m | E1: 5-10m | F1: 10-15m | H1: Completed
D2: =IF(C2>5,5,C2) -> 0 | E2: =IF(C2>10,5,MAX(0,C2-5)) -> 0 | F2: =IF(C2>15,5,MAX(0,C2-10)) -> 0 | H2: =IF(C2>0,1,0) -> 0
D3: =IF(C3>5,5,C3) -> 0 | E3: =IF(C3>10,5,MAX(0,C3-5)) -> 0 | F3: =IF(C3>15,5,MAX(0,C3-10)) -> 0 | H3: =IF(C3>0,1,0) -> 0
D4: =IF(C4>5,5,C4) -> 0 | E4: =IF(C4>10,5,MAX(0,C4-5)) -> 0 | F4: =IF(C4>15,5,MAX(0,C4-10)) -> 0 | H4: =IF(C4>0,1,0) -> 0
D5: =IF(C5>5,5,C5) -> 0 | E5: =IF(C5>10,5,MAX(0,C5-5)) -> 0 | F5: =IF(C5>15,5,MAX(0,C5-10)) -> 0 | H5: =IF(C5>0,1,0) -> 0
D6: =IF(C6>5,5,C6) -> 0 | E6: =IF(C6>10,5,MAX(0,C6-5)) -> 0 | F6: =IF(C6>15,5,MAX(0,C6-10)) -> 0 | H6: =IF(C6>0,1,0) -> 0
D7: =IF(C7>5,5,C7) -> 0 | E7: =IF(C7>10,5,MAX(0,C7-5)) -> 0 | F7: =IF(C7>15,5,MAX(0,C7-10)) -> 0 | H7: =IF(C7>0,1,0) -> 0
D8: =IF(C8>5,5,C8) -> 0 | E8: =IF(C8>10,5,MAX(0,C8-5)) -> 0 | F8: =IF(C8>15,5,MAX(0,C8-10)) -> 0 | H8: =IF(C8>0,1,0) -> 0
D9: =IF(C9>5,5,C9) -> 0 | E9: =IF(C9>10,5,MAX(0,C9-5)) -> 0 | F9: =IF(C9>15,5,MAX(0,C9-10)) -> 0 | H9: =IF(C9>0,1,0) -> 0
D10: =IF(C10>5,5,C10) -> 0 | E10: =IF(C10>10,5,MAX(0,C10-5)) -> 0 | F10: =IF(C10>15,5,MAX(0,C10-10)) -> 0 | H10: =IF(C10>0,1,0) -> 0
D11: =IF(C11>5,5,C11) -> 0 | E11: =IF(C11>10,5,MAX(0,C11-5)) -> 0 | F11: =IF(C11>15,5,MAX(0,C11-10)) -> 0 | H11: =IF(C11>0,1,0) -> 0
D12: =IF(C12>5,5,C12) -> 0 | E12: =IF(C12>10,5,MAX(0,C12-5)) -> 0 | F12: =IF(C12>15,5,MAX(0,C12-10)) -> 0 | H12: =IF(C12>0,1,0) -> 0
D13: =IF(C13>5,5,C13) -> 0 | E13: =IF(C13>10,5,MAX(0,C13-5)) -> 0 | F13: =IF(C13>15,5,MAX(0,C13-10)) -> 0 | H13: =IF(C13>0,1,0) -> 0
... D79: =IF(C79>5,5,C79) -> 0 | E79: =IF(C79>10,5,MAX(0,C79-5)) -> 0 | F79: =IF(C79>15,5,MAX(0,C79-10)) -> 0 | H79: =IF(C79>0,1,0) -> 0
D122: =SUM(D2:D120) -> 0 | E122: =SUM(E2:E120) -> 0 | F122: =SUM(F2:F120) -> 0 | H122: =SUM(H2:H121) -> 0

Sheet CPT
A1: CPT | B1: SLOPE >20% | C1: Piezocone | D1: DEPTH | F1: 0-10m | G1: 10-20m | H1: 20-30m | I1: 30-40m | K1: Completed
F2: =IF(D2>10,10,D2) -> 0 | G2: =IF(D2>20,10,MAX(0,D2-10)) -> 0 | H2: =IF(D2>30,10,MAX(0,D2-20)) -> 0 | I2: =IF(D2>40,10,MAX(0,D2-30)) -> 0 | K2: =IF(D2>0,1,0) -> 0
F3: =IF(D3>10,10,D3) -> 0 | G3: =IF(D3>20,10,MAX(0,D3-10)) -> 0 | H3: =IF(D3>30,10,MAX(0,D3-20)) -> 0 | I3: =IF(D3>40,10,MAX(0,D3-30)) -> 0 | K3: =IF(D3>0,1,0) -> 0
F4: =IF(D4>10,10,D4) -> 0 | G4: =IF(D4>20,10,MAX(0,D4-10)) -> 0 | H4: =IF(D4>30,10,MAX(0,D4-20)) -> 0 | I4: =IF(D4>40,10,MAX(0,D4-30)) -> 0 | K4: =IF(D4>0,1,0) -> 0
F5: =IF(D5>10,10,D5) -> 0 | G5: =IF(D5>20,10,MAX(0,D5-10)) -> 0 | H5: =IF(D5>30,10,MAX(0,D5-20)) -> 0 | I5: =IF(D5>40,10,MAX(0,D5-30)) -> 0 | K5: =IF(D5>0,1,0) -> 0
F6: =IF(D6>10,10,D6) -> 0 | G6: =IF(D6>20,10,MAX(0,D6-10)) -> 0 | H6: =IF(D6>30,10,MAX(0,D6-20)) -> 0 | I6: =IF(D6>40,10,MAX(0,D6-30)) -> 0 | K6: =IF(D6>0,1,0) -> 0
F7: =IF(D7>10,10,D7) -> 0 | G7: =IF(D7>20,10,MAX(0,D7-10)) -> 0 | H7: =IF(D7>30,10,MAX(0,D7-20)) -> 0 | I7: =IF(D7>40,10,MAX(0,D7-30)) -> 0 | K7: =IF(D7>0,1,0) -> 0
F8: =IF(D8>10,10,D8) -> 0 | G8: =IF(D8>20,10,MAX(0,D8-10)) -> 0 | H8: =IF(D8>30,10,MAX(0,D8-20)) -> 0 | I8: =IF(D8>40,10,MAX(0,D8-30)) -> 0 | K8: =IF(D8>0,1,0) -> 0
F9: =IF(D9>10,10,D9) -> 0 | G9: =IF(D9>20,10,MAX(0,D9-10)) -> 0 | H9: =IF(D9>30,10,MAX(0,D9-20)) -> 0 | I9: =IF(D9>40,10,MAX(0,D9-30)) -> 0 | K9: =IF(D9>0,1,0) -> 0
F10: =IF(D10>10,10,D10) -> 0 | G10: =IF(D10>20,10,MAX(0,D10-10)) -> 0 | H10: =IF(D10>30,10,MAX(0,D10-20)) -> 0 | I10: =IF(D10>40,10,MAX(0,D10-30)) -> 0 | K10: =IF(D10>0,1,0) -> 0
F11: =IF(D11>10,10,D11) -> 0 | G11: =IF(D11>20,10,MAX(0,D11-10)) -> 0 | H11: =IF(D11>30,10,MAX(0,D11-20)) -> 0 | I11: =IF(D11>40,10,MAX(0,D11-30)) -> 0 | K11: =IF(D11>0,1,0) -> 0
F12: =IF(D12>10,10,D12) -> 0 | G12: =IF(D12>20,10,MAX(0,D12-10)) -> 0 | H12: =IF(D12>30,10,MAX(0,D12-20)) -> 0 | I12: =IF(D12>40,10,MAX(0,D12-30)) -> 0 | K12: =IF(D12>0,1,0) -> 0
F13: =IF(D13>10,10,D13) -> 0 | G13: =IF(D13>20,10,MAX(0,D13-10)) -> 0 | H13: =IF(D13>30,10,MAX(0,D13-20)) -> 0 | I13: =IF(D13>40,10,MAX(0,D13-30)) -> 0 | K13: =IF(D13>0,1,0) -> 0
... F91: =IF(D91>10,10,D91) -> 0 | G91: =IF(D91>20,10,MAX(0,D91-10)) -> 0 | H91: =IF(D91>30,10,MAX(0,D91-20)) -> 0 | I91: =IF(D91>40,10,MAX(0,D91-30)) -> 0 | K91: =IF(D91>0,1,0) -> 0
F92: =SUM(F2:F91) -> 0 | G92: =SUM(G2:G91) -> 0 | H92: =SUM(H2:H91) -> 0 | I92: =SUM(I2:I91) -> 0 | K92: =SUM(K2:K91) -> 0

Sheet Lab Schedules
C1: Name | J1: % of samples tested
A2: BOQ | C2: Date | L2: Actual | M2: % of | N2: % of BH & TPs Completed
A3: TEST | B3: Quantaty | C3: Batch 1 | D3: Batch 2 | E3: Batch 3 | F3: Batch 4 | G3: Batch 5 | H3: Batch 6 | I3: Cancelled Lab Tests | J3: TP | K3: BH | L3: Scheduled | M3: BoQ
A4: Moisture content | B4: 40 | J4: 1 | K4: 1 | L4: =SUM(C4:I4) -> 0 | M4: =L4/B4 -> 0 | N4: =(#REF!+#REF!)/(#REF!+#REF!) -> #REF!
A5: Liquid limit, plastic limit and plasticity index | B5: 10 | J5: 0.5 | K5: 0.5 | L5: =SUM(C5:I5) -> 0 | M5: =L5/B5 -> 0
A6: Particle size distribution by wet sieving | B6: 1 | J6: 0.25 | K6: 0.25 | L6: =SUM(C6:I6) -> 0 | M6: =L6/B6 -> 0
A7: Sedimentation by hydrometer | B7: 1 | J7: 0.25 | K7: 0.25 | L7: =SUM(C7:I7) -> 0 | M7: =L7/B7 -> 0
A8: Organic matter content | B8: 1 | L8: =SUM(C8:I8) -> 0 | M8: =L8/B8 -> 0
A9: Sulphate content of acid extract from soil | B9: 1 | L9: =SUM(C9:I9) -> 0 | M9: =L9/B9 -> 0
A10: Sulphate content of water extract from soil | B10: 1 | L10: =SUM(C10:I10) -> 0 | M10: =L10/B10 -> 0
A11: Sulphate content of groundwater | B11: 1 | L11: =SUM(C11:I11) -> 0 | M11: =L11/B11 -> 0
A12: Water soluble chloride content | B12: 1 | L12: =SUM(C12:I12) -> 0 | M12: =L12/B12 -> 0
A13: pH value | B13: 1 | L13: =SUM(C13:I13) -> 0 | M13: =L13/B13 -> 0
A14: Dry density/moisture content relationship using 2.5 kg rammer | B14: 1 | L14: =SUM(C14:I14) -> 0 | M14: =L14/B14 -> 0
A15: Dry density/moisture content relationship using vibrating hammer | B15: 1 | L15: =SUM(C15:I15) -> 0 | M15: =L15/B15 -> 0
A16: Moisture Condition Value at natural moisture content | B16: 1 | L16: =SUM(C16:I16) -> 0 | M16: =L16/B16 -> 0
A17: Moisture Condition Value/moisture content relationship (five points) | B17: 1 | L17: =SUM(C17:I17) -> 0 | M17: =L17/B17 -> 0
A18: One-dimensional consolidation properties, test period 5 days | B18: 1 | L18: =SUM(C18:I18) -> 0 | M18: =L18/B18 -> 0
A19: Shear strength by the laboratory vane method (set of 3) | B19: 1 | L19: =SUM(C19:I19) -> 0 | M19: =L19/B19 -> 0
... A27: Consolidated drained triaxial compression test with measurement of volume change (set of three 38mm specimens), test duration not exceeding 4 days per specimen | B27: 1 | L27: =SUM(C27:I27) -> 0 | M27: =L27/B27 -> 0
A28: Uniaxial compressive strength | B28: 1 | K28: 0.1 | L28: =SUM(C28:I28) -> 0 | M28: =L28/B28 -> 0
A29: Point Load Strength Index on rock core (axial or diametral) | B29: 1 | K29: 0.1 | L29: =SUM(C29:I29) -> 0 | M29: =L29/B29 -> 0

Sheet TESTS
B2: TESTS | C2: don’t delete
B3: -
B4: DCP
B5: HV
B6: BRE
B7: PT
B8: EV
B9: DCP/HV
B10: DCP/BRE
B11: DCP/PT
B12: DCP/EV
B13: HV/BRE
B14: HV/PT
... B34: DCP/HV/BRE/PT/EV

Sheet Calculator
A1: No. Boreholes | B1: Depth (m) | D1: Sample Interval | E1: SPT Interval | F1: No. Samples | G1: No. SPT's | L1: CP Depth range | M1: No. Boreholes | N1: Total Depth | O1: 0 - 10 m | P1: 10 - 20 m | Q1: 20 - 30 m | V1: Test | W1: Total
A2: =M2 -> #REF! | B2: =N2 -> #REF! | D2: 1 | E2: 1 | F2: =($B2/D2) -> #REF! | G2: =($B2/E2) -> #REF! | L2: Total | M2: =#REF! -> #REF! | N2: =#REF! -> #REF! | O2: =#REF! -> #REF! | P2: =#REF! -> #REF! | Q2: =#REF! -> #REF! | V2: Moisture content | W2: ='Lab Schedules'!L4 -> 0
E3: Total | F3: =F2 -> #REF! | G3: =G2 -> #REF! | V3: Liquid limit, plastic limit and plasticity index | W3: ='Lab Schedules'!L5 -> 0
V4: Particle size distribution by wet sieving | W4: ='Lab Schedules'!L6 -> 0
V5: Sedimentation by hydrometer | W5: ='Lab Schedules'!L7 -> 0
V6: Organic matter content | W6: ='Lab Schedules'!L8 -> 0
A7: No. Boreholes | B7: Depth (m) | D7: Piston Interval | E7: U100 Interval | F7: No. Pistons | G7: No. U100 | M7: No. Rotary Coreholes | N7: Total Depth | O7: RC-CP Depth | P7: 0 - 10 m | Q7: 10 - 20 m | R7: 20 - 30 m | V7: Sulphate content of acid extract from soil | W7: ='Lab Schedules'!L9 -> 0
A8: =#REF! -> #REF! | B8: =#REF! -> #REF! | M8: =#REF! -> #REF! | N8: =#REF! -> #REF! | O8: =#REF! -> #REF! | P8: =#REF! -> #REF! | Q8: =#REF! -> #REF! | R8: =#REF! -> #REF! | V8: Sulphate content of water extract from soil | W8: ='Lab Schedules'!L10 -> 0
E9: Total | F9: =F8 -> 0 | G9: =G8 -> 0 | V9: Sulphate content of groundwater | W9: ='Lab Schedules'!L11 -> 0
V10: Water soluble chloride content | W10: ='Lab Schedules'!L12 -> 0
V11: pH value | W11: ='Lab Schedules'!L13 -> 0
A12: No. Trial Pits | B12: Depth (m) | D12: Small Sample Interval | E12: Bulk Sample Interval | F12: Large Bulk Sample Interval | G12: No. Small Samples | H12: No. Bulk Samples | I12: No. Large Bulk Samples | M12: No. Trial Pits | N12: Total Depth | O12: 0 - 3m | P12: 3 - 4.5 m | V12: Dry density/moisture content relationship using 2.5 kg rammer | W12: ='Lab Schedules'!L14 -> 0
A13: =#REF! -> #REF! | B13: =#REF! -> #REF! | D13: 1 | E13: 1 | F13: 10 | G13: =(B13/D13) -> #REF! | H13: =(B13/E13) -> #REF! | I13: =(B13/F13) -> #REF! | J13: Total | M13: =#REF! -> #REF! | N13: =#REF! -> #REF! | O13: =#REF! -> #REF! | P13: =#REF! -> #REF! | V13: Dry density/moisture content relationship using vibrating hammer | W13: ='Lab Schedules'!L15 -> 0
V14: Moisture Condition Value at natural moisture content | W14: ='Lab Schedules'!L16 -> 0
V15: Moisture Condition Value/moisture content relationship (five points) | W15: ='Lab Schedules'!L17 -> 0
V16: One-dimensional consolidation properties, test period 5 days | W16: ='Lab Schedules'!L18 -> 0
V17: Shear strength by the laboratory vane method (set of 3) | W17: ='Lab Schedules'!L19 -> 0
V18: Shear strength of a set of three 60mm × 60mm square specimens by direct shear, test duration not exceeding 1 day per specimen | W18: ='Lab Schedules'!L20 -> 0
V19: Shear strength of a single 300mm × 300mm square specimen by direct shear, test duration not exceeding 1 day | W19: ='Lab Schedules'!L21 -> 0
A20: No. Probes | B20: 56 | M20: No. Rotary Open Holes | N20: Total Depth | O20: 0 - 10 m | P20: 10 - 20 m | Q20: 20 - 30 m | R20: 30 - 40 m | V20: Residual shear strength of a set of three 60mm × 60mm square specimens by direct shear, test duration not exceeding 4 days per specimen | W20: ='Lab Schedules'!L22 -> 0
M21: =#REF! -> #REF! | N21: =#REF! -> #REF! | O21: =#REF! -> #REF! | P21: =#REF! -> #REF! | Q21: =#REF! -> #REF! | V21: Residual shear strength of a 300mm square specimen by direct shear, test duration not exceeding 4 days | W21: ='Lab Schedules'!L23 -> 0
V22: Undrained shear strength of a set of three 38mm diameter specimens in triaxial compression without the measurement of pore pressure | W22: ='Lab Schedules'!L24 -> 0
V23: Undrained shear strength of a single 100mm diameter specimen in triaxial compression with multi-stage loading and without measurement of pore pressure | W23: ='Lab Schedules'!L25 -> 0
A24: No. Slit Trenches | B24: Depth(m) | E24: Length | F24: Width | G24: Total Length | H24: Total Width | I24: Total Depth | V24: Consolidated undrained triaxial compression test with measurement of pore pressure (set of three 38mm specimens), test duration not exceeding 4 days per specimen | W24: ='Lab Schedules'!L26 -> 0
A25: 17 | B25: 0 | C25: to | D25: 1.2 | E25: 1 | F25: 0.6 | G25: =A25*E25 -> 17 | H25: =A25*F25 -> 10.2 | I25: =A25*D25 -> 20.4 | V25: Consolidated drained triaxial compression test with measurement of volume change (set of three 38mm specimens), test duration not exceeding 4 days per specimen | W25: ='Lab Schedules'!L27 -> 0
A26: Total | B26: =A25 -> 17 | C26: Slit Trenches | H26: Total Volume | I26: =A25*(D25*E25*F25) -> 12.24 | J26: m3 | V26: Uniaxial compressive strength | W26: ='Lab Schedules'!L28 -> 0
V27: Point Load Strength Index on rock core (axial or diametral) | W27: ='Lab Schedules'!L29 -> 0
