Workbook

Sheet Section A
H3: Orange cells need manual inputs. If item is not needed then "Not Required" is to be inserted in cell.
H4: The grey cells w/ orange text/figures are taken from the calculator speadsheet.
H5: Any grey cell with "Not Required" in it, is a result of a quantity of 0 being calculated from log tracker & calculator.
H6: The quantities here are transferred to a final version for the contractor in PART 4 to achieve a simple bill where the contractor just needs to input their rates.
A7: Number | B7: Item description | C7: Unit | D7: Quantity | E7: Rate | F7: Amount
E8: € | F8: € | H8: If Figures are not updating from '2 BOQ Calculator' then go to 'Data' tab, click on 'Edit Links' , then click 'Update Values'.
A9: A | B9: General items, provisional services and additional items
A10: A1 | B10: Offices and stores for the Contractor | C10: sum | D10: 1 | E10: =IF(ISNUMBER(D10),"-","N/A") -> - | F10: =IF(ISNUMBER(D10),"","-") | H10: NOTE: If calculated quantities (grey cells) need to be changed manually, once changed the cell will break it's link to the calculator.
A11: A2 | B11: Establish on site all plant, equipment and services for a Green Category site | C11: sum | D11: Not Required | E11: =IF(ISNUMBER(D11),"","N/A") -> N/A | F11: =IF(ISNUMBER(D11),"","-") -> -
A12: A2.1 | B12: Establish on site cable percussion ('shell l auger') boring plant and equipment for a Green Category site | C12: sum | D12: Not Required | E12: =IF(ISNUMBER(D12),"","N/A") -> N/A | F12: =IF(ISNUMBER(D12),"","-") -> - | K12: Ensure No Blank cells are left when completing
A13: A2.2 | B13: Establish on site rotary drilling plant and equipment for a Green Category site | C13: sum | D13: Not Required | E13: =IF(ISNUMBER(D13),"","N/A") -> N/A | F13: =IF(ISNUMBER(D13),"","-") -> - | K13: Enter a figure into the orange cells manually or paste in "Not Reruired"
A14: A2.3 | B14: Establish on site Geobor S rotary drilling plant and equipment for a Green Category site (Provisional) | C14: sum | D14: Not Required | E14: =IF(ISNUMBER(D14),"","N/A") -> N/A | F14: =IF(ISNUMBER(D14),"","-") -> -
A15: A2.4 | B15: Establish on site trial pitting and trenching plant and equipment for a Green Category site | C15: sum | D15: Not Required | E15: =IF(ISNUMBER(D15),"","N/A") -> N/A | F15: =IF(ISNUMBER(D15),"","-") -> - | K15: READ ABOVE!!!
A16: A2.5 | B16: Establish on site in situ test and sampling equipment for a Green Category site | C16: sum | D16: Not Required | E16: =IF(ISNUMBER(D16),"","N/A") -> N/A | F16: =IF(ISNUMBER(D16),"","-") -> -
A17: A2.6 | B17: Establish on site cone penetration testing (CPT) plant and equipment for a Green Category site | C17: sum | D17: Not Required | E17: =IF(ISNUMBER(D17),"","N/A") -> N/A | F17: =IF(ISNUMBER(D17),"","-") -> -
A18: A2.7 | B18: Establish on site dynamic sampling and probing plant and equipment for a Green Category site | C18: sum | D18: Not Required | E18: =IF(ISNUMBER(D18),"","N/A") -> N/A | F18: =IF(ISNUMBER(D18),"","-") -> -
A19: A2.8 | B19: Establish on site geophysical survey equipment for a Green Category site | C19: sum | D19: Not Required | E19: =IF(ISNUMBER(D19),"","N/A") -> N/A | F19: =IF(ISNUMBER(D19),"","-") -> -
A20: A2.9 | B20: Establish on site instrumentation equipment as required for a Green Category site | C20: sum | D20: Not Required | E20: =IF(ISNUMBER(D20),"","N/A") -> N/A | F20: =IF(ISNUMBER(D20),"","-") -> -
A21: A3.1 | B21: Extra over item A2.1 - A2.9 for a yellow category site | C21: sum | D21: Not Required | E21: =IF(ISNUMBER(D21),"","N/A") -> N/A | F21: =IF(ISNUMBER(D21),"","-") -> -
A22: A3.2 | B22: As Item A3.1 but for a Red Category site | C22: provisional sum | D22: Not Required | E22: =IF(ISNUMBER(D22),"","N/A") -> N/A | F22: =IF(ISNUMBER(D22),"","-") -> -
A23: A4.1 | B23: Maintain on site all site safety equipment for a Yellow Category site | C23: provisional sum | D23: Included in Item 3.1 | E23: =IF(ISNUMBER(D23),"-","N/A") -> N/A | F23: =IF(ISNUMBER(D23),"","-") -> -
A24: A4.2 | B24: Maintain on site all site safety equipment for a Red Category site (PROVISIONAL) | C24: provisional sum | D24: Not Required | E24: =IF(ISNUMBER(D24),"-","N/A") -> N/A | F24: =IF(ISNUMBER(D24),"","-") -> -
A25: A5.1 | B25: Decontamination of equipment during and at end of intrusive investigation for a Yellow Category site | C25: provisional sum | D25: Included in Item 3.1 | E25: =IF(ISNUMBER(D25),"-","N/A") -> N/A | F25: =IF(ISNUMBER(D25),"","-") -> -
A26: A5.2 | B26: Decontamination of equipment during and at end of intrusive investigation for a Red Category site (PROVISIONAL) | C26: provisional sum | D26: Not Required | E26: =IF(ISNUMBER(D26),"","N/A") -> N/A | F26: =IF(ISNUMBER(D26),"","-") -> -
A27: A6 | B27: Appropriate storage, transport and off-site disposal of excess contaminated arising’s from borehole, trial pit or slit trench to EPA regulated landfill site (includes any PPE equipment but excludes laboratory testing on suspected contaminated materials). Note item to be remeasured with delivery dockets and records maintained by the Contractor [PROVISIONAL] | C27: provisional sum | D27: 1 | E27: =IF(ISNUMBER(D27),"-","N/A") -> -
A28: A6.1 | B28: Contractor's uplift on Item A6 | C28: % | D28: Not Required | E28: =IF(ISNUMBER(D28),"-","N/A") -> N/A | F28: =IF(ISNUMBER(D28),"","-") -> -
A29: A7 | B29: Provide professional attendance to meet the contract requirements | C29: sum | D29: 1 | E29: =IF(ISNUMBER(D29),"-","N/A") -> - | F29: =IF(ISNUMBER(D29),"","-")
A30: A7.1 | B30: Provide Technician | C30: per day | D30: Included in A7 | E30: =IF(ISNUMBER(D30),"-","N/A") -> N/A | F30: =IF(ISNUMBER(D30),"","-") -> -
A31: A7.2 | B31: Provide Engineer / Geologist (as per item 2.3 of Specification) | C31: per day | D31: Included in A7 | E31: =IF(ISNUMBER(D31),"-","N/A") -> N/A | F31: =IF(ISNUMBER(D31),"","-") -> -
A32: A7.3 | B32: Provide Chartered Engineer / Professional Geologist (as item 2.3 of Specification) | C32: per day | D32: Included in A7 | E32: =IF(ISNUMBER(D32),"-","N/A") -> N/A | F32: =IF(ISNUMBER(D32),"","-") -> -
A33: A7.4 | B33: Provide Chartered Engineer / Professional Geologist (+10 years experience post charter) | C33: per day | D33: Included in A7 | E33: =IF(ISNUMBER(D33),"-","N/A") -> N/A | F33: =IF(ISNUMBER(D33),"","-") -> -
A34: A7.5 | B34: Provide Chartered Engineer / Professional Geologist (+20 years experience post charter) | C34: per day | D34: Included in A7 | E34: =IF(ISNUMBER(D34),"-","N/A") -> N/A | F34: =IF(ISNUMBER(D34),"","-") -> -
A35: A8 | B35: Set out the location at each exploratory hole or point | C35: Nr | D35: ='[1]Section A'!$D$35 -> 0 | E35: =IF(ISNUMBER(D35),"","N/A") | F35: =IF(ISNUMBER(D35),"","-")
A36: A8.1 | B36: Establish the location and elevation (X, Y, Z) of the ground at each 'as-built' exploratory hole or point | C36: nr | D36: ='[1]Section A'!$D$36 -> 0 | E36: =IF(ISNUMBER(D36),"","N/A") | F36: =IF(ISNUMBER(D36),"","-")
A37: A9 | B37: Preparation of Health and Safety documentation and Safety Risk Assessment | C37: sum | D37: 1 | E37: =IF(ISNUMBER(D37),"","N/A") | F37: =IF(ISNUMBER(D37),"","-")
A38: A10 | B38: Facilities for the Investigation Supervisor | C38: per week | D38: Not Required | E38: =IF(ISNUMBER(D38),"","N/A") -> N/A | F38: =IF(ISNUMBER(D38),"","-") -> -
A39: A11 | B39: Vehicle(s) for the Investigation Supervisor | C39: vehicle wk | D39: Not Required | E39: =IF(ISNUMBER(D39),"","N/A") -> N/A | F39: =IF(ISNUMBER(D39),"","-") -> -
A40: A11.1 | B40: Provision of fuel and tolls for A11 (to be reimbursed under the contract) | C40: provisional sum | D40: Not Required | E40: =IF(ISNUMBER(D40),"","N/A") -> N/A | F40: =IF(ISNUMBER(D40),"","-") -> -
A41: A11.2 | B41: Contractors uplift on item A11 and A11.1 | C41: % uplift | D41: Not Required | E41: =IF(ISNUMBER(D41),"","N/A") -> N/A | F41: =IF(ISNUMBER(D41),"","-") -> -
A42: A12 | B42: Provision of phone and internet for the Investigation Supervisor (to be reimbursed under the contract) | C42: provisional sum | D42: Not Required | E42: =IF(ISNUMBER(D42),"","N/A") -> N/A | F42: =IF(ISNUMBER(D42),"","-") -> -
A43: A12.1 | B43: Contractors Uplift on item A12 | C43: % uplift | D43: Not Required | E43: =IF(ISNUMBER(D43),"","N/A") -> N/A | F43: =IF(ISNUMBER(D43),"","-") -> -
A44: A13 | B44: Deliver selected cores and samples specified Client address (address to be advised) | C44: provisional sum | D44: Not Required | E44: =IF(ISNUMBER(D44),"","N/A") -> N/A | F44: =IF(ISNUMBER(D44),"","-") -> -
A45: A14 | B45: Special additional testing and sampling required by Investigation Supervisor | C45: provisional sum | D45: Not Required | E45: =IF(ISNUMBER(D45),"","N/A") -> N/A | F45: =IF(ISNUMBER(D45),"","-") -> -
A46: A15 | B46: Traffic safety and management to include preparation of traffic management drawings for investigations on roads or pavement areas | C46: sum | D46: Not Required | E46: =IF(ISNUMBER(D46),"","N/A") -> N/A | F46: =IF(ISNUMBER(D46),"","-") -> -
A47: A16 | B47: Provision of road opening licences and road damage bonds | C47: sum | D47: Not Required | E47: =IF(ISNUMBER(D47),"","N/A") -> N/A | F47: =IF(ISNUMBER(D47),"","-") -> -
A48: A17 | B48: Contractors uplift on items A15 and A16 | C48: % uplift | D48: Not Required | E48: =IF(ISNUMBER(D48),"","N/A") -> N/A | F48: =IF(ISNUMBER(D48),"","-") -> -
A49: A18 | B49: One master copy of Desk Study Report | C49: sum | D49: Not Required | E49: =IF(ISNUMBER(D49),"","N/A") -> N/A | F49: =IF(ISNUMBER(D49),"","-") -> -
... A51: A18.2 | B51: Electronic copy of Desk Study Report (PDF) | C51: sum | D51: Not Required | E51: =IF(ISNUMBER(D51),"","N/A") -> N/A | F51: =IF(ISNUMBER(D51),"","-") -> -
A52: A19 | B52: One master copy of the Ground Investigation Report (Factual) | C52: sum | D52: 1 | E52: =IF(ISNUMBER(D52),"","N/A") | F52: =IF(ISNUMBER(D52),"","-")
A53: A19.1 | B53: Additional copy of the Ground Investigation Report (Factual) | C53: nr | D53: Not Required | E53: =IF(ISNUMBER(D53),"","N/A") -> N/A | F53: =IF(ISNUMBER(D53),"","-") -> -
A54: A19.2 | B54: Electronic copy of Ground Investigation Report | C54: sum | D54: 1 | E54: =IF(ISNUMBER(D54),"","N/A") | F54: =IF(ISNUMBER(D54),"","-")
A55: A20 | B55: One master copy of Geophysical Report | C55: sum | D55: Not Required | E55: =IF(ISNUMBER(D55),"","N/A") -> N/A | F55: =IF(ISNUMBER(D55),"","-") -> -
A56: A20.1 | B56: Additional hard copy of Geophysical Report | C56: nr | D56: Not Required | E56: =IF(ISNUMBER(D56),"","N/A") -> N/A | F56: =IF(ISNUMBER(D56),"","-") -> -
A57: A20.2 | B57: Electronic copy of Geophysical Report (PDF) | C57: sum | D57: Not Required | E57: =IF(ISNUMBER(D57),"","N/A") -> N/A | F57: =IF(ISNUMBER(D57),"","-") -> -
A58: A21 | B58: One master copy of Geotechnical Interpretive Report | C58: sum | D58: Not Required | E58: =IF(ISNUMBER(D58),"","N/A") -> N/A | F58: =IF(ISNUMBER(D58),"","-") -> -
A59: A21.1 | B59: Additional copy of Geotechnical Interpretive Report | C59: nr | D59: Not Required | E59: =IF(ISNUMBER(D59),"","N/A") -> N/A | F59: =IF(ISNUMBER(D59),"","-") -> -
A60: A21.2 | B60: Electronic copy of Geotechnical Interpretive Report | C60: sum | D60: Not Required | E60: =IF(ISNUMBER(D60),"","N/A") -> N/A | F60: =IF(ISNUMBER(D60),"","-") -> -
A61: A22 | B61: Digital field/engineering logs in AGS transfer format | C61: sum | D61: 1 | E61: =IF(ISNUMBER(D61),"","N/A") | F61: =IF(ISNUMBER(D61),"","-")
A62: A23 | B62: Digital laboratory test data in AGS transfer files | C62: sum | D62: 1 | E62: =IF(ISNUMBER(D62),"","N/A") | F62: =IF(ISNUMBER(D62),"","-")
A63: A24 | B63: Digital copy of trial pit, slit trench or core photographs as per Specification | C63: sum | D63: 1 | E63: =IF(ISNUMBER(D63),"","N/A") | F63: =IF(ISNUMBER(D63),"","-")
A64: A25 | B64: Storage of all samples following completion of fieldworks | C64: wk | D64: 4 | E64: =IF(ISNUMBER(D64),"","N/A") | F64: =IF(ISNUMBER(D64),"","-")
A65: A26 | B65: Storage of core boxes following completion of fieldworks | C65: wk | D65: 4 | E65: =IF(ISNUMBER(D65),"","N/A") | F65: =IF(ISNUMBER(D65),"","-")
A66: A27 | B66: Provision of water supply for the fieldworks | C66: sum | D66: included in A2 | E66: =IF(ISNUMBER(D66),"","N/A") -> N/A | F66: =IF(ISNUMBER(D66),"","-") -> -
A67: A28 | B67: Provision of Insurances | C67: sum | D67: 1 | E67: =IF(ISNUMBER(D67),"","N/A") | F67: =IF(ISNUMBER(D67),"","-")
A68: A29 | B68: Provision of Performance Bond | C68: sum | D68: Not Required | E68: =IF(ISNUMBER(D68),"","N/A") -> N/A | F68: =IF(ISNUMBER(D68),"","-") -> -
A69: A30 | B69: Perform the role of PSCS | C69: sum | D69: 1 | E69: =IF(ISNUMBER(D69),"","N/A") | F69: =IF(ISNUMBER(D69),"","-")
A70: A31 | B70: Contractor liaison with external bodies to obtain road opening licence, foreshore licence for marine investigations etc. (specify) | C70: sum | D70: Not Required | E70: =IF(ISNUMBER(D70),"","N/A") -> N/A | F70: =IF(ISNUMBER(D70),"","-") -> -
A71: A32 - Additional Item | B71: Extra over item for provision of necessary COVID19 social distancing and precaution measures during Ground Investigation as outlined in Item A9 | C71: sum | D71: 1 | E71: =IF(ISNUMBER(D71),"","N/A") | F71: =IF(ISNUMBER(D71),"","-")
B72: Total Section A carried to summary: | F72: =SUM(F9:F71) -> 0

Sheet Section B
A7: Number | B7: Item description | C7: Unit | D7: Quantity | E7: Rate | F7: Amount
E8: € | F8: €
A9: B | B9: Cable Percussion Boring (cable tool or percussive boring using minimum of 200mm diameter casing)
A10: B1 | B10: Move boring plant and equipment to the site of each exploratory hole and set up (cable percussive only) | C10: Refer to items B1.1 and B1.2 | D10: Refer to items B1.1 and B1.2 | E10: =IF(ISNUMBER(D10),"","N/A") -> N/A | F10: -
A11: B1.1.1 | B11: Move boring plant and equipment to the site of each exploratory hole, set up, dismantle on completion and reinstate (cable percussive only) | C11: nr | D11: =IF(AND(ISNUMBER('[2]Section B'!D11),'[2]Section B'!D11>0),'[2]Section B'!D11,"Not Required") -> #VALUE! | E11: =IF(ISNUMBER(D11),"","N/A") -> N/A | F11: =IF(AND(ISNUMBER(D11),D11>0),D11*E11,"-") -> #VALUE!
A12: B1.1.2 | B12: Move boring plant and equipment to the site of each exploratory hole over safety barrier or other fence or wall, set up, dismantle on completion and reinstate (cable percussive only) | C12: nr | D12: =IF(AND(ISNUMBER('[2]Section B'!D12),'[2]Section B'!D12>0),'[2]Section B'!D12,"Not Required") -> #VALUE! | E12: =IF(ISNUMBER(D12),"","N/A") -> N/A | F12: =IF(AND(ISNUMBER(D12),D12>0),D12*E12,"-") -> #VALUE!
A13: B1.2.1 | B13: Move boring plant and equipment to the site of each exploratory hole, set up, dismantle on completion and reinstate (where borehole is to be followed on with rotary drilling) | C13: nr | D13: =IF(AND(ISNUMBER('[2]Section B'!D13),'[2]Section B'!D13>0),'[2]Section B'!D13,"Not Required") -> #VALUE! | E13: =IF(ISNUMBER(D13),"","N/A") -> N/A | F13: =IF(AND(ISNUMBER(D13),D13>0),D13*E13,"-") -> #VALUE!
A14: B1.2.2 | B14: Move boring plant and equipment to the site of each exploratory hole over safety barrier or other fence or wall, set up, dismantle on completion and reinstate (where borehole is to be followed on with rotary drilling) | C14: nr | D14: =IF(AND(ISNUMBER('[2]Section B'!D14),'[2]Section B'!D14>0),'[2]Section B'!D14,"Not Required") -> #VALUE! | E14: =IF(ISNUMBER(D14),"","N/A") -> N/A | F14: =IF(AND(ISNUMBER(D14),D14>0),D14*E14,"-") -> #VALUE!
A15: B2 | B15: Extra over Item B1 for setting up on a slope of gradient greater than 20% | C15: Refer to items B2.1 and B2.2 | D15: Refer to items B2.1 and B2.2 | E15: =IF(ISNUMBER(D15),"","N/A") -> N/A | F15: -
A16: B2.1 | B16: Extra over Item B1.1 for setting up on a slope of gradient greater than 20% | C16: nr | D16: =IF(AND(ISNUMBER('[2]Section B'!D16),'[2]Section B'!D16>0),'[2]Section B'!D16,"Not Required") -> #VALUE! | E16: =IF(ISNUMBER(D16),"","N/A") -> N/A | F16: =IF(AND(ISNUMBER(D16),E16>0),D16*E16,"-") -> -
A17: B2.2 | B17: Extra over Item B1.2 for setting up on a slope of gradient greater than 20% | C17: nr | D17: =IF(AND(ISNUMBER('[2]Section B'!D17),'[2]Section B'!D17>0),'[2]Section B'!D17,"Not Required") -> #VALUE! | E17: =IF(ISNUMBER(D17),"","N/A") -> N/A | F17: =IF(AND(ISNUMBER(D17),E17>0),D17*E17,"-") -> -
A18: B3 | B18: Hand digging and CAT scan at borehole location to confirm absence of utility ducts (maximum depth of 1.2m or lesser if ground is assessed as potentially unstable) | C18: nr | D18: =IF(AND(ISNUMBER('[2]Section B'!D18),'[2]Section B'!D18>0),'[2]Section B'!D18,"Not Required") -> #VALUE! | E18: =IF(ISNUMBER(D18),"","N/A") -> N/A | F18: =IF(AND(ISNUMBER(D18),E18>0),D18*E18,"-") -> -
A19: B3.1 | B19: Break out obstructions where present when hand digging at exploratory hole location for Item B3. | C19: m3 | D19: =IF(AND(ISNUMBER('[2]Section B'!D19),'[2]Section B'!D19>0),'[2]Section B'!D19,"Not Required") -> #VALUE! | E19: =IF(ISNUMBER(D19),"","N/A") -> N/A | F19: =IF(AND(ISNUMBER(D19),E19>0),D19*E19,"-") -> -
A20: B4 | B20: Advance borehole between existing ground level and 10 m depth | C20: m | D20: =IF(AND(ISNUMBER('[2]Section B'!D20),'[2]Section B'!D20>0),'[2]Section B'!D20,"Not Required") -> Not Required | E20: =IF(ISNUMBER(D20),"","N/A") -> N/A | F20: =IF(AND(ISNUMBER(D20),E20>0),D20*E20,"-") -> -
A21: B5 | B21: As Item B4 but between 10 m and 20 m depth (Provisional) | C21: m | D21: =IF(AND(ISNUMBER('[2]Section B'!D21),'[2]Section B'!D21>0),'[2]Section B'!D21,"Not Required") -> Not Required | E21: =IF(ISNUMBER(D21),"","N/A") -> N/A | F21: =IF(AND(ISNUMBER(D21),E21>0),D21*E21,"-") -> -
A22: B6 | B22: As Item B4 but between 20 m and 30 m depth | C22: m | D22: =IF(AND(ISNUMBER('[2]Section B'!D22),'[2]Section B'!D22>0),'[2]Section B'!D22,"Not Required") -> Not Required | E22: =IF(ISNUMBER(D22),"","N/A") -> N/A | F22: =IF(AND(ISNUMBER(D22),E22>0),D22*E22,"-") -> -
A23: B7 | B23: As Item B4 but between 30 m and 40 m depth | C23: m | D23: =IF(AND(ISNUMBER('[2]Section B'!D23),'[2]Section B'!D23>0),'[2]Section B'!D23,"Not Required") -> Not Required | E23: =IF(ISNUMBER(D23),"","N/A") -> N/A | F23: =IF(AND(ISNUMBER(D23),E23>0),D23*E23,"-") -> -
A24: B8 | B24: As Item B4 but between 40 m and 50 m depth | C24: m | D24: =IF(AND(ISNUMBER('[2]Section B'!D24),'[2]Section B'!D24>0),'[2]Section B'!D24,"Not Required") -> Not Required | E24: =IF(ISNUMBER(D24),"","N/A") -> N/A | F24: =IF(AND(ISNUMBER(D24),E24>0),D24*E24,"-") -> -
A25: B9 | B25: Advance borehole through hard stratum or obstruction | C25: h | D25: =IF(AND(ISNUMBER('[2]Section B'!D25),'[2]Section B'!D25>0),'[2]Section B'!D25,"Not Required") -> #VALUE! | E25: =IF(ISNUMBER(D25),"","N/A") -> N/A | F25: =IF(AND(ISNUMBER(D25),E25>0),D25*E25,"-") -> -
A26: B10 | B26: Provide aquifer protection measures at a single aquiclude/aquifer boundary or cross-contamination control measures at a single soil boundary in a borehole | C26: nr | D26: Included in B1 to B1.2.2 | E26: =IF(ISNUMBER(D26),"","N/A") -> N/A | F26: =IF(AND(ISNUMBER(D26),E26>0),D26*E26,"-") -> -
A27: B11 | B27: Backfill borehole with cement/bentonite grout or bentonite pellets (where standpipe piezometer is not installed) | C27: m³ | D27: Included in B1 to B1.2.2 | E27: =IF(ISNUMBER(D27),"","N/A") -> N/A | F27: =IF(AND(ISNUMBER(D27),E27>0),D27*E27,"-") -> -
A28: B12 | B28: Standing time for borehole plant, equipment and crew | C28: h | D28: =IF(AND(ISNUMBER('[2]Section B'!$D$28),'[2]Section B'!$D$28>0),'[2]Section B'!$D$28,"Not Required") -> #VALUE! | E28: =IF(ISNUMBER(D28),"","N/A") -> N/A | F28: =IF(AND(ISNUMBER(D28),D28>0),D28*E28,"-") -> #VALUE!
B29: Dynamic sampling (Window and Windowless Sampling)
A30: B13 | B30: Move dynamic sampling equipment to the site of each exploratory hole and set up | C30: nr | D30: =IF(AND(ISNUMBER('[2]Section B'!D30),'[2]Section B'!D30>0),'[2]Section B'!D30,"Not Required") -> Not Required | E30: =IF(ISNUMBER(D30),"","N/A") -> N/A | F30: =IF(AND(ISNUMBER(D30),D30>0),D30*E30,"-") -> -
A31: B14 | B31: Extra over Item B13 for setting up on a slope of gradient greater than 20% | C31: nr | D31: =IF(AND(ISNUMBER('[2]Section B'!D31),'[2]Section B'!D31>0),'[2]Section B'!D31,"Not Required") -> #VALUE! | E31: =IF(ISNUMBER(D31),"","N/A") -> N/A | F31: =IF(AND(ISNUMBER(D31),D31>0),D31*E31,"-") -> #VALUE!
A32: B15 | B32: Hand digging and CAT scan at dynamic sampling location to confirm absence of utility ducts (maximum depth of 1.2m or lesser if ground is assessed as potentially unstable) | C32: nr | D32: =IF(AND(ISNUMBER('[2]Section B'!D32),'[2]Section B'!D32>0),'[2]Section B'!D32,"Not Required") -> Not Required | E32: =IF(ISNUMBER(D32),"","N/A") -> N/A | F32: =IF(AND(ISNUMBER(D32),D32>0),D32*E32,"-") -> -
A33: B16 | B33: Break out surface obstruction where present | C33: h | D33: =IF(AND(ISNUMBER('[2]Section B'!D33),'[2]Section B'!D33>0),'[2]Section B'!D33,"Not Required") -> Not Required | E33: =IF(ISNUMBER(D33),"","N/A") -> N/A | F33: =IF(AND(ISNUMBER(D33),D33>0),D33*E33,"-") -> -
A34: B17 | B34: Advance dynamic sample hole between existing ground level and 5 m depth | C34: m | D34: =IF(AND(ISNUMBER('[2]Section B'!D34),'[2]Section B'!D34>0),'[2]Section B'!D34,"Not Required") -> Not Required | E34: =IF(ISNUMBER(D34),"","N/A") -> N/A | F34: =IF(AND(ISNUMBER(D34),D34>0),D34*E34,"-") -> -
A35: B18 | B35: As Item B15 but between 5 and 10 m depth | C35: m | D35: =IF(AND(ISNUMBER('[2]Section B'!D35),'[2]Section B'!D35>0),'[2]Section B'!D35,"Not Required") -> Not Required | E35: =IF(ISNUMBER(D35),"","N/A") -> N/A | F35: =IF(AND(ISNUMBER(D35),D35>0),D35*E35,"-") -> -
A36: B19 | B36: Dynamic sampleing >10m as instructed by the Investigation Supervisor | C36: m | D36: =IF(AND(ISNUMBER('[2]Section B'!D36),'[2]Section B'!D36>0),'[2]Section B'!D36,"Not Required") -> Not Required | E36: =IF(ISNUMBER(D36),"","N/A") -> N/A | F36: =IF(AND(ISNUMBER(D36),D36>0),D36*E36,"-") -> -
A37: B20 | B37: Standing time for dynamic sampling equipment and crew | C37: hr | D37: =IF(AND(ISNUMBER('[2]Section B'!D37),'[2]Section B'!D37>0),'[2]Section B'!D37,"Not Required") -> Not Required | E37: =IF(ISNUMBER(D37),"","N/A") -> N/A | F37: =IF(AND(ISNUMBER(D37),D37>0),D37*E37,"-") -> -
A38: B21 | B38: Backfill dynamic sample borehole with cement/bentonite grout or bentonite pellets (where standpipe or piezometer is not installed) | C38: m³ | D38: ='[2]Section B'!$D$38 -> Included in B13 | E38: =IF(ISNUMBER(D38),"","N/A") -> N/A | F38: =IF(AND(ISNUMBER(D38),D38>0),D38*E38,"-") -> -
B39: Reinstatement of Cable Percussive Borehole and Dynamic Sample Borehole
A40: B22 | B40: Reinstatement of gravel hardstanding | C40: m² | D40: Included in B1.1 & B1.2 | E40: =IF(ISNUMBER(D40),"","N/A") -> N/A | F40: =IF(AND(ISNUMBER(D40),D40>0),D40*E40,"-") -> -
A41: B23 | B41: Reinstatement of asphalt / bituminous pavement | C41: m² | D41: Included in D53 | E41: =IF(ISNUMBER(D41),"","N/A") -> N/A | F41: =IF(AND(ISNUMBER(D41),D41>0),D41*E41,"-") -> -
A42: B24 | B42: Reinstatement of grass areas | C42: m² | D42: Included in B1.1, B1.2 & B13 | E42: =IF(ISNUMBER(D42),"","N/A") -> N/A | F42: =IF(AND(ISNUMBER(D42),D42>0),D42*E42,"-") -> -
A43: B25 | B43: Provision of stock proof fencing to borehole or dynamic sample work area | C43: nr | D43: Not Required | E43: =IF(ISNUMBER(D43),"","N/A") -> N/A | F43: =IF(AND(ISNUMBER(D43),D43>0),D43*E43,"-") -> -
A44: B26 | B44: Disposal of excess or surplus inert arisings from cable percussion boring or dynamic sampling (where standpipe or piezometer is not installed) | C44: m³ | D44: Included in B1 to B1.2.2 | E44: =IF(ISNUMBER(D44),"","N/A") -> N/A | F44: =IF(AND(ISNUMBER(D44),D44>0),D44*E44,"-") -> -
B45: Total Section B carried to summary: | F45: =SUM(F10:F44) -> #VALUE!

Sheet Section C
A7: Number | B7: Item description | C7: Unit | D7: Quantity | E7: Rate | F7: Amount
E8: € | F8: €
A9: C | B9: Rotary drilling
B10: Hand augering
A11: C1 | B11: Bring hand auger equipment to the position of each exploratory hole | C11: nr | D11: Not Required | E11: =IF(ISNUMBER(D11),"","N/A") -> N/A | F11: =IF(AND(ISNUMBER(D11),D11>0),D11*E11,"-") -> -
A12: C2 | B12: Bore with hand auger from existing ground level to 2m depth | C12: m | D12: Not Required | E12: =IF(ISNUMBER(D12),"","N/A") -> N/A | F12: =IF(AND(ISNUMBER(D12),D12>0),D12*E12,"-") -> -
A13: C3 | B13: As Item C2 but between 2 and 4m depth | C13: m | D13: Not Required | E13: =IF(ISNUMBER(D13),"","N/A") -> N/A | F13: =IF(AND(ISNUMBER(D13),D13>0),D13*E13,"-") -> -
A14: C4 | B14: Standing time for hand auger equipment and crew | C14: h | D14: Not Required | E14: =IF(ISNUMBER(D14),"","N/A") -> N/A | F14: =IF(AND(ISNUMBER(D14),D14>0),D14*E14,"-") -> -
A15: C5 | B15: Provision of hand augering equipment and crew for augering as directed by the Investigation Supervisor maximum depth 4m | C15: day | D15: Not Required | E15: =IF(ISNUMBER(D15),"","N/A") -> N/A | F15: =IF(AND(ISNUMBER(D15),D15>0),D15*E15,"-") -> -
A16: C6 | B16: Backfill hand auger hole with cement/bentonite grout or bentonite pellets | C16: m | D16: Not Required | E16: =IF(ISNUMBER(D16),"","N/A") -> N/A | F16: =IF(AND(ISNUMBER(D16),D16>0),D16*E16,"-") -> -
B17: Continuous flight and hollow-stem flight augering
A18: C7 | B18: Move mechanical augering plant and equipment to the site of each exploratory hole and set up. | C18: nr | D18: Not Required | E18: =IF(ISNUMBER(D18),"","N/A") -> N/A | F18: =IF(AND(ISNUMBER(D18),D18>0),D18*E18,"-") -> -
A19: C7.1 | B19: Hand digging and CAT scan at rotary drillhole location to confirm absence of utility ducts ( maximum depth of 1.2m or lesser if ground is assessed as potentially unstable). | C19: nr | D19: Not Required | E19: =IF(ISNUMBER(D19),"","N/A") -> N/A | F19: =IF(AND(ISNUMBER(D19),D19>0),D19*E19,"-") -> -
A20: C8 | B20: Extra over Item C7 for setting up on a slope of gradient greater than 20% | C20: nr | D20: Not Required | E20: =IF(ISNUMBER(D20),"","N/A") -> N/A | F20: =IF(AND(ISNUMBER(D20),D20>0),D20*E20,"-") -> -
A21: C9 | B21: Break out obstructions where present when hand digging at auger hole location for Item C7.1. | C21: m3 | D21: Not Required | E21: =IF(ISNUMBER(D21),"","N/A") -> N/A | F21: =IF(AND(ISNUMBER(D21),D21>0),D21*E21,"-") -> -
A22: C10 | B22: Standing time for rotary auger equipment and crew. | C22: h | D22: Not Required | E22: =IF(ISNUMBER(D22),"","N/A") -> N/A | F22: =IF(AND(ISNUMBER(D22),D22>0),D22*E22,"-") -> -
A23: C11 | B23: Auger in materials other than hard strata at the specified diameter between existing ground level and 10m depth. | C23: m | D23: Not Required | E23: =IF(ISNUMBER(D23),"","N/A") -> N/A | F23: =IF(AND(ISNUMBER(D23),D23>0),D23*E23,"-") -> -
A24: C12 | B24: As Item C11 but between 10 and 20m depth. | C24: m | D24: Not Required | E24: =IF(ISNUMBER(D24),"","N/A") -> N/A | F24: =IF(AND(ISNUMBER(D24),D24>0),D24*E24,"-") -> -
A25: C13 | B25: As Item C11 but between 20 and 30m depth. | C25: m | D25: Not Required | E25: =IF(ISNUMBER(D25),"","N/A") -> N/A | F25: =IF(AND(ISNUMBER(D25),D25>0),D25*E25,"-") -> -
A26: C14 | B26: Backfill auger hole with cement/bentonite grout or bentonite pellets (PROVISIONAL) | C26: m | D26: Not Required | E26: =IF(ISNUMBER(D26),"","N/A") -> N/A | F26: =IF(AND(ISNUMBER(D26),D26>0),D26*E26,"-") -> -
B27: Rotary drilling with and without core recovery
A28: C15 | B28: Move rotary drilling plant and equipment to the site of each exploratory drillhole and set up. | C28: nr | D28: Refer to C15.1.1 to C15.2.2 & C15.3 | E28: =IF(ISNUMBER(D28),"","N/A") -> N/A | F28: =IF(AND(ISNUMBER(D28),D28>0),D28*E28,"-") -> -
A29: C15.1.1 | B29: Move rotary drilling plant and equipment to the site of each exploratory drillhole, set up, dismantle on completion and reinstate (rotary follow-on). | C29: nr | D29: =IF(AND(ISNUMBER('[2]Section C'!D29),'[2]Section C'!D29>0),'[2]Section C'!D29,"Not Required") -> #VALUE! | E29: =IF(ISNUMBER(D29),"","N/A") -> N/A | F29: =IF(AND(ISNUMBER(D29),D29>0),D29*E29,"-") -> #VALUE!
A30: C15.1.2 | B30: Move rotary drilling plant and equipment to the site of each exploratory drillhole over safety barrier or other fence or wall, set up, dismantle on completion and reinstate (rotary follow-on). | C30: nr | D30: =IF(AND(ISNUMBER('[2]Section C'!D30),'[2]Section C'!D30>0),'[2]Section C'!D30,"Not Required") -> #VALUE! | E30: =IF(ISNUMBER(D30),"","N/A") -> N/A | F30: =IF(AND(ISNUMBER(D30),D30>0),D30*E30,"-") -> #VALUE!
A31: C15.2.1 | B31: Move rotary drilling plant and equipment to the site of each exploratory drillhole, set up, dismantle on completion and reinstate (rotary only). | C31: nr | D31: =IF(AND(ISNUMBER('[2]Section C'!D31),'[2]Section C'!D31>0),'[2]Section C'!D31,"Not Required") -> #VALUE! | E31: =IF(ISNUMBER(D31),"","N/A") -> N/A | F31: =IF(AND(ISNUMBER(D31),D31>0),D31*E31,"-") -> #VALUE!
A32: C15.2.2 | B32: Move rotary drilling plant and equipment to the site of each exploratory drillhole, over safety barrier or other fence or wall, set up, dismantle on completion and reinstate (rotary only). | C32: nr | D32: =IF(AND(ISNUMBER('[2]Section C'!D32),'[2]Section C'!D32>0),'[2]Section C'!D32,"Not Required") -> #VALUE! | E32: =IF(ISNUMBER(D32),"","N/A") -> N/A | F32: =IF(AND(ISNUMBER(D32),D32>0),D32*E32,"-") -> #VALUE!
A33: C15.3 | B33: Hand digging and CAT scan at rotary drillhole location to confirm absence of utility ducts ( maximum depth of 1.2m or lesser if ground is assessed as potentially unstable) for rotary only borehole | C33: nr | D33: =IF(AND(ISNUMBER('[2]Section C'!D33),'[2]Section C'!D33>0),'[2]Section C'!D33,"Not Required") -> #VALUE! | E33: =IF(ISNUMBER(D33),"","N/A") -> N/A | F33: =IF(AND(ISNUMBER(D33),D33>0),D33*E33,"-") -> #VALUE!
A34: C16 | B34: Extra over Item C15 for setting up on a slope of gradient greater than 20%. | C34: nr | D34: =IF(AND(ISNUMBER('[2]Section C'!D34),'[2]Section C'!D34>0),'[2]Section C'!D34,"Not Required") -> #VALUE! | E34: N/A | F34: =IF(AND(ISNUMBER(D34),D34>0),D34*E34,"-") -> #VALUE!
A35: C17 | B35: Extra over Item C15 for setting up drilling plant for inclined drillhole | C35: nr | D35: =IF(AND(ISNUMBER('[2]Section C'!D35),'[2]Section C'!D35>0),'[2]Section C'!D35,"Not Required") -> Not Required | E35: N/A | F35: =IF(AND(ISNUMBER(D35),D35>0),D35*E35,"-") -> -
A36: C18 | B36: Break out obstructions where present when hand digging at exploratory hole location for C15.3. | C36: m3 | D36: =IF(AND(ISNUMBER('[2]Section C'!D36),'[2]Section C'!D36>0),'[2]Section C'!D36,"Not Required") -> #VALUE! | E36: =IF(ISNUMBER(D36),"","N/A") -> N/A | F36: =IF(AND(ISNUMBER(D36),D36>0),D36*E36,"-") -> #VALUE!
A37: C19 | B37: Standing time for rotary drilling plant, equipment and crew (PROVISIONAL) | C37: h | D37: =IF(AND(ISNUMBER('[2]Section C'!D37),'[2]Section C'!D37>0),'[2]Section C'!D37,"Not Required") -> #VALUE! | E37: =IF(ISNUMBER(D37),"","N/A") -> N/A | F37: =IF(AND(ISNUMBER(D37),D37>0),D37*E37,"-") -> #VALUE!
A38: C20 | B38: Provide aquifer protection measures at a single aquiclude/aquifer boundary in a drillhole | C38: nr | D38: =IF(AND(ISNUMBER('[2]Section C'!D38),'[2]Section C'!D38>0),'[2]Section C'!D38,"Not Required") -> Not Required | E38: N/A | F38: =IF(AND(ISNUMBER(D38),D38>0),D38*E38,"-") -> -
B39: Drilling without cores
A40: C21 | B40: Rotary drill in materials other than hard strata at the specified diameter, from which cores are not required, between existing ground level and 10m depth (Provisional) | C40: m | D40: =IF(AND(ISNUMBER('[2]Section C'!D40),'[2]Section C'!D40>0),'[2]Section C'!D40,"Not Required") -> Not Required
A41: C22 | B41: As Item C21 but between 10 and 20m depth. (Provisional) | C41: m | D41: =IF(AND(ISNUMBER('[2]Section C'!D41),'[2]Section C'!D41>0),'[2]Section C'!D41,"Not Required") -> Not Required
A42: C23 | B42: As Item C21 but between 20 and 30m depth | C42: m | D42: =IF(AND(ISNUMBER('[2]Section C'!D42),'[2]Section C'!D42>0),'[2]Section C'!D42,"Not Required") -> Not Required | E42: =IF(ISNUMBER(D42),"","N/A") -> N/A | F42: =IF(AND(ISNUMBER(D42),D42>0),D42*E42,"-") -> -
A43: C24 | B43: As Item C21 but between 30 and 40m depth | C43: m | D43: =IF(AND(ISNUMBER('[2]Section C'!D43),'[2]Section C'!D43>0),'[2]Section C'!D43,"Not Required") -> Not Required | E43: =IF(ISNUMBER(D43),"","N/A") -> N/A | F43: =IF(AND(ISNUMBER(D43),D43>0),D43*E43,"-") -> -
A44: C25 | B44: As Item C21 but between 40 and 50m depth | C44: m | D44: =IF(AND(ISNUMBER('[2]Section C'!D44),'[2]Section C'!D44>0),'[2]Section C'!D44,"Not Required") -> Not Required | E44: =IF(ISNUMBER(D44),"","N/A") -> N/A | F44: =IF(AND(ISNUMBER(D44),D44>0),D44*E44,"-") -> -
A45: C26 | B45: Extra over Items C21 to C25 for inclined rotary drillhole | C45: m | D45: =IF(AND(ISNUMBER('[2]Section C'!D45),'[2]Section C'!D45>0),'[2]Section C'!D45,"Not Required") -> Not Required | E45: =IF(ISNUMBER(D45),"","N/A") -> N/A | F45: =IF(AND(ISNUMBER(D45),D45>0),D45*E45,"-") -> -
A46: C27 | B46: Rotary drill in hard strata at the specified diameter, from which cores are not required, between existing ground level and 10m depth. (Provisional) | C46: m | D46: =IF(AND(ISNUMBER('[2]Section C'!D46),'[2]Section C'!D46>0),'[2]Section C'!D46,"Not Required") -> Not Required | E46: =IF(ISNUMBER(D46),"","N/A") -> N/A | F46: =IF(AND(ISNUMBER(D46),D46>0),D46*E46,"-") -> -
A47: C28 | B47: As Item C27 but between 10 and 20m depth (Provisional) | C47: m | D47: =IF(AND(ISNUMBER('[2]Section C'!D47),'[2]Section C'!D47>0),'[2]Section C'!D47,"Not Required") -> Not Required | E47: =IF(ISNUMBER(D47),"","N/A") -> N/A | F47: =IF(AND(ISNUMBER(D47),D47>0),D47*E47,"-") -> -
A48: C29 | B48: As Item C27 but between 20 and 30m depth | C48: m | D48: =IF(AND(ISNUMBER('[2]Section C'!D48),'[2]Section C'!D48>0),'[2]Section C'!D48,"Not Required") -> Not Required | E48: =IF(ISNUMBER(D48),"","N/A") -> N/A | F48: =IF(AND(ISNUMBER(D48),D48>0),D48*E48,"-") -> -
A49: C30 | B49: As Item C27 but between 30 and 40m depth | C49: m | D49: =IF(AND(ISNUMBER('[2]Section C'!D49),'[2]Section C'!D49>0),'[2]Section C'!D49,"Not Required") -> Not Required | E49: =IF(ISNUMBER(D49),"","N/A") -> N/A | F49: =IF(AND(ISNUMBER(D49),D49>0),D49*E49,"-") -> -
A50: C31 | B50: As Item C27 but between 40 and 50m depth | C50: m | D50: =IF(AND(ISNUMBER('[2]Section C'!D50),'[2]Section C'!D50>0),'[2]Section C'!D50,"Not Required") -> Not Required | E50: =IF(ISNUMBER(D50),"","N/A") -> N/A | F50: =IF(AND(ISNUMBER(D50),D50>0),D50*E50,"-") -> -
A51: C32 | B51: Extra over Items C27 to C31 for inclined drillhole | C51: m | D51: =IF(AND(ISNUMBER('[2]Section C'!D51),'[2]Section C'!D51>0),'[2]Section C'!D51,"Not Required") -> Not Required | E51: =IF(ISNUMBER(D51),"","N/A") -> N/A | F51: =IF(AND(ISNUMBER(D51),D51>0),D51*E51,"-") -> -
A52: C33 | B52: Backfill rotary drillhole with cement/bentonite grout or bentonite pellets (where standpipe or piezometer is not installed). | C52: m3 | D52: Included in C15 to C15.2 | E52: =IF(ISNUMBER(D52),"","N/A") -> N/A | F52: =IF(AND(ISNUMBER(D52),D52>0),D52*E52,"-") -> -
B53: Drilling to obtain cores
A54: C34 | B54: Rotary drill in materials other than hard strata to obtain cores of the specified diameter between existing ground level and 10m depth. (Provisional) | C54: m | D54: =IF(AND(ISNUMBER('[2]Section C'!D54),'[2]Section C'!D54>0),'[2]Section C'!D54,"Not Required") -> Not Required | E54: =IF(ISNUMBER(D54),"","N/A") -> N/A | F54: =IF(AND(ISNUMBER(D54),D54>0),D54*E54,"-") -> -
A55: C35 | B55: As Item C34 but between 10 and 20m depth. (Provisional) | C55: m | D55: =IF(AND(ISNUMBER('[2]Section C'!D55),'[2]Section C'!D55>0),'[2]Section C'!D55,"Not Required") -> Not Required | E55: =IF(ISNUMBER(D55),"","N/A") -> N/A | F55: =IF(AND(ISNUMBER(D55),D55>0),D55*E55,"-") -> -
A56: C36 | B56: As Item C34 but between 20 and 30m depth | C56: m | D56: =IF(AND(ISNUMBER('[2]Section C'!D56),'[2]Section C'!D56>0),'[2]Section C'!D56,"Not Required") -> Not Required | E56: =IF(ISNUMBER(D56),"","N/A") -> N/A | F56: =IF(AND(ISNUMBER(D56),D56>0),D56*E56,"-") -> -
A57: C37 | B57: As Item C34 but between 30 and 40m depth | C57: m | D57: =IF(AND(ISNUMBER('[2]Section C'!D57),'[2]Section C'!D57>0),'[2]Section C'!D57,"Not Required") -> Not Required | E57: =IF(ISNUMBER(D57),"","N/A") -> N/A | F57: =IF(AND(ISNUMBER(D57),D57>0),D57*E57,"-") -> -
A58: C38 | B58: As Item C34 but between 40 and 50m depth | C58: m | D58: =IF(AND(ISNUMBER('[2]Section C'!D58),'[2]Section C'!D58>0),'[2]Section C'!D58,"Not Required") -> Not Required | E58: =IF(ISNUMBER(D58),"","N/A") -> N/A | F58: =IF(AND(ISNUMBER(D58),D58>0),D58*E58,"-") -> -
A59: C39 | B59: Extra over Items C34 to C38 for use of semi-rigid core liner | C59: m | D59: =IF(AND(ISNUMBER('[2]Section C'!D59),'[2]Section C'!D59>0),'[2]Section C'!D59,"Not Required") -> Not Required | E59: =IF(ISNUMBER(D59),"","N/A") -> N/A | F59: =IF(AND(ISNUMBER(D59),D59>0),D59*E59,"-") -> -
A60: C40 | B60: Extra over Items C34 to C38 for coring inclined rotary drillhole | C60: m | D60: =IF(AND(ISNUMBER('[2]Section C'!D60),'[2]Section C'!D60>0),'[2]Section C'!D60,"Not Required") -> Not Required | E60: =IF(ISNUMBER(D60),"","N/A") -> N/A | F60: =IF(AND(ISNUMBER(D60),D60>0),D60*E60,"-") -> -
A61: C41 | B61: Rotary drill in hard strata to obtain cores of the specified diameter between existing ground level and 10m depth | C61: m | D61: =IF(AND(ISNUMBER('[2]Section C'!D61),'[2]Section C'!D61>0),'[2]Section C'!D61,"Not Required") -> Not Required | E61: =IF(ISNUMBER(D61),"","N/A") -> N/A | F61: =IF(AND(ISNUMBER(D61),D61>0),D61*E61,"-") -> -
A62: C42 | B62: As Item C41 but between 10 and 20m depth | C62: m | D62: =IF(AND(ISNUMBER('[2]Section C'!D62),'[2]Section C'!D62>0),'[2]Section C'!D62,"Not Required") -> Not Required | E62: =IF(ISNUMBER(D62),"","N/A") -> N/A | F62: =IF(AND(ISNUMBER(D62),D62>0),D62*E62,"-") -> -
A63: C43 | B63: As Item C41 but between 20 and 30m depth | C63: m | D63: =IF(AND(ISNUMBER('[2]Section C'!D63),'[2]Section C'!D63>0),'[2]Section C'!D63,"Not Required") -> Not Required | E63: =IF(ISNUMBER(D63),"","N/A") -> N/A | F63: =IF(AND(ISNUMBER(D63),D63>0),D63*E63,"-") -> -
A64: C44 | B64: As Item C41 but between 30 and 40m depth | C64: m | D64: =IF(AND(ISNUMBER('[2]Section C'!D64),'[2]Section C'!D64>0),'[2]Section C'!D64,"Not Required") -> Not Required | E64: =IF(ISNUMBER(D64),"","N/A") -> N/A | F64: =IF(AND(ISNUMBER(D64),D64>0),D64*E64,"-") -> -
A65: C45 | B65: As Item C41 but between 40 and 50m depth | C65: m | D65: =IF(AND(ISNUMBER('[2]Section C'!D65),'[2]Section C'!D65>0),'[2]Section C'!D65,"Not Required") -> Not Required | E65: =IF(ISNUMBER(D65),"","N/A") -> N/A | F65: =IF(AND(ISNUMBER(D65),D65>0),D65*E65,"-") -> -
... A67: C47 | B67: Extra over Items C41 to C45 for coring inclined rotary drillhole | C67: m | D67: =IF(AND(ISNUMBER('[2]Section C'!D67),'[2]Section C'!D67>0),'[2]Section C'!D67,"Not Required") -> Not Required | E67: =IF(ISNUMBER(D67),"","N/A") -> N/A | F67: =IF(AND(ISNUMBER(D67),D67>0),D67*E67,"-") -> -
A68: C48 | B68: Backfill rotary drillhole with cement/bentonite grout or bentonite pellets (where standpipe or piezometer is not installed) | C68: m3 | D68: Included in C15 to C15.2 | E68: =IF(ISNUMBER(D68),"","N/A") -> N/A | F68: =IF(AND(ISNUMBER(D68),D68>0),D68*E68,"-") -> -
A69: C49 | B69: Core box to be retained by the client | C69: nr | D69: Not Required | E69: =IF(ISNUMBER(D69),"","N/A") -> N/A | F69: =IF(AND(ISNUMBER(D69),D69>0),D69*E69,"-") -> -
B70: Rotary percussive drilling (Odex / Symmetrix)
A71: C50 | B71: Move rotary percussive drilling plant and equipment to the site of each drill hole and set up | C71: nr | D71: Not Required | E71: =IF(ISNUMBER(D71),"","N/A") -> N/A | F71: =IF(AND(ISNUMBER(D71),D71>0),D71*E71,"-") -> -
A72: C51 | B72: Extra over Item C50 for setting up on a slope of gradient greater than 20% | C72: nr | D72: Not Required | E72: =IF(ISNUMBER(D72),"","N/A") -> N/A | F72: =IF(AND(ISNUMBER(D72),D72>0),D72*E72,"-") -> -
A73: C52 | B73: Rotary percussive drill at the specified diameter in any material between existing ground level and 10m depth | C73: m | D73: Not Required | E73: =IF(ISNUMBER(D73),"","N/A") -> N/A | F73: =IF(AND(ISNUMBER(D73),D73>0),D73*E73,"-") -> -
A74: C53 | B74: As Item C52 but between 10 and 20m depth | C74: m | D74: Not Required | E74: =IF(ISNUMBER(D74),"","N/A") -> N/A | F74: =IF(AND(ISNUMBER(D74),D74>0),D74*E74,"-") -> -
A75: C54 | B75: As Item C52 but between 20 and 30m depth | C75: m | D75: Not Required | E75: =IF(ISNUMBER(D75),"","N/A") -> N/A | F75: =IF(AND(ISNUMBER(D75),D75>0),D75*E75,"-") -> -
A76: C55 | B76: As Item C52 but between 30 and 40m depth | C76: m | D76: Not Required | E76: =IF(ISNUMBER(D76),"","N/A") -> N/A | F76: =IF(AND(ISNUMBER(D76),D76>0),D76*E76,"-") -> -
A77: C56 | B77: As Item C52 but between 40 and 50m depth | C77: m | D77: Not Required | E77: =IF(ISNUMBER(D77),"","N/A") -> N/A | F77: =IF(AND(ISNUMBER(D77),D77>0),D77*E77,"-") -> -
A78: C57 | B78: Standing time for rotary percussive drilling plant, equipment and crew | C78: h | D78: Not Required | E78: =IF(ISNUMBER(D78),"","N/A") -> N/A | F78: =IF(AND(ISNUMBER(D78),D78>0),D78*E78,"-") -> -
A79: C58 | B79: Backfill rotary percussive drillhole with cement/bentonite grout or bentonite pellets (where standpipe or piezometer is not installed) | C79: m | D79: Not Required | E79: =IF(ISNUMBER(D79),"","N/A") -> N/A | F79: =IF(AND(ISNUMBER(D79),D79>0),D79*E79,"-") -> -
B80: Geobor S Rotary Drilling
A81: C59 | B81: Move drilling plant and equipment to the site of each exploratory drillhole and set up equipment (including recirculation tanks), dismantle on completion and reinstate | C81: nr | D81: Not Required | E81: =IF(ISNUMBER(D81),"","N/A") -> N/A | F81: =IF(AND(ISNUMBER(D81),D81>0),D81*E81,"-") -> -
A82: C59.1 | B82: Move drilling plant and equipment to the site of each exploratory drillhole and set up equipment (including recirculation tanks) over safety barrier or other fence or wall, set up, dismantle on completion and reinstate | C82: nr | D82: Not Required | E82: =IF(ISNUMBER(D82),"","N/A") -> N/A | F82: =IF(AND(ISNUMBER(D82),D82>0),D82*E82,"-") -> -
A83: C60 | B83: Hand digging and CAT scan at rotary drillhole location to confirm absence of utility ducts ( maximum depth of 1.2m or lesser if ground is assessed as potentially unstable) | C83: nr | D83: Not Required | E83: =IF(ISNUMBER(D83),"","N/A") -> N/A | F83: =IF(AND(ISNUMBER(D83),D83>0),D83*E83,"-") -> -
A84: C61 | B84: Provision of biodegradable polymer gel (drilling fluid) for Geobor S coring | C84: sum | D84: Not Required | E84: =IF(ISNUMBER(D84),"","N/A") -> N/A | F84: =IF(AND(ISNUMBER(D84),D84>0),D84*E84,"-") -> -
A85: C62 | B85: Break out surface obstructions where present at exploratory drillhole | C85: m3 | D85: Not Required | E85: =IF(ISNUMBER(D85),"","N/A") -> N/A | F85: =IF(AND(ISNUMBER(D85),D85>0),D85*E85,"-") -> -
A86: C63 | B86: Standing time for Geobor S drilling plant, equipment and crew | C86: h | D86: Not Required | E86: =IF(ISNUMBER(D86),"","N/A") -> N/A | F86: =IF(AND(ISNUMBER(D86),D86>0),D86*E86,"-") -> -
B87: Geobor S Rotary Coring (to produce 102mm diameter cores)
A88: C64 | B88: Rotary openhole drilling without core recover to install casing prior to Geobor coring (nominally 1.5m) | C88: m | D88: Not Required | E88: =IF(ISNUMBER(D88),"","N/A") -> N/A | F88: =IF(AND(ISNUMBER(D88),D88>0),D88*E88,"-") -> -
A89: C65 | B89: Rotary drilling with Geobor S equipment to recover cores of overburden material using polymer gel/mud drilling fluid in depth range 0 to 10m | C89: m | D89: Not Required | E89: =IF(ISNUMBER(D89),"","N/A") -> N/A | F89: =IF(AND(ISNUMBER(D89),D89>0),D89*E89,"-") -> -
A90: C66 | B90: As Item C65 but between 10 and 20m depth | C90: m | D90: Not Required | E90: =IF(ISNUMBER(D90),"","N/A") -> N/A | F90: =IF(AND(ISNUMBER(D90),D90>0),D90*E90,"-") -> -
A91: C67 | B91: As Item C65 but between 20 and 30m depth | C91: m | D91: Not Required | E91: =IF(ISNUMBER(D91),"","N/A") -> N/A | F91: =IF(AND(ISNUMBER(D91),D91>0),D91*E91,"-") -> -
A92: C68 | B92: As Item C65 but between 30 and 40m depth | C92: m | D92: Not Required | E92: =IF(ISNUMBER(D92),"","N/A") -> N/A | F92: =IF(AND(ISNUMBER(D92),D92>0),D92*E92,"-") -> -
A93: C69 | B93: As Item C65 but between 40 and 50m depth | C93: m | D93: Not Required | E93: =IF(ISNUMBER(D93),"","N/A") -> N/A | F93: =IF(AND(ISNUMBER(D93),D93>0),D93*E93,"-") -> -
A94: C70 | B94: Rotary drilling using Geobor S equipment to recover cores in bedrock formation(s) using polymer gel/mud drilling fluid in depth range 0 to 10m | C94: m | D94: Not Required | E94: =IF(ISNUMBER(D94),"","N/A") -> N/A | F94: =IF(AND(ISNUMBER(D94),D94>0),D94*E94,"-") -> -
A95: C71 | B95: As Item C65 but between 10 and 20m depth | C95: m | D95: Not Required | E95: =IF(ISNUMBER(D95),"","N/A") -> N/A | F95: =IF(AND(ISNUMBER(D95),D95>0),D95*E95,"-") -> -
A96: C72 | B96: As Item C65 but between 20 and 30m depth | C96: m | D96: Not Required | E96: =IF(ISNUMBER(D96),"","N/A") -> N/A | F96: =IF(AND(ISNUMBER(D96),D96>0),D96*E96,"-") -> -
A97: C73 | B97: As Item C65 but between 30 and 40m depth | C97: m | D97: Not Required | E97: =IF(ISNUMBER(D97),"","N/A") -> N/A | F97: =IF(AND(ISNUMBER(D97),D97>0),D97*E97,"-") -> -
A98: C74 | B98: As Item C65 but between 40 and 50m depth | C98: m | D98: Not Required | E98: =IF(ISNUMBER(D98),"","N/A") -> N/A | F98: =IF(AND(ISNUMBER(D98),D98>0),D98*E98,"-") -> -
A99: C75 | B99: Extra over items C64 to C74 for inclined Geobor S drillhole (maximum of 20 degrees from the vertical) | C99: m | D99: Not Required | E99: =IF(ISNUMBER(D99),"","N/A") -> N/A | F99: =IF(AND(ISNUMBER(D99),D99>0),D99*E99,"-") -> -
B100: Geobor S Rotary Drilling - Additional Items
A101: C76 | B101: Backfill Geobor S drillhole with cement/bentonite grout or bentonite pellets (where standpipe or piezometer is not installed) | C101: m³ | D101: Not Required | E101: =IF(ISNUMBER(D101),"","N/A") -> N/A | F101: =IF(AND(ISNUMBER(D101),D101>0),D101*E101,"-") -> -
A102: C77 | B102: Provision of semi rigid core liner for items C64 - C75 | C102: m | D102: Not Required | E102: =IF(ISNUMBER(D102),"","N/A") -> N/A | F102: =IF(AND(ISNUMBER(D102),D102>0),D102*E102,"-") -> -
A103: C78 | B103: Provision of core boxes (2m of Geobor S per core box) | C103: nr | D103: Not Required | E103: =IF(ISNUMBER(D103),"","N/A") -> N/A | F103: =IF(AND(ISNUMBER(D103),D103>0),D103*E103,"-") -> -
A104: C79 | B104: Disposal of Geobor S drilling supernatant flush returns (contained in the recirculation tanks) where permitted on site. Note disposal areas / locations to be recorded and photographed by contractor | C104: m³ | D104: Not Required | E104: =IF(ISNUMBER(D104),"","N/A") -> N/A | F104: =IF(AND(ISNUMBER(D104),D104>0),D104*E104,"-") -> -
A105: C80 | B105: Disposal of Geobor S drilling supernatant flush returns (contained in the recirculation tanks) to landfill by tanker where on site disposal is not permitted. Note tanker delivery dockets to be retained by the Contractor. | C105: m³ | D105: Not Required | E105: =IF(ISNUMBER(D105),"","N/A") -> N/A | F105: =IF(AND(ISNUMBER(D105),D105>0),D105*E105,"-") -> -
B106: Reinstatement of Rotary Boreholes
A107: C81 | B107: Reinstatement of gravel hardstanding | C107: m² | D107: Included in C15 to C15.2 | E107: =IF(ISNUMBER(D107),"","N/A") -> N/A | F107: =IF(AND(ISNUMBER(D107),D107>0),D107*E107,"-") -> -
...

Sheet Section D
A8: Number | B8: Item description | C8: Unit | D8: Quantity | E8: Rate | F8: Amount
E9: € | F9: €
A10: D | B10: Pitting and trenching
B11: Inspection pits Included for each exploratory hole: refer hand digging and CAT scan items at exploratory hole locations
A12: D1 | B12: Excavate inspection pit by hand to 1.2m depth. | C12: nr | D12: =IF(AND(ISNUMBER('[2]Section D'!D12),'[2]Section D'!D12>0),'[2]Section D'!D12,"Not Required") -> Not Required | E12: =IF(ISNUMBER(D12),"","N/A") -> N/A | F12: =IF(AND(ISNUMBER(D12),D12>0),D12*E12,"-") -> -
A13: D2 | B13: Extra over Item D1 for breaking out surface obstructions. | C13: m3 | D13: =IF(AND(ISNUMBER('[2]Section D'!D13),'[2]Section D'!D13>0),'[2]Section D'!D13,"Not Required") -> Not Required | E13: =IF(ISNUMBER(D13),"","N/A") -> N/A | F13: =IF(AND(ISNUMBER(D13),D13>0),D13*E13,"-") -> -
B14: Trial pits and trenches (non paved areas)
A15: D3 | B15: Move equipment to the site of each trial pit or trench dismantle on completion and reinstate. | C15: nr | D15: =IF(AND(ISNUMBER('[2]Section D'!D15),'[2]Section D'!D15>0),'[2]Section D'!D15,"Not Required") -> #VALUE! | E15: =IF(ISNUMBER(D15),"","N/A") -> N/A | F15: =IF(AND(ISNUMBER(D15),D15>0),D15*E15,"-") -> #VALUE!
A16: D3.1 | B16: Extra over item D3 for setting to the site of exploratory hole over safety barrier or other fence or wall, set up, dismantle on completion and reinstate. | C16: nr | D16: =IF(AND(ISNUMBER('[2]Section D'!D16),'[2]Section D'!D16>0),'[2]Section D'!D16,"Not Required") -> #VALUE! | E16: =IF(ISNUMBER(D16),"","N/A") -> N/A | F16: =IF(AND(ISNUMBER(D16),D16>0),D16*E16,"-") -> #VALUE!
A17: D4 | B17: Extra over Item D3 for setting up on a slope of gradient greater than 20% | C17: nr | D17: =IF(AND(ISNUMBER('[2]Section D'!D17),'[2]Section D'!D17>0),'[2]Section D'!D17,"Not Required") -> #VALUE! | E17: =IF(ISNUMBER(D17),"","N/A") -> N/A | F17: =IF(AND(ISNUMBER(D17),D17>0),D17*E17,"-") -> #VALUE!
A18: D5 | B18: Extra over Item D3 for trial pit or trench between 4.5 and 6m depth | C18: nr | D18: Not Required | E18: =IF(ISNUMBER(D18),"","N/A") -> N/A | F18: =IF(AND(ISNUMBER(D18),D18>0),D18*E18,"-") -> -
A19: D6 | B19: Excavate trial pit between existing ground level and 3m depth | C19: m depth | D19: =IF(AND(ISNUMBER('[2]Section D'!D19),'[2]Section D'!D19>0),'[2]Section D'!D19,"Not Required") -> #VALUE! | E19: =IF(ISNUMBER(D19),"","N/A") -> N/A | F19: =IF(AND(ISNUMBER(D19),D19>0),D19*E19,"-") -> #VALUE!
A20: D7 | B20: As Item D6 but between 3.0 and 4.5m depth | C20: m | D20: =IF(AND(ISNUMBER('[2]Section D'!D20),'[2]Section D'!D20>0),'[2]Section D'!D20,"Not Required") -> #VALUE! | E20: =IF(ISNUMBER(D20),"","N/A") -> N/A | F20: =IF(AND(ISNUMBER(D20),D20>0),D20*E20,"-") -> #VALUE!
A21: D8 | B21: As Item D6 but between 4.5 and 6m depth | C21: m | D21: Not Required | E21: =IF(ISNUMBER(D21),"","N/A") -> N/A | F21: =IF(AND(ISNUMBER(D21),D21>0),D21*E21,"-") -> -
A22: D9 | B22: Excavate trial trench between existing ground level and 3.0m depth | C22: m3 | D22: =IF(AND(ISNUMBER('[2]Section D'!D22),'[2]Section D'!D22>0),'[2]Section D'!D22,"Not Required") -> Not Required | E22: =IF(ISNUMBER(D22),"","N/A") -> N/A | F22: =IF(AND(ISNUMBER(D22),D22>0),D22*E22,"-") -> -
A23: D10 | B23: As Item D9 between 3.0 and 4.5m in depth | C23: m3 | D23: =IF(AND(ISNUMBER('[2]Section D'!D23),'[2]Section D'!D23>0),'[2]Section D'!D23,"Not Required") -> Not Required | E23: =IF(ISNUMBER(D23),"","N/A") -> N/A | F23: =IF(AND(ISNUMBER(D23),D23>0),D23*E23,"-") -> -
A24: D11 | B24: As Item D9 between 4.5 and 6m depth | C24: m3 | D24: Not Required | E24: =IF(ISNUMBER(D24),"","N/A") -> N/A | F24: =IF(AND(ISNUMBER(D24),D24>0),D24*E24,"-") -> -
B25: Trial pits and trenches (paved areas)
A26: D12 | B26: Set up trial pit in road area to include erection of traffic management systems (works supervised by Engineer/ Geologist with valid CSCS Card for signing, lighting and guarding at roadworks) | C26: nr | D26: =IF(AND(ISNUMBER('[2]Section D'!D26),'[2]Section D'!D26>0),'[2]Section D'!D26,"Not Required") -> #VALUE! | E26: =IF(ISNUMBER(D26),"","N/A") -> N/A | F26: =IF(AND(ISNUMBER(D26),D26>0),D26*E26,"-") -> #VALUE!
A27: D13 | B27: Set up slit trench in road area to include erection of traffic management systems (works supervised by Engineer/ Geologist with valid CSCS Card for signing, lighting and guarding at roadworks) | C27: nr | D27: =IF(AND(ISNUMBER('[2]Section D'!D27),'[2]Section D'!D27>0),'[2]Section D'!D27,"Not Required") -> #VALUE! | E27: =IF(ISNUMBER(D27),"","N/A") -> N/A | F27: =IF(AND(ISNUMBER(D27),D27>0),D27*E27,"-") -> #VALUE!
A28: D14 | B28: Saw cut paved areas in advance of the works | C28: ln m | D28: =IF(AND(ISNUMBER('[2]Section D'!D28),'[2]Section D'!D28>0),'[2]Section D'!D28,"Not Required") -> #VALUE! | E28: =IF(ISNUMBER(D28),"","N/A") -> N/A | F28: =IF(AND(ISNUMBER(D28),D28>0),D28*E28,"-") -> #VALUE!
A29: D15 | B29: Breaking out hard material or surface obstructions | C29: m3 | D29: =IF(AND(ISNUMBER('[2]Section D'!D29),'[2]Section D'!D29>0),'[2]Section D'!D29,"Not Required") -> Not Required | E29: =IF(ISNUMBER(D29),"","N/A") -> N/A | F29: =IF(AND(ISNUMBER(D29),D29>0),D29*E29,"-") -> -
A30: D16 | B30: Excavate trial pit in paved areas between ground level and 1.20m depth (works by either hand excavation or hand assisted machine excavation) | C30: m depth | D30: =IF(AND(ISNUMBER('[2]Section D'!D30),'[2]Section D'!D30>0),'[2]Section D'!D30,"Not Required") -> Not Required | E30: =IF(ISNUMBER(D30),"","N/A") -> N/A | F30: =IF(AND(ISNUMBER(D30),D30>0),D30*E30,"-") -> -
A31: D17 | B31: As D16 but depth in range 1.2m to 3.0m | C31: ln m | D31: =IF(AND(ISNUMBER('[2]Section D'!D31),'[2]Section D'!D31>0),'[2]Section D'!D31,"Not Required") -> #VALUE! | E31: =IF(ISNUMBER(D31),"","N/A") -> N/A | F31: =IF(AND(ISNUMBER(D31),D31>0),D31*E31,"-") -> #VALUE!
A32: D18 | B32: Excavate slit trench in paved areas between ground level and 1.2m depth (works by either hand excavation or hand assisted machine excavation) | C32: m³ | D32: =IF(AND(ISNUMBER('[2]Section D'!D32),'[2]Section D'!D32>0),'[2]Section D'!D32,"Not Required") -> Not Required | E32: =IF(ISNUMBER(D32),"","N/A") -> N/A | F32: =IF(AND(ISNUMBER(D32),D32>0),D32*E32,"-") -> -
A33: D19 | B33: Excavate slit trench in paved areas between 1.2m to 3.0m depth (works by either hand excavation or hand assisted machine excavation) | C33: m³ | D33: =IF(AND(ISNUMBER('[2]Section D'!D33),'[2]Section D'!D33>0),'[2]Section D'!D33,"Not Required") -> Not Required | E33: =IF(ISNUMBER(D33),"","N/A") -> N/A | F33: =IF(AND(ISNUMBER(D33),D33>0),D33*E33,"-") -> -
A34: D20 | B34: Standing time for excavation plant, equipment and crew for machine dug trial pit or trench | C34: h | D34: =IF(AND(ISNUMBER('[2]Section D'!D34),'[2]Section D'!D34>0),'[2]Section D'!D34,"Not Required") -> #VALUE! | E34: =IF(ISNUMBER(D34),"","N/A") -> N/A | F34: =IF(AND(ISNUMBER(D34),D34>0),D34*E34,"-") -> #VALUE!
B35: Observation pits and trenches
A36: D21 | B36: Move equipment to the site of each observation pit or trench of not greater than 4.5m depth | C36: nr | D36: Not Required | E36: =IF(ISNUMBER(D36),"","N/A") -> N/A | F36: =IF(AND(ISNUMBER(D36),D36>0),D36*E36,"-") -> -
A37: D22 | B37: Extra over Item D21 for setting up on a slope of gradient greater than 20% | C37: nr | D37: Not Required | E37: =IF(ISNUMBER(D37),"","N/A") -> N/A | F37: =IF(AND(ISNUMBER(D37),D37>0),D37*E37,"-") -> -
A38: D23 | B38: Extra over Item D21 for trial pit or trench between 4.5 and 6m depth | C38: nr | D38: Not Required | E38: =IF(ISNUMBER(D38),"","N/A") -> N/A | F38: =IF(AND(ISNUMBER(D38),D38>0),D38*E38,"-") -> -
A39: D24 | B39: Excavate observation pit between existing ground level and 3.0m depth | C39: m | D39: Not Required | E39: =IF(ISNUMBER(D39),"","N/A") -> N/A | F39: =IF(AND(ISNUMBER(D39),D39>0),D39*E39,"-") -> -
A40: D25 | B40: As Item D24 but between 3.0 and 4.5m depth | C40: m | D40: Not Required | E40: =IF(ISNUMBER(D40),"","N/A") -> N/A | F40: =IF(AND(ISNUMBER(D40),D40>0),D40*E40,"-") -> -
A41: D26 | B41: As Item D24 but between 4.5 and 6m depth | C41: m | D41: Not Required | E41: =IF(ISNUMBER(D41),"","N/A") -> N/A | F41: =IF(AND(ISNUMBER(D41),D41>0),D41*E41,"-") -> -
A42: D27 | B42: Extra over Item D24 for hand excavation | C42: m | D42: Not Required | E42: =IF(ISNUMBER(D42),"","N/A") -> N/A | F42: =IF(AND(ISNUMBER(D42),D42>0),D42*E42,"-") -> -
A43: D28 | B43: Excavate observation trench between existing ground level and 3.0m depth | C43: m3 | D43: Not Required | E43: =IF(ISNUMBER(D43),"","N/A") -> N/A | F43: =IF(AND(ISNUMBER(D43),D43>0),D43*E43,"-") -> -
A44: D29 | B44: As Item D28 but between 3.0 and 4.5m depth | C44: m3 | D44: Not Required | E44: =IF(ISNUMBER(D44),"","N/A") -> N/A | F44: =IF(AND(ISNUMBER(D44),D44>0),D44*E44,"-") -> -
A45: D30 | B45: As Item D28 but between 4.5 and 6m depth | C45: m3 | D45: Not Required | E45: =IF(ISNUMBER(D45),"","N/A") -> N/A | F45: =IF(AND(ISNUMBER(D45),D45>0),D45*E45,"-") -> -
A46: D31 | B46: Extra over Item D28 for hand excavation | C46: m3 | D46: Not Required | E46: =IF(ISNUMBER(D46),"","N/A") -> N/A | F46: =IF(AND(ISNUMBER(D46),D46>0),D46*E46,"-") -> -
A47: D32 | B47: Extra over Items D24 to D26 for breaking out hard strata or obstructions | C47: h | D47: Not Required | E47: =IF(ISNUMBER(D47),"","N/A") -> N/A | F47: =IF(AND(ISNUMBER(D47),D47>0),D47*E47,"-") -> -
... A50: D35 | B50: Standing time for excavation plant, equipment and crew for hand dug observation pit or trench | C50: h | D50: Not Required | E50: =IF(ISNUMBER(D50),"","N/A") -> N/A | F50: =IF(AND(ISNUMBER(D50),D50>0),D50*E50,"-") -> -
B51: Daily provision of pitting crew and equipment
A52: D36 | B52: Provision of excavation plant equipment and crew for machine dug trial pits or trenches as directed by the Investigation Supervisor, maximum depth 3.0m | C52: day | D52: Included in A2, A2.4, D3 to D19 | E52: =IF(ISNUMBER(D52),"","N/A") -> N/A | F52: =IF(AND(ISNUMBER(D52),D52>0),D52*E52,"-") -> -
A53: D37 | B53: As Item D36 but between 3.0 and 4.5m depth | C53: day | D53: Not Required | E53: =IF(ISNUMBER(D53),"","N/A") -> N/A | F53: =IF(AND(ISNUMBER(D53),D53>0),D53*E53,"-") -> -
A54: D38 | B54: As Item D36 but between 4.5 and 6.0m depth | C54: day | D54: Not Required | E54: =IF(ISNUMBER(D54),"","N/A") -> N/A | F54: =IF(AND(ISNUMBER(D54),D54>0),D54*E54,"-") -> -
A55: D39 | B55: Provision of excavation plant, equipment and crew for machine-dug observation pit or trench as directed by the Investigation Supervisor, maximum depth 3.0m | C55: day | D55: Not Required | E55: =IF(ISNUMBER(D55),"","N/A") -> N/A | F55: =IF(AND(ISNUMBER(D55),D55>0),D55*E55,"-") -> -
A56: D40 | B56: As Item D39 but between 3.0 and 4.5m depth | C56: day | D56: Not Required | E56: =IF(ISNUMBER(D56),"","N/A") -> N/A | F56: =IF(AND(ISNUMBER(D56),D56>0),D56*E56,"-") -> -
A57: D41 | B57: As Item D39 but between 4.5 and 6.0m depth | C57: day | D57: Not Required | E57: =IF(ISNUMBER(D57),"","N/A") -> N/A | F57: =IF(AND(ISNUMBER(D57),D57>0),D57*E57,"-") -> -
A58: D42 | B58: As Item D39 but for hand excavation | C58: day | D58: Not Required | E58: =IF(ISNUMBER(D58),"","N/A") -> N/A | F58: =IF(AND(ISNUMBER(D58),D58>0),D58*E58,"-") -> -
A59: D43 | B59: Extra over Items D36 to D38 and D39 to D41 for breaking out hard strata or obstructions | C59: day | D59: To be included in item D13 to D15 | E59: =IF(ISNUMBER(D59),"","N/A") -> N/A | F59: =IF(AND(ISNUMBER(D59),D59>0),D59*E59,"-") -> -
B60: General
A61: D44 | B61: Bring pump to the position of each exploratory pit or trench | C61: nr | D61: Not Required | E61: =IF(ISNUMBER(D61),"","N/A") -> N/A | F61: =IF(AND(ISNUMBER(D61),D61>0),D61*E61,"-") -> -
A62: D45 | B62: Pump water from pit or trench | C62: h | D62: Not Required | E62: =IF(ISNUMBER(D62),"","N/A") -> N/A | F62: =IF(AND(ISNUMBER(D62),D62>0),D62*E62,"-") -> -
A63: D46 | B63: Extra over Item D38 for temporary storage, treatment and disposal of contaminated groundwater from trial pit or trench | C63: Provisional Sum | D63: Not Required | E63: =IF(ISNUMBER(D63),"","N/A") -> N/A | F63: =IF(AND(ISNUMBER(D63),D63>0),D63*E63,"-") -> -
A64: D47 | B64: Leave open observation pit or trench | C64: day | D64: Not Required | E64: =IF(ISNUMBER(D64),"","N/A") -> N/A | F64: =IF(AND(ISNUMBER(D64),D64>0),D64*E64,"-") -> -
A65: D48 | B65: Leave open trial pit or trench | C65: day | D65: Not Required | E65: =IF(ISNUMBER(D65),"","N/A") -> N/A | F65: =IF(AND(ISNUMBER(D65),D65>0),D65*E65,"-") -> -
B66: Trail pit / slit trench backfill & reinstatement works
A67: D49 | B67: Backfill trial pit or trench excavation with arisings/excavated materials | C67: nr | D67: =IF(AND(ISNUMBER('[2]Section D'!D49),'[2]Section D'!D49>0),'[2]Section D'!D49,"Not Required") -> Not Required | E67: =IF(ISNUMBER(D67),"","N/A") -> N/A | F67: =IF(AND(ISNUMBER(D67),D67>0),D67*E67,"-") -> -
A68: D50 | B68: Reinstate grassed surface to include replacing of sod | C68: m² | D68: Included in Item D3 & D3.1 | E68: =IF(ISNUMBER(D68),"","N/A") -> N/A | F68: =IF(AND(ISNUMBER(D68),D68>0),D68*E68,"-") -> -
A69: D50.2 | B69: Laying Turf Along Access Routes to Exploratory Holes | C69: m² | D69: Included in Item D3 & D3.1 | E69: =IF(ISNUMBER(D69),"","N/A") -> N/A | F69: =IF(AND(ISNUMBER(D69),D69>0),D69*E69,"-") -> -
A70: D51 | B70: Backfill trenches, trial pits and inspection pits at exploratory hole locations in paved areas with imported granular fill (CL 804 sub-base) | C70: m3 | D70: =IF(AND(ISNUMBER('[2]Section D'!D70),'[2]Section D'!D70>0),'[2]Section D'!D70,"Not Required") -> Not Required | E70: =IF(ISNUMBER(D70),"","N/A") -> N/A | F70: =IF(AND(ISNUMBER(D70),D70>0),D70*E70,"-") -> -
A71: D52 | B71: Backfill trenches, trial pits and inspection pits at exploratory hole locations in paved areas with CBGMB as Fig.A4.0 Method A of TII's CC-PAV-04007 | C71: m3 | D71: Not Required | E71: =IF(ISNUMBER(D71),"","N/A") -> N/A | F71: =IF(AND(ISNUMBER(D71),D71>0),D71*E71,"-") -> -
A72: D53 | B72: Reinstatement of asphalt/bituminous pavement in accordance with TII's CC-PAV-04007. | C72: m² | D72: =IF(AND(ISNUMBER('[2]Section D'!D72),'[2]Section D'!D72>0),'[2]Section D'!D72,"Not Required") -> Not Required | E72: =IF(ISNUMBER(D72),"","N/A") -> N/A | F72: =IF(AND(ISNUMBER(D72),D72>0),D72*E72,"-") -> -
A73: D54 | B73: Repair of road markings | C73: linear m | D73: Not Required | E73: =IF(ISNUMBER(D73),"","N/A") -> N/A | F73: =IF(AND(ISNUMBER(D73),D73>0),D73*E73,"-") -> -
A74: D55 | B74: Disposal of excess or surplus inert arisings from trial pits or trenches (where imported granular fill or lean mix concrete is used as backfill) | C74: m3 | D74: To be included in item D51 and D52 | E74: =IF(ISNUMBER(D74),"","N/A") -> N/A | F74: =IF(AND(ISNUMBER(D74),D74>0),D74*E74,"-") -> -
B75: Total Section D carried to summary: | F75: =SUM(F11:F74) -> #VALUE!

Sheet Section E
A7: Number | B7: Item description | C7: Unit | D7: Quantity | E7: Rate | F7: Amount
E8: € | F8: €
A9: E | B9: Sampling and monitoring during intrusive investigation
B10: Samples for geotechnical purposes
A11: E1 | B11: Jar sample | C11: nr | D11: Not Required | E11: =IF(ISNUMBER(D11),"","N/A") -> N/A | F11: =IF(AND(ISNUMBER(D11),D11>0),D11*E11,"-") -> -
A12: E2 | B12: Tub sample | C12: nr | D12: =IF(AND(ISNUMBER('[2]Section E'!D12),'[2]Section E'!D12>0),'[2]Section E'!D12,"Not Required") -> Not Required | E12: =IF(ISNUMBER(D12),"","N/A") -> N/A | F12: =IF(AND(ISNUMBER(D12),D12>0),D12*E12,"-") -> -
A13: E3 | B13: Bulk sample | C13: nr | D13: =IF(AND(ISNUMBER('[2]Section E'!D13),'[2]Section E'!D13>0),'[2]Section E'!D13,"Not Required") -> Not Required | E13: =IF(ISNUMBER(D13),"","N/A") -> N/A | F13: =IF(AND(ISNUMBER(D13),D13>0),D13*E13,"-") -> -
A14: E4 | B14: Large bulk disturbed sample | C14: nr | D14: =IF(AND(ISNUMBER('[2]Section E'!D14),'[2]Section E'!D14>0),'[2]Section E'!D14,"Not Required") -> Not Required | E14: =IF(ISNUMBER(D14),"","N/A") -> N/A | F14: =IF(AND(ISNUMBER(D14),D14>0),D14*E14,"-") -> -
A15: E5 | B15: Open tube- thick walled sample (0 to 10m depth) | C15: nr | D15: =IF(AND(ISNUMBER('[2]Section E'!D15),'[2]Section E'!D15>0),'[2]Section E'!D15,"Not Required") -> Not Required | E15: =IF(ISNUMBER(D15),"","N/A") -> N/A | F15: =IF(AND(ISNUMBER(D15),D15>0),D15*E15,"-") -> -
A16: E6 | B16: Open tube- thin walled sample (0 to 10m depth) | C16: nr | D16: =IF(AND(ISNUMBER('[2]Section E'!D16),'[2]Section E'!D16>0),'[2]Section E'!D16,"Not Required") -> Not Required | E16: =IF(ISNUMBER(D16),"","N/A") -> N/A | F16: =IF(AND(ISNUMBER(D16),D16>0),D16*E16,"-") -> -
A17: E7 | B17: Piston sample (0 to 10m depth) | C17: nr | D17: Not Required | E17: =IF(ISNUMBER(D17),"","N/A") -> N/A | F17: =IF(AND(ISNUMBER(D17),D17>0),D17*E17,"-") -> -
A18: E8.1 | B18: Extra over rate for item E5 in depth range 10m to 20m | C18: nr | D18: =IF(AND(ISNUMBER('[2]Section E'!D18),'[2]Section E'!D18>0),'[2]Section E'!D18,"Not Required") -> Not Required | E18: =IF(ISNUMBER(D18),"","N/A") -> N/A | F18: =IF(AND(ISNUMBER(D18),D18>0),D18*E18,"-") -> -
A19: E8.2 | B19: Extra over rate for item E6 in depth range 10m to 20m | C19: nr | D19: =IF(AND(ISNUMBER('[2]Section E'!D19),'[2]Section E'!D19>0),'[2]Section E'!D19,"Not Required") -> Not Required | E19: =IF(ISNUMBER(D19),"","N/A") -> N/A | F19: =IF(AND(ISNUMBER(D19),D19>0),D19*E19,"-") -> -
A20: E8.3 | B20: Extra over rate for item E7 in depth range 10m to 20m | C20: nr | D20: Not Required | E20: =IF(ISNUMBER(D20),"","N/A") -> N/A | F20: =IF(AND(ISNUMBER(D20),D20>0),D20*E20,"-") -> -
A21: E9 | B21: Groundwater sample | C21: nr | D21: Not Required | E21: =IF(ISNUMBER(D21),"","N/A") -> N/A | F21: =IF(AND(ISNUMBER(D21),D21>0),D21*E21,"-") -> -
A22: E10 | B22: Ground Gas sample | C22: nr | D22: Not Required | E22: =IF(ISNUMBER(D22),"","N/A") -> N/A | F22: =IF(AND(ISNUMBER(D22),D22>0),D22*E22,"-") -> -
A23: E11 | B23: Cut, prepare and protect core sub-sample | C23: nr | D23: Not Required | E23: =IF(ISNUMBER(D23),"","N/A") -> N/A | F23: =IF(AND(ISNUMBER(D23),D23>0),D23*E23,"-") -> -
B24: Samples for environmental / contamination analysis
A25: E12 | B25: Environmental / contamination sample for Suite E | C25: nr | D25: =IF(AND(ISNUMBER('[2]Section E'!$D$25),'[2]Section E'!$D$25>0),'[2]Section E'!$D$25,"Not Required") -> #VALUE! | E25: =IF(ISNUMBER(D25),"","N/A") -> N/A | F25: =IF(AND(ISNUMBER(D25),D25>0),D25*E25,"-") -> #VALUE!
A26: E13 | B26: Environmental / contamination sample for Suite F | C26: nr | D26: Not Required | E26: =IF(ISNUMBER(D26),"","N/A") -> N/A | F26: =IF(AND(ISNUMBER(D26),D26>0),D26*E26,"-") -> -
A27: E14 | B27: Ground gas sample for Suite G | C27: nr | D27: Not Required | E27: =IF(ISNUMBER(D27),"","N/A") -> N/A | F27: =IF(AND(ISNUMBER(D27),D27>0),D27*E27,"-") -> -
A28: E15 | B28: Environmental / contamination sample for Suite H (PROVISIONAL) | C28: nr | D28: Not required | E28: =IF(ISNUMBER(D28),"","N/A") -> N/A | F28: =IF(AND(ISNUMBER(D28),D28>0),D28*E28,"-") -> -
A29: E16 | B29: Environmental / contamination sample for Suite I | C29: nr | D29: =IF(AND(ISNUMBER('[2]Section E'!$D$29),'[2]Section E'!$D$29>0),'[2]Section E'!$D$29,"Not Required") -> #VALUE! | E29: =IF(ISNUMBER(D29),"","N/A") -> N/A | F29: =IF(AND(ISNUMBER(D29),D29>0),D29*E29,"-") -> #VALUE!
A30: E17 | B30: Other specialist environmental / contamination sampling as specified by Investigation Supervisor (Suite J) | C30: nr | D30: Not required | E30: =IF(ISNUMBER(D30),"","N/A") -> N/A | F30: =IF(AND(ISNUMBER(D30),D30>0),D30*E30,"-") -> -
B32: (Note sample rate includes provision of specialist containers)
B33: Total Section E carried to summary: | F33: =SUM(F11:F30) -> #VALUE!

Sheet Section F
A7: Number | B7: Item description | C7: Unit | D7: Quantity | E7: Rate | F7: Amount
E8: € | F8: €
A9: F | B9: Probing and cone penetration testing
B10: Dynamic probing (DPH)
A11: F1 | B11: Bring dynamic probe (DPH) equipment to the site of each test location | C11: nr | D11: =IF(AND(ISNUMBER('[2]Section F'!D11),'[2]Section F'!D11>0),'[2]Section F'!D11,"Not Required") -> Not Required | E11: =IF(ISNUMBER(D11),"","N/A") -> N/A | F11: =IF(AND(ISNUMBER(D11),D11>0),D11*E11,"-") -> -
A12: F2 | B12: Extra over Item F1 for setting up on a slope of gradient greater than 20% | C12: nr | D12: =IF(AND(ISNUMBER('[2]Section F'!D12),'[2]Section F'!D12>0),'[2]Section F'!D12,"Not Required") -> #VALUE! | E12: =IF(ISNUMBER(D12),"","N/A") -> N/A | F12: =IF(AND(ISNUMBER(D12),D12>0),D12*E12,"-") -> #VALUE!
A13: F3 | B13: Carry out dynamic probe test from existing ground level to 5m depth | C13: m | D13: =IF(AND(ISNUMBER('[2]Section F'!D13),'[2]Section F'!D13>0),'[2]Section F'!D13,"Not Required") -> Not Required | E13: =IF(ISNUMBER(D13),"","N/A") -> N/A | F13: =IF(AND(ISNUMBER(D13),D13>0),D13*E13,"-") -> -
A14: F4 | B14: As Item F3 but between 5 and 10m depth | C14: m | D14: =IF(AND(ISNUMBER('[2]Section F'!D14),'[2]Section F'!D14>0),'[2]Section F'!D14,"Not Required") -> Not Required | E14: =IF(ISNUMBER(D14),"","N/A") -> N/A | F14: =IF(AND(ISNUMBER(D14),D14>0),D14*E14,"-") -> -
A15: F5 | B15: As Item F3 but between 10 and 15m depth | C15: m | D15: =IF(AND(ISNUMBER('[2]Section F'!D15),'[2]Section F'!D15>0),'[2]Section F'!D15,"Not Required") -> Not Required | E15: =IF(ISNUMBER(D15),"","N/A") -> N/A | F15: =IF(AND(ISNUMBER(D15),D15>0),D15*E15,"-") -> -
A16: F6 | B16: Standing time for dynamic probe test equipment and crew | C16: h | D16: =IF(AND(ISNUMBER('[2]Section F'!D16),'[2]Section F'!D16>0),'[2]Section F'!D16,"Not Required") -> Not Required | E16: =IF(ISNUMBER(D16),"","N/A") -> N/A | F16: =IF(AND(ISNUMBER(D16),D16>0),D16*E16,"-") -> -
A17: F7 | B17: Provision of dynamic probing equipment and crew for probing as directed by the Investigation Supervisor; maximum depth 15m | C17: day | D17: Not Required | E17: =IF(ISNUMBER(D17),"","N/A") -> N/A | F17: =IF(AND(ISNUMBER(D17),D17>0),D17*E17,"-") -> -
B18: Cone penetration testing
A19: F8 | B19: Bring static cone penetration test equipment to the site of each test location | C19: nr | D19: =IF(AND(ISNUMBER('[2]Section F'!D19),'[2]Section F'!D19>0),'[2]Section F'!D19,"Not Required") -> Not Required | E19: =IF(ISNUMBER(D19),"","N/A") -> N/A | F19: =IF(AND(ISNUMBER(D19),D19>0),D19*E19,"-") -> -
A20: F9 | B20: Extra over Item F8 for setting up on a slope of gradient greater than 20% | C20: nr | D20: =IF(AND(ISNUMBER('[2]Section F'!D20),'[2]Section F'!D20>0),'[2]Section F'!D20,"Not Required") -> #VALUE! | E20: =IF(ISNUMBER(D20),"","N/A") -> N/A | F20: =IF(AND(ISNUMBER(D20),D20>0),D20*E20,"-") -> #VALUE!
A21: F10 | B21: Carry out static cone penetration test measuring both cone and sleeve resistance from existing ground level to 10m depth | C21: m | D21: =IF(AND(ISNUMBER('[2]Section F'!D21),'[2]Section F'!D21>0),'[2]Section F'!D21,"Not Required") -> Not Required | E21: =IF(ISNUMBER(D21),"","N/A") -> N/A | F21: =IF(AND(ISNUMBER(D21),D21>0),D21*E21,"-") -> -
A22: F11 | B22: As Item F10 but between 10 and 20m depth | C22: m | D22: =IF(AND(ISNUMBER('[2]Section F'!D22),'[2]Section F'!D22>0),'[2]Section F'!D22,"Not Required") -> Not Required | E22: =IF(ISNUMBER(D22),"","N/A") -> N/A | F22: =IF(AND(ISNUMBER(D22),D22>0),D22*E22,"-") -> -
A23: F12 | B23: As Item F10 but between 20 and 30m depth | C23: m | D23: =IF(AND(ISNUMBER('[2]Section F'!D23),'[2]Section F'!D23>0),'[2]Section F'!D23,"Not Required") -> Not Required | E23: =IF(ISNUMBER(D23),"","N/A") -> N/A | F23: =IF(AND(ISNUMBER(D23),D23>0),D23*E23,"-") -> -
A24: F13 | B24: As Item F10 but between 30 and 40m depth | C24: m | D24: =IF(AND(ISNUMBER('[2]Section F'!D24),'[2]Section F'!D24>0),'[2]Section F'!D24,"Not Required") -> Not Required | E24: =IF(ISNUMBER(D24),"","N/A") -> N/A | F24: =IF(AND(ISNUMBER(D24),D24>0),D24*E24,"-") -> -
A25: F14 | B25: Extra over Items F10 to F13 for use of piezocone | C25: m | D25: Not Required | E25: =IF(ISNUMBER(D25),"","N/A") -> N/A | F25: =IF(AND(ISNUMBER(D25),D25>0),D25*E25,"-") -> -
A26: F15 | B26: Extra over Items F10 to F13 for interpretation of CPT/CPTU data | C26: m | D26: Not Required | E26: =IF(ISNUMBER(D26),"","N/A") -> N/A | F26: =IF(AND(ISNUMBER(D26),D26>0),D26*E26,"-") -> -
A27: F16 | B27: Carry out dissipation test up to 1 hour duration | C27: nr | D27: Not Required | E27: =IF(ISNUMBER(D27),"","N/A") -> N/A | F27: =IF(AND(ISNUMBER(D27),D27>0),D27*E27,"-") -> -
A28: F17 | B28: Extra over Item F16 for test duration exceeding 1 hour | C28: h | D28: Not Required | E28: =IF(ISNUMBER(D28),"","N/A") -> N/A | F28: =IF(AND(ISNUMBER(D28),D28>0),D28*E28,"-") -> -
A29: F18 | B29: Standing time for static cone penetration test equipment and crew | C29: h | D29: =IF(AND(ISNUMBER('[2]Section F'!$D$29),'[2]Section F'!$D$29>0),'[2]Section F'!$D$29,"Not Required") -> Not Required | E29: =IF(ISNUMBER(D29),"","N/A") -> N/A | F29: =IF(AND(ISNUMBER(D29),D29>0),D29*E29,"-") -> -
A30: F19 | B30: Extra over Items F10 to F13 for use of seismic cone | C30: m | D30: Not Required | E30: =IF(ISNUMBER(D30),"","N/A") -> N/A | F30: =IF(AND(ISNUMBER(D30),D30>0),D30*E30,"-") -> -
A31: F20 | B31: Carry out seismic cone test | C31: nr | D31: Not Required | E31: =IF(ISNUMBER(D31),"","N/A") -> N/A | F31: =IF(AND(ISNUMBER(D31),D31>0),D31*E31,"-") -> -
A32: F21 | B32: Extra over Item F20 for interpretation of seismic cone data | C32: nr | D32: Not Required | E32: =IF(ISNUMBER(D32),"","N/A") -> N/A | F32: =IF(AND(ISNUMBER(D32),D32>0),D32*E32,"-") -> -
A33: F22 | B33: Standing time for seismic cone test equipment and crew | C33: h | D33: Not Required | E33: =IF(ISNUMBER(D33),"","N/A") -> N/A | F33: =IF(AND(ISNUMBER(D33),D33>0),D33*E33,"-") -> -
B34: Total Section F carried to summary: | F34: =SUM(F11:F33) -> #VALUE!

Sheet Section G
A7: Number | B7: Item description | C7: Unit | D7: Quantity | E7: Rate | F7: Amount
E8: € | F8: €
A9: G | B9: Geophysical testing
B10: Land-based mapping techniques
A11: G1 | B11: Conduct and process Ground Penetrating Radar (GPR) profiles to PAS 128 QL B1P as per the specification | C11: m² | D11: Not Required | E11: =IF(ISNUMBER(D11),"","N/A") -> N/A | F11: =IF(AND(ISNUMBER(D11),D11>0),D11*E11,"-") -> -
A12: G2 | B12: Conduct and process electro magnetic conductivity (EMC) profiles | C12: ln m | D12: Not Required | E12: =IF(ISNUMBER(D12),"","N/A") -> N/A | F12: =IF(AND(ISNUMBER(D12),D12>0),D12*E12,"-") -> -
A13: G3 | B13: Conduct and process electrical resistivity tomography (ERT) profiles | C13: ln m | D13: Not Required | E13: =IF(ISNUMBER(D13),"","N/A") -> N/A | F13: =IF(AND(ISNUMBER(D13),D13>0),D13*E13,"-") -> -
A14: G4 | B14: Conduct and process seismic refraction spreads (P or S wave) | C14: ln m | D14: Not Required | E14: =IF(ISNUMBER(D14),"","N/A") -> N/A | F14: =IF(AND(ISNUMBER(D14),D14>0),D14*E14,"-") -> -
A15: G5 | B15: Conduct and [rocess surface wave spreads (1D or 2D MASW) | C15: ln m | D15: Not Required | E15: =IF(ISNUMBER(D15),"","N/A") -> N/A | F15: =IF(AND(ISNUMBER(D15),D15>0),D15*E15,"-") -> -
B16: Borehole geophysical surveying | D16: Not Required | E16: =IF(ISNUMBER(D16),"","N/A") -> N/A | F16: =IF(AND(ISNUMBER(D16),D16>0),D16*E16,"-") -> -
A17: G6 | B17: Establish down-hole geophysical logging equipment and personnel to the site of each exploratory hole and set up at each location | C17: sum | D17: Not Required | E17: =IF(ISNUMBER(D17),"","N/A") -> N/A | F17: =IF(AND(ISNUMBER(D17),D17>0),D17*E17,"-") -> -
A18: G7 | B18: Conduct and process down the hole calliper, natural gamma, resistivity, sonic, fluid, temperature, conductivity, and fluid flow logging | C18: m | D18: Not Required | E18: =IF(ISNUMBER(D18),"","N/A") -> N/A | F18: =IF(AND(ISNUMBER(D18),D18>0),D18*E18,"-") -> -
A19: G8 | B19: Conduct and process cross-hole seismic readings at specified intervals | C19: nr | D19: Not Required | E19: =IF(ISNUMBER(D19),"","N/A") -> N/A | F19: =IF(AND(ISNUMBER(D19),D19>0),D19*E19,"-") -> -
B20: Marine (overwater) geophysical surveying
A21: G9 | B21: Establish geophysical personnel and field equipment and demobilisation on completion | C21: sum | D21: Not Required | E21: =IF(ISNUMBER(D21),"","N/A") -> N/A | F21: =IF(AND(ISNUMBER(D21),D21>0),D21*E21,"-") -> -
A22: G10 | B22: conduct and process echo sounding, side scan sonar, magnetic, sub-bottom profile surveying | C22: day | D22: Not Required | E22: =IF(ISNUMBER(D22),"","N/A") -> N/A | F22: =IF(AND(ISNUMBER(D22),D22>0),D22*E22,"-") -> -
A23: Contract specific additional bill items
C24: day | D24: Not Required | E24: =IF(ISNUMBER(D24),"","N/A") -> N/A | F24: =IF(AND(ISNUMBER(D24),D24>0),D24*E24,"-") -> -
B25: Total Section G carried to summary: | F25: =SUM(F11:F24) -> 0

Sheet Section H
A7: Number | B7: Item description | C7: Unit | D7: Quantity | E7: Rate | F7: Amount
E8: € | F8: €
A9: H | B9: In situ testing
A10: H1.1 | B10: Standard penetration test in percussive borehole, depth range 0 to 10m | C10: nr | D10: =IF(AND(ISNUMBER('[2]Section H'!D10),'[2]Section H'!D10>0),'[2]Section H'!D10,"Not Required") -> Not Required | E10: =IF(ISNUMBER(D10),"","N/A") -> N/A | F10: =IF(ISNUMBER(D10),D10*E10,"-") -> -
A11: H1.2 | B11: Standard penetration test in percussive borehole, depth range 10 to 20m | C11: nr | D11: =IF(AND(ISNUMBER('[2]Section H'!D11),'[2]Section H'!D11>0),'[2]Section H'!D11,"Not Required") -> Not Required | E11: =IF(ISNUMBER(D11),"","N/A") -> N/A | F11: =IF(ISNUMBER(D11),D11*E11,"-") -> -
A12: H1.3 | B12: Standard penetration test in percussive borehole, depth range 20 to 30m | C12: nr | D12: =IF(AND(ISNUMBER('[2]Section H'!D12),'[2]Section H'!D12>0),'[2]Section H'!D12,"Not Required") -> Not Required | E12: =IF(ISNUMBER(D12),"","N/A") -> N/A | F12: =IF(ISNUMBER(D12),D12*E12,"-") -> -
A13: H1.4 | B13: Standard penetration test in percussive borehole, depth range 30 to 40m | C13: nr | D13: =IF(AND(ISNUMBER('[2]Section H'!D13),'[2]Section H'!D13>0),'[2]Section H'!D13,"Not Required") -> Not Required | E13: =IF(ISNUMBER(D13),"","N/A") -> N/A | F13: =IF(ISNUMBER(D13),D13*E13,"-") -> -
A14: H2.1 | B14: Standard penetration test in rotary drillhole, depth range 0 to 10m (PROVISIONAL) | C14: nr | D14: =IF(AND(ISNUMBER('[2]Section H'!D14),'[2]Section H'!D14>0),'[2]Section H'!D14,"Not Required") -> Not Required | E14: =IF(ISNUMBER(D14),"","N/A") -> N/A | F14: =IF(ISNUMBER(D14),D14*E14,"-") -> -
A15: H2.2 | B15: Standard penetration test in rotary drillhole, depth range 10 to 20m | C15: nr | D15: =IF(AND(ISNUMBER('[2]Section H'!D15),'[2]Section H'!D15>0),'[2]Section H'!D15,"Not Required") -> Not Required | E15: =IF(ISNUMBER(D15),"","N/A") -> N/A | F15: =IF(ISNUMBER(D15),D15*E15,"-") -> -
A16: H2.3 | B16: Standard penetration test in rotary drillhole, depth range 20 to 30m | C16: nr | D16: =IF(AND(ISNUMBER('[2]Section H'!D16),'[2]Section H'!D16>0),'[2]Section H'!D16,"Not Required") -> Not Required | E16: =IF(ISNUMBER(D16),"","N/A") -> N/A | F16: =IF(ISNUMBER(D16),D16*E16,"-") -> -
A17: H2.4 | B17: Standard penetration test in rotary drillhole, depth range 30 to 40m | C17: nr | D17: =IF(AND(ISNUMBER('[2]Section H'!D17),'[2]Section H'!D17>0),'[2]Section H'!D17,"Not Required") -> Not Required | E17: =IF(ISNUMBER(D17),"","N/A") -> N/A | F17: =IF(ISNUMBER(D17),D17*E17,"-") -> -
A18: H3.1 | B18: Standard penetration test in dynamic sampling boreholes, depth range 0 to 10m | C18: nr | D18: =IF(AND(ISNUMBER('[2]Section H'!D18),'[2]Section H'!D18>0),'[2]Section H'!D18,"Not Required") -> Not Required | E18: =IF(ISNUMBER(D18),"","N/A") -> N/A | F18: =IF(ISNUMBER(D18),D18*E18,"-") -> -
A19: H4 | B19: In-situ density testing | C19: nr | D19: Not Required | E19: =IF(ISNUMBER(D19),"","N/A") -> N/A | F19: =IF(ISNUMBER(D19),D19*E19,"-") -> -
A20: H4.1 | B20: Small pouring cylinder method | C20: nr | D20: Not Required | E20: =IF(ISNUMBER(D20),"","N/A") -> N/A | F20: =IF(ISNUMBER(D20),D20*E20,"-") -> -
A21: H4.2 | B21: Large pouring cylinder method | C21: nr | D21: Not Required | E21: =IF(ISNUMBER(D21),"","N/A") -> N/A | F21: =IF(ISNUMBER(D21),D21*E21,"-") -> -
A22: H4.3 | B22: Water replacement method | C22: nr | D22: Not Required | E22: =IF(ISNUMBER(D22),"","N/A") -> N/A | F22: =IF(ISNUMBER(D22),D22*E22,"-") -> -
A23: H4.4 | B23: Core cutter method | C23: nr | D23: Not Required | E23: =IF(ISNUMBER(D23),"","N/A") -> N/A | F23: =IF(ISNUMBER(D23),D23*E23,"-") -> -
A24: H4.5 | B24: Nuclear gauge method | C24: day | D24: Not Required | E24: =IF(ISNUMBER(D24),"","N/A") -> N/A | F24: =IF(ISNUMBER(D24),D24*E24,"-") -> -
A25: H5 | B25: California Bearing Ratio by plate bearing test by plunger method | C25: nr | D25: Not Required | E25: =IF(ISNUMBER(D25),"","N/A") -> N/A | F25: =IF(ISNUMBER(D25),D25*E25,"-") -> -
A26: H6 | B26: California Bearing Ratio by TRL DCP method | C26: nr | D26: =IF(AND(ISNUMBER('[2]Section H'!$D$26),'[2]Section H'!$D$26>0),'[2]Section H'!$D$26,"Not Required") -> #VALUE! | E26: =IF(ISNUMBER(D26),"","N/A") -> N/A | F26: =IF(ISNUMBER(D26),D26*E26,"-") -> -
A27: H7 | B27: Vane shear strength test in borehole / trial pit / trench | C27: nr | D27: Not Required | E27: =IF(ISNUMBER(D27),"","N/A") -> N/A | F27: =IF(ISNUMBER(D27),D27*E27,"-") -> -
A28: H8 | B28: Hand penetrometer test (set of 3 readings) | C28: nr | D28: Rate Only | E28: =IF(ISNUMBER(D28),"","N/A") -> N/A | F28: =IF(ISNUMBER(D28),D28*E28,"-") -> -
A29: H9 | B29: Hand vane test (set of 3 readings) | C29: nr | D29: =IF(AND(ISNUMBER('[2]Section H'!$D$29),'[2]Section H'!$D$29>0),'[2]Section H'!$D$29,"Not Required") -> #VALUE! | E29: =IF(ISNUMBER(D29),"","N/A") -> N/A | F29: =IF(ISNUMBER(D29),D29*E29,"-") -> -
B30: Other tests
A31: H10 | B31: In situ geophysical techniques (resistivity and redox potential) for earthing analysis | C31: nr | D31: Not Required | E31: =IF(ISNUMBER(D31),"","N/A") -> N/A | F31: =IF(ISNUMBER(D31),D31*E31,"-") -> -
B32: Permeability testing
A33: H11 | B33: Set up, execute and dismantle variable head permeability test in cable percussive borehole | C33: hr | D33: Not Required | E33: =IF(ISNUMBER(D33),"","N/A") -> N/A | F33: =IF(ISNUMBER(D33),D33*E33,"-") -> -
A34: H12 | B34: Set up, execute and dismantle constant head permeability test in cable percussive borehole | C34: hr | D34: Not Required | E34: =IF(ISNUMBER(D34),"","N/A") -> N/A | F34: =IF(ISNUMBER(D34),D34*E34,"-") -> -
A35: H13 | B35: Set up, execute and dismantle variable head permeability test in rotary drillhole | C35: hr | D35: Not Required | E35: =IF(ISNUMBER(D35),"","N/A") -> N/A | F35: =IF(ISNUMBER(D35),D35*E35,"-") -> -
A36: H14 | B36: Set up, execute and dismantle constant head permeability test in rotary drillhole | C36: hr | D36: Not Required | E36: =IF(ISNUMBER(D36),"","N/A") -> N/A | F36: =IF(ISNUMBER(D36),D36*E36,"-") -> -
A37: H15 | B37: Set up, execute and dismantle variable head permeability test in standpipe or standpipe piezometer (rising or falling head test) | C37: hr | D37: Not Required | E37: =IF(ISNUMBER(D37),"","N/A") -> N/A | F37: =IF(ISNUMBER(D37),D37*E37,"-") -> -
A38: H16 | B38: Set up and execute constant head permeability test in standpipe or standpipe piezometer | C38: hr | D38: Not Required | E38: =IF(ISNUMBER(D38),"","N/A") -> N/A | F38: =IF(ISNUMBER(D38),D38*E38,"-") -> -
A39: H17 | B39: Set up and execute packer permeability test in rotary borehole (0 to 10m) | C39: hr | D39: Not Required | E39: =IF(ISNUMBER(D39),"","N/A") -> N/A | F39: =IF(ISNUMBER(D39),D39*E39,"-") -> -
A40: H18 | B40: Set up and execute packer permeability test in rotary borehole (10 to 20m) | C40: hr | D40: Not Required | E40: =IF(ISNUMBER(D40),"","N/A") -> N/A | F40: =IF(ISNUMBER(D40),D40*E40,"-") -> -
B41: Note: rates for permeability test in boreholes or rotary holes to include standing time rate for plant and equipment
B42: Soil infiltration test (BRE Digest 365)
A43: H19 | B43: Set up at each test location, excavate trial hole and prepare test area | C43: nr | D43: =IF(AND(ISNUMBER('[2]Section H'!$D$43),'[2]Section H'!$D$43>0),'[2]Section H'!$D$43,"Not Required") -> #VALUE! | E43: =IF(ISNUMBER(D43),"","N/A") -> N/A | F43: =IF(ISNUMBER(D43),D43*E43,"-") -> -
A44: H20 | B44: Backfill test hole with clean imported gravel where excavation side walls are unstable | C44: m³ | D44: Not Required | E44: =IF(ISNUMBER(D44),"","N/A") -> N/A | F44: =IF(ISNUMBER(D44),D44*E44,"-") -> -
A45: H21 | B45: Install 50mm standpipe in H18 to allow for monitoring of water levels | C45: nr | D45: Not Required | E45: =IF(ISNUMBER(D45),"","N/A") -> N/A | F45: =IF(ISNUMBER(D45),D45*E45,"-") -> -
A46: H22 | B46: Carry out pre-soaking of test areas | C46: nr | D46: Not Required | E46: =IF(ISNUMBER(D46),"","N/A") -> N/A | F46: =IF(ISNUMBER(D46),D46*E46,"-") -> -
A47: H23 | B47: Carry out soakaway tests in accordance with BRE Digest 365 (3 cycles) | C47: nr | D47: =IF(AND(ISNUMBER('[2]Section H'!$D$47),'[2]Section H'!$D$47>0),'[2]Section H'!$D$47,"Not Required") -> #VALUE! | E47: =IF(ISNUMBER(D47),"","N/A") -> N/A | F47: =IF(ISNUMBER(D47),D47*E47,"-") -> -
A48: H24 | B48: Provision of water supply for infiltration testing | C48: sum | D48: Not Required | E48: =IF(ISNUMBER(D48),"","N/A") -> N/A | F48: =IF(ISNUMBER(D48),D48*E48,"-") -> -
A49: H25 | B49: Protection and temporary fencing of works area as instructed by Investigation Supervisor | C49: nr | D49: =IF(AND(ISNUMBER('[2]Section H'!$D$49),'[2]Section H'!$D$49>0),'[2]Section H'!$D$49,"Not Required") -> #VALUE! | E49: =IF(ISNUMBER(D49),"","N/A") -> N/A | F49: =IF(ISNUMBER(D49),D49*E49,"-") -> -
A50: H26 | B50: Calculation of infiltration rate for each test location | C50: nr | D50: =IF(AND(ISNUMBER('[2]Section H'!$D$50),'[2]Section H'!$D$50>0),'[2]Section H'!$D$50,"Not Required") -> #VALUE! | E50: =IF(ISNUMBER(D50),"","N/A") -> N/A | F50: =IF(ISNUMBER(D50),D50*E50,"-") -> -
B51: Soil infiltration test (EPA Percolation test)
A52: H27 | B52: Set up at each test location, excavate trial hole and prepare test area | C52: nr | D52: Not Required | E52: =IF(ISNUMBER(D52),"","N/A") -> N/A | F52: =IF(ISNUMBER(D52),D52*E52,"-") -> -
A53: H28 | B53: Carry out infiltration tests in accordance with EPA Guidelines (test to be carried out by an approved Engineer / Geologist in accordance with EPA requirements) | C53: nr | D53: Not Required | E53: =IF(ISNUMBER(D53),"","N/A") -> N/A | F53: =IF(ISNUMBER(D53),D53*E53,"-") -> -
A54: H29 | B54: Provide report on percolation test (by Chartered Engineer or Professional Geologist) | C54: sum | D54: Not Required | E54: =IF(ISNUMBER(D54),"","N/A") -> N/A | F54: =IF(ISNUMBER(D54),D54*E54,"-") -> -
B55: Plate Bearing Test
A56: H30 | B56: Set up at each plate test location to include kentledge / reaction weight and carry out plate test using a 300mm diameter plate. Test in accordance with NRA SRW CL642 | C56: nr | D56: =IF(AND(ISNUMBER('[2]Section H'!$D$56),'[2]Section H'!$D$56>0),'[2]Section H'!$D$56,"Not Required") -> #VALUE! | E56: =IF(ISNUMBER(D56),"","N/A") -> N/A | F56: =IF(ISNUMBER(D56),D56*E56,"-") -> -
A57: H31 | B57: Set up at each plate test location to include kentledge / reaction weight and carry out plate test using a 450mm diameter plate. Test in accordance with NRA SRW CL642 | C57: nr | D57: Not Required | E57: =IF(ISNUMBER(D57),"","N/A") -> N/A | F57: =IF(ISNUMBER(D57),D57*E57,"-") -> -
A58: H32 | B58: Set up at each plate test location to include kentledge / reaction weight and carry out plate test using a 600mm diameter plate. Test in accordance with NRA SRW CL642 | C58: nr | D58: Not Required | E58: =IF(ISNUMBER(D58),"","N/A") -> N/A | F58: =IF(ISNUMBER(D58),D58*E58,"-") -> -
A59: H33 | B59: Extra over Items H29-H31 for test durations in excess of 2 hours per location | C59: hr | D59: Not Required | E59: =IF(ISNUMBER(D59),"","N/A") -> N/A | F59: =IF(ISNUMBER(D59),D59*E59,"-") -> -
A60: H34 | B60: Provide plate test report with load steelement plot and calculation of Ks and CBR valu to HD 25-26/10 | C60: nr | D60: =IF(AND(ISNUMBER('[2]Section H'!$D$60),'[2]Section H'!$D$60>0),'[2]Section H'!$D$60,"Not Required") -> #VALUE! | E60: =IF(ISNUMBER(D60),"","N/A") -> N/A | F60: =IF(ISNUMBER(D60),D60*E60,"-") -> -
B61: Other specialist tests
A62: H35 | B62: Reading of free product level in borehole using an interface probe | C62: nr | D62: Not Required | E62: N/A | F62: =IF(ISNUMBER(D62),D62*E62,"-") -> -
A63: H36 | B63: Provide contamination screening test kits (per sample) | C63: nr | D63: Not Required | E63: N/A | F63: =IF(ISNUMBER(D63),D63*E63,"-") -> -
A64: H37 | B64: Carry out headspace testing on sample by FID or PID methods (PROVISIONAL) | C64: nr | D64: Not Required | E64: N/A | F64: =IF(ISNUMBER(D64),D64*E64,"-") -> -
A65: H38 | B65: Self boring pressuremeter | C65: day | D65: Not Required | E65: N/A | F65: =IF(ISNUMBER(D65),D65*E65,"-") -> -
A66: H39 | B66: high pressure dilatometer | C66: day | D66: Not Required | E66: N/A | F66: =IF(ISNUMBER(D66),D66*E66,"-") -> -
A67: H40 | B67: Menard Presuremeter | C67: day | D67: Not Required | E67: N/A | F67: =IF(ISNUMBER(D67),D67*E67,"-") -> -
B69: Total H carried to summary: | F69: =SUM(F10:F67) -> 0

Sheet Section I
A7: Number | B7: Item description | C7: Unit | D7: Quantity | E7: Rate | F7: Amount
E8: € | F8: €
A9: I | B9: Instrumentation
B10: Standpipes and piezometers
A11: I1 | B11: Backfill exploratory hole with cement/bentonite grout or bentonite pellets | C11: m | D11: =IF(AND(ISNUMBER('[2]Section I'!D11),'[2]Section I'!D11>0),'[2]Section I'!D11,"Not Required") -> Not Required | E11: =IF(ISNUMBER(D11),"","N/A") -> N/A | F11: =IF(ISNUMBER(D11),D11*E11,"-") -> -
A12: I2 | B12: Provide and install 19mm casagrande piezometer tip | C12: nr | D12: =IF(AND(ISNUMBER('[2]Section I'!D12),'[2]Section I'!D12>0),'[2]Section I'!D12,"Not Required") -> #VALUE! | E12: =IF(ISNUMBER(D12),"","N/A") -> N/A | F12: =IF(ISNUMBER(D12),D12*E12,"-") -> -
A13: I3 | B13: Provide and install sand cell to I2 | C13: m | D13: =IF(AND(ISNUMBER('[2]Section I'!D13),'[2]Section I'!D13>0),'[2]Section I'!D13,"Not Required") -> #VALUE! | E13: =IF(ISNUMBER(D13),"","N/A") -> N/A | F13: =IF(ISNUMBER(D13),D13*E13,"-") -> -
A14: I4 | B14: Provide and install 19mm casing/piezometer plain pipe | C14: m | D14: =IF(AND(ISNUMBER('[2]Section I'!D14),'[2]Section I'!D14>0),'[2]Section I'!D14,"Not Required") -> Not Required | E14: =IF(ISNUMBER(D14),"","N/A") -> N/A | F14: =IF(ISNUMBER(D14),D14*E14,"-") -> -
A15: I5 | B15: Provide and install bentonite seals to I4 | C15: m | D15: =IF(AND(ISNUMBER('[2]Section I'!D15),'[2]Section I'!D15>0),'[2]Section I'!D15,"Not Required") -> #VALUE! | E15: =IF(ISNUMBER(D15),"","N/A") -> N/A | F15: =IF(ISNUMBER(D15),D15*E15,"-") -> -
A16: I6 | B16: Provide and install propietary slotted standpipe (50mm internal diameter) | C16: m | D16: =IF(AND(ISNUMBER('[2]Section I'!D16),'[2]Section I'!D16>0),'[2]Section I'!D16,"Not Required") -> Not Required | E16: =IF(ISNUMBER(D16),"","N/A") -> N/A | F16: =IF(ISNUMBER(D16),D16*E16,"-") -> -
A17: I7 | B17: Provide and install gravel pack to I6 | C17: m | D17: =IF(AND(ISNUMBER('[2]Section I'!D17),'[2]Section I'!D17>0),'[2]Section I'!D17,"Not Required") -> Not Required | E17: =IF(ISNUMBER(D17),"","N/A") -> N/A | F17: =IF(ISNUMBER(D17),D17*E17,"-") -> -
A18: I8 | B18: Provide and install propietary casing / plain standpipe (50mm internal diameter) | C18: m | D18: =IF(AND(ISNUMBER('[2]Section I'!D18),'[2]Section I'!D18>0),'[2]Section I'!D18,"Not Required") -> Not Required | E18: =IF(ISNUMBER(D18),"","N/A") -> N/A | F18: =IF(ISNUMBER(D18),D18*E18,"-") -> -
A19: I9 | B19: Provide and install bentonite seals to I8 | C19: m | D19: =IF(AND(ISNUMBER('[2]Section I'!D19),'[2]Section I'!D19>0),'[2]Section I'!D19,"Not Required") -> #VALUE! | E19: =IF(ISNUMBER(D19),"","N/A") -> N/A | F19: =IF(ISNUMBER(D19),D19*E19,"-") -> -
A20: I10 | B20: Provide and install slotted propietary standpipe (100mm internal diameter) | C20: m | D20: Not Required | E20: =IF(ISNUMBER(D20),"","N/A") -> N/A | F20: =IF(ISNUMBER(D20),D20*E20,"-") -> -
A21: I11 | B21: Provide and install gravel pack to I10 | C21: m | D21: Not Required | E21: =IF(ISNUMBER(D21),"","N/A") -> N/A | F21: =IF(ISNUMBER(D21),D21*E21,"-") -> -
A22: I12 | B22: Provide and install casing/plain standpipe (100mm internal diameter) | C22: m | D22: Not Required | E22: =IF(ISNUMBER(D22),"","N/A") -> N/A | F22: =IF(ISNUMBER(D22),D22*E22,"-") -> -
A23: I13 | B23: Provide and install bentonite seals to I12 | C23: m | D23: Not Required | E23: =IF(ISNUMBER(D23),"","N/A") -> N/A | F23: =IF(ISNUMBER(D23),D23*E23,"-") -> -
A24: I14 | B24: Provide an install end caps to I6 or I10 | C24: nr | D24: =IF(AND(ISNUMBER('[2]Section I'!D24),'[2]Section I'!D24>0),'[2]Section I'!D24,"Not Required") -> #VALUE! | E24: =IF(ISNUMBER(D24),"","N/A") -> N/A | F24: =IF(ISNUMBER(D24),D24*E24,"-") -> -
A25: I15 | B25: Provide and install quick release gas valve to I6 or I10 | C25: nr | D25: Not Required | E25: =IF(ISNUMBER(D25),"","N/A") -> N/A | F25: =IF(ISNUMBER(D25),D25*E25,"-") -> -
A26: I16 | B26: Provide and install protective cover (flush) | C26: nr | D26: =IF(AND(ISNUMBER('[2]Section I'!D26),'[2]Section I'!D26>0),'[2]Section I'!D26,"Not Required") -> #VALUE! | E26: =IF(ISNUMBER(D26),"","N/A") -> N/A | F26: =IF(ISNUMBER(D26),D26*E26,"-") -> -
A27: I17 | B27: Provide and install protective cover (raised) | C27: nr | D27: =IF(AND(ISNUMBER('[2]Section I'!D27),'[2]Section I'!D27>0),'[2]Section I'!D27,"Not Required") -> #VALUE! | E27: =IF(ISNUMBER(D27),"","N/A") -> N/A | F27: =IF(ISNUMBER(D27),D27*E27,"-") -> -
A28: I18 | B28: Extra over item I16 for heavy duty cover in pavements or highways | C28: nr | D28: Not Required | E28: =IF(ISNUMBER(D28),"","N/A") -> N/A | F28: =IF(ISNUMBER(D28),D28*E28,"-") -> -
A29: I19 | B29: Supply and erect protective stock proof fencing around standpipe or piezometer installation | C29: nr | D29: =IF(AND(ISNUMBER('[2]Section I'!D29),'[2]Section I'!D29>0),'[2]Section I'!D29,"Not Required") -> #VALUE! | E29: =IF(ISNUMBER(D29),"","N/A") -> N/A | F29: =IF(ISNUMBER(D29),D29*E29,"-") -> -
A30: I20 | B30: Supply and erect 1.5m high marker posts (3 x 1.5m) | C30: nr | D30: =IF(AND(ISNUMBER('[2]Section I'!D30),'[2]Section I'!D30>0),'[2]Section I'!D30,"Not Required") -> #VALUE! | E30: =IF(ISNUMBER(D30),"","N/A") -> N/A | F30: =IF(ISNUMBER(D30),D30*E30,"-") -> -
B31: Standpipe and piezometer development / purging
A32: I21 | B32: Supply equipment and personnel to carry out purging | C32: sum | D32: Not Required | E32: =IF(ISNUMBER(D32),"","N/A") -> N/A | F32: =IF(ISNUMBER(D32),D32*E32,"-") -> -
A33: I22 | B33: Develop standpipe or piezometer by purging (3 well volumes) | C33: h | D33: Not Required | E33: =IF(ISNUMBER(D33),"","N/A") -> N/A | F33: =IF(ISNUMBER(D33),D33*E33,"-") -> -
A34: I23 | B34: As item I22 but by airlift pumping | C34: nr | D34: Not Required | E34: =IF(ISNUMBER(D34),"","N/A") -> N/A | F34: =IF(ISNUMBER(D34),D34*E34,"-") -> -
A35: I24 | B35: As item I22 but by over pumping | C35: nr | D35: Not Required | E35: =IF(ISNUMBER(D35),"","N/A") -> N/A | F35: =IF(ISNUMBER(D35),D35*E35,"-") -> -
A36: I25 | B36: As item I22 but by jetting | C36: nr | D36: Not Required | E36: =IF(ISNUMBER(D36),"","N/A") -> N/A | F36: =IF(ISNUMBER(D36),D36*E36,"-") -> -
A37: I26 | B37: Disposal of purged water | C37: litre | D37: Not Required | E37: =IF(ISNUMBER(D37),"","N/A") -> N/A | F37: =IF(ISNUMBER(D37),D37*E37,"-") -> -
B38: Inclinometer
A39: I27 | B39: Supply and install inclinometer tubing in exploratory hole (not including forming/drilling of borehole) | C39: m | D39: Not Required | E39: =IF(ISNUMBER(D39),"","N/A") -> N/A | F39: =IF(ISNUMBER(D39),D39*E39,"-") -> -
A40: I28 | B40: Grout in place inclinometer in cable percussive or rotary borehole | C40: m³ | D40: Not Required | E40: =IF(ISNUMBER(D40),"","N/A") -> N/A | F40: =IF(ISNUMBER(D40),D40*E40,"-") -> -
A41: I29 | B41: Provision of calibrated inclinometer read out unit for monitoring during investigation | C41: per week | D41: Not Required | E41: =IF(ISNUMBER(D41),"","N/A") -> N/A | F41: =IF(ISNUMBER(D41),D41*E41,"-") -> -
A42: I30 | B42: Carry out base set of inclinometer readings in inclinometer and process | C42: hr | D42: Not Required | E42: =IF(ISNUMBER(D42),"","N/A") -> N/A | F42: =IF(ISNUMBER(D42),D42*E42,"-") -> -
A43: I31 | B43: Provide and install protective cover (flush) | C43: nr | D43: Not Required | E43: =IF(ISNUMBER(D43),"","N/A") -> N/A | F43: =IF(ISNUMBER(D43),D43*E43,"-") -> -
B44: Slip Indicator
A45: I32 | B45: Provdie and install protective cover (raised) slip indicators | C45: nr | D45: Not Required | E45: =IF(ISNUMBER(D45),"","N/A") -> N/A | F45: =IF(ISNUMBER(D45),D45*E45,"-") -> -
A46: I33 | B46: Supply and install slip indicator in exploratory borehole, including brass probe (not including forming/drilling of borehole) | C46: m | D46: Not Required | E46: =IF(ISNUMBER(D46),"","N/A") -> N/A | F46: =IF(ISNUMBER(D46),D46*E46,"-") -> -
A47: I34 | B47: Provide and install protective cover (flush) | C47: nr | D47: Not Required | E47: =IF(ISNUMBER(D47),"","N/A") -> N/A | F47: =IF(ISNUMBER(D47),D47*E47,"-") -> -
A48: I35 | B48: Provide and install protective headwork cover (upraight) | C48: nr | D48: Not Required | E48: =IF(ISNUMBER(D48),"","N/A") -> N/A | F48: =IF(ISNUMBER(D48),D48*E48,"-") -> -
B49: Total Section I carried to summary: | F49: =SUM(F11:F48) -> 0

Sheet Section J
A7: Number | B7: Item description | C7: Unit | D7: Quantity | E7: Rate | F7: Amount
E8: € | F8: €
A9: J | B9: Installation monitoring and sampling (during Fieldwork Period)
A10: J1 | B10: Reading of water level in standpipe or standpipe piezometer during fieldwork period | C10: nr | D10: Input As Required | E10: =IF(ISNUMBER(D10),"","N/A") -> N/A | F10: =IF(ISNUMBER(D10),D10*E10,"-") -> -
A11: J2 | B11: Ground gas measurement in gas monitoring standpipe during fieldwork period | C11: nr | D11: Input As Required | E11: =IF(ISNUMBER(D11),"","N/A") -> N/A | F11: =IF(ISNUMBER(D11),D11*E11,"-") -> -
A12: J3 | B12: Provide Engineer or Geologist to take inclinometer readings as directed by Investigation Supervisor (per installation) | C12: nr | D12: Not Required | E12: =IF(ISNUMBER(D12),"","N/A") -> N/A | F12: =IF(ISNUMBER(D12),D12*E12,"-") -> -
A13: J4 | B13: Provide Engineer or Geologist to take measurement of slip indicator (per installation) | C13: nr | D13: Not Required | E13: =IF(ISNUMBER(D13),"","N/A") -> N/A | F13: =IF(ISNUMBER(D13),D13*E13,"-") -> -
A14: J5 | B14: Provide Engineer/Geologist to take water sample from standpipe or standpipe piezometer (rate not including puriging or micro purging) | C14: nr | D14: Not Required | E14: =IF(ISNUMBER(D14),"","N/A") -> N/A | F14: =IF(ISNUMBER(D14),D14*E14,"-") -> -
A15: J6 | B15: Extra over Item J5 for purging or micro-purging in excess of 3 well volumes | C15: h | D15: Not Required | E15: =IF(ISNUMBER(D15),"","N/A") -> N/A | F15: =IF(ISNUMBER(D15),D15*E15,"-") -> -
A16: J7 | B16: Provide Engineer / Geologist to recover ground gas samplefrom gas monitoring standpipe | C16: nr | D16: Not Required | E16: =IF(ISNUMBER(D16),"","N/A") -> N/A | F16: =IF(ISNUMBER(D16),D16*E16,"-") -> -
A17: J8 | B17: Provide Engineer / Geologist to read free product level in standpipe using an interface probe | C17: nr | D17: Not Required | E17: =IF(ISNUMBER(D17),"","N/A") -> N/A | F17: =IF(ISNUMBER(D17),D17*E17,"-") -> -
B18: Installation monitoring and sampling (post Fieldwork Period)
A19: J9 | B19: Return visit to site following completion of fieldwork for field instrumentation | C19: nr | D19: Input As Required | E19: =IF(ISNUMBER(D19),"","N/A") -> N/A | F19: =IF(ISNUMBER(D19),D19*E19,"-") -> -
A20: J10 | B20: Extra over Item J9 for groundwater measurements in standpipe or standpipe piezometer during return visit | C20: nr | D20: Input As Required | E20: =IF(ISNUMBER(D20),"","N/A") -> N/A | F20: =IF(ISNUMBER(D20),D20*E20,"-") -> -
A21: J11 | B21: Extra over Item J9 for ground gas measurements in standpipe during return visit | C21: nr | D21: Input As Required | E21: =IF(ISNUMBER(D21),"","N/A") -> N/A | F21: =IF(ISNUMBER(D21),D21*E21,"-") -> -
A22: J12 | B22: Extra over Item J9 for set of inclinometer readings per installation during return visit and report results | C22: nr | D22: Not Required | E22: =IF(ISNUMBER(D22),"","N/A") -> N/A | F22: =IF(ISNUMBER(D22),D22*E22,"-") -> -
A23: J13 | B23: Extra over Item J9 to check for ground slippage in slip indicator installation during return visit to site | C23: nr | D23: Not Required | E23: =IF(ISNUMBER(D23),"","N/A") -> N/A | F23: =IF(ISNUMBER(D23),D23*E23,"-") -> -
A24: J14 | B24: Extra over Item J9 for water sample from standpipe or standpipe piezometer during return visit to site, including purging 3 volumes or micro-purging up to 3.0 hours | C24: nr | D24: Not Required | E24: =IF(ISNUMBER(D24),"","N/A") -> N/A | F24: =IF(ISNUMBER(D24),D24*E24,"-") -> -
A25: J15 | B25: Extra over Item J14 for purging or micro-purging in excess of 3.0 hours | C25: h | D25: Included in Item J15 | E25: =IF(ISNUMBER(D25),"","N/A") -> N/A | F25: =IF(ISNUMBER(D25),D25*E25,"-") -> -
A26: J16 | B26: Extra over Item J9 for ground gas sample from gas monitoring standpipe during return visit to site | C26: nr | D26: Not Required | E26: =IF(ISNUMBER(D26),"","N/A") -> N/A | F26: =IF(ISNUMBER(D26),D26*E26,"-") -> -
A27: J17 | B27: Extra over Item J9 for reading of free product level in standpipe using an interface probe during return visit to site | C27: nr | D27: Not Required | E27: =IF(ISNUMBER(D27),"","N/A") -> N/A | F27: =IF(ISNUMBER(D27),D27*E27,"-") -> -
A28: J18 | B28: Provision of equipment to facilitate measuring of free product in Item J17 | C28: sum | D28: Not Required | E28: =IF(ISNUMBER(D28),"","N/A") -> N/A | F28: =IF(ISNUMBER(D28),D28*E28,"-") -> -
A29: J19 | B29: Provide and install data logger to measure groundwater levels in standpipes | C29: nr | D29: Not Required | E29: =IF(ISNUMBER(D29),"","N/A") -> N/A | F29: =IF(ISNUMBER(D29),D29*E29,"-") -> -
A30: J20 | B30: Provide baro logger to monitor air pressure for item J19 | C30: nr | D30: Not Required | E30: =IF(ISNUMBER(D30),"","N/A") -> N/A | F30: =IF(ISNUMBER(D30),D30*E30,"-") -> -
A31: J21 | B31: Provide Engineer / Geologist to visit site to download and process data logger and baro logger | C31: day | D31: Not Required | E31: =IF(ISNUMBER(D31),"","N/A") -> N/A | F31: =IF(ISNUMBER(D31),D31*E31,"-") -> -
B32: Surface water body sampling and testing
A33: J22 | B33: Surface water body sample taken during fieldwork period | C33: nr | D33: Not Required | E33: =IF(ISNUMBER(D33),"","N/A") -> N/A | F33: =IF(ISNUMBER(D33),D33*E33,"-") -> -
A34: J23 | B34: Surface water body sample taken during return visit to site | C34: nr | D34: Not Required | E34: =IF(ISNUMBER(D34),"","N/A") -> N/A | F34: =IF(ISNUMBER(D34),D34*E34,"-") -> -
A35: J24 | B35: Determination of dissolved oxygen, conductivity, pH and temperature of surface water body during fieldwork period | C35: nr | D35: Not Required | E35: =IF(ISNUMBER(D35),"","N/A") -> N/A | F35: =IF(ISNUMBER(D35),D35*E35,"-") -> -
A36: J25 | B36: Determination of dissolved oxygen, conductivity, pH and temperature of surface water body during return visit to site | C36: nr | D36: Not Required | E36: =IF(ISNUMBER(D36),"","N/A") -> N/A | F36: =IF(ISNUMBER(D36),D36*E36,"-") -> -
B37: Total Section J carried to summary: | F37: =SUM(F10:F36) -> 0

Sheet Section K
A7: Number | B7: Item description | C7: Unit | D7: Quantity | E7: Rate | F7: Amount
E8: € | F8: €
A9: K | B9: Geotechnical laboratory testing
A10: K1 | B10: Classification
A11: K1.1 | B11: Moisture content | C11: nr | D11: =IF(AND(ISNUMBER('[2]Section K'!D11),'[2]Section K'!D11>0),'[2]Section K'!D11,"Not Required") -> Not Required | E11: =IF(ISNUMBER(D11),"","N/A") -> N/A | F11: =IF(ISNUMBER(D11),D11*E11,"-") -> -
A12: K1.2 | B12: Liquid limit, plastic limit and plasticity index | C12: nr | D12: =IF(AND(ISNUMBER('[2]Section K'!D12),'[2]Section K'!D12>0),'[2]Section K'!D12,"Not Required") -> Not Required | E12: =IF(ISNUMBER(D12),"","N/A") -> N/A | F12: =IF(ISNUMBER(D12),D12*E12,"-") -> -
A13: K1.3 | B13: Volumetric shrinkage | C13: nr | D13: Not Required | E13: =IF(ISNUMBER(D13),"","N/A") -> N/A | F13: =IF(ISNUMBER(D13),D13*E13,"-") -> -
A14: K1.4 | B14: Linear shrinkage | C14: nr | D14: Not Required | E14: =IF(ISNUMBER(D14),"","N/A") -> N/A | F14: =IF(ISNUMBER(D14),D14*E14,"-") -> -
A15: K1.5 | B15: Density by linear measurement | C15: nr | D15: Not Required | E15: =IF(ISNUMBER(D15),"","N/A") -> N/A | F15: =IF(ISNUMBER(D15),D15*E15,"-") -> -
A16: K1.6 | B16: Density by immersion in water or water displacement | C16: nr | D16: Not Required | E16: =IF(ISNUMBER(D16),"","N/A") -> N/A | F16: =IF(ISNUMBER(D16),D16*E16,"-") -> -
A17: K1.7 | B17: Dry density and saturation moisture content for chalk | C17: nr | D17: Not Required | E17: =IF(ISNUMBER(D17),"","N/A") -> N/A | F17: =IF(ISNUMBER(D17),D17*E17,"-") -> -
A18: K1.8 | B18: Particle density by gas jar or pycnometer | C18: nr | D18: Not Required | E18: =IF(ISNUMBER(D18),"","N/A") -> N/A | F18: =IF(ISNUMBER(D18),D18*E18,"-") -> -
A19: K1.9 | B19: Particle size distribution by wet sieving | C19: nr | D19: =IF(AND(ISNUMBER('[2]Section K'!$D$19),'[2]Section K'!$D$19>0),'[2]Section K'!$D$19,"Not Required") -> Not Required | E19: =IF(ISNUMBER(D19),"","N/A") -> N/A | F19: =IF(ISNUMBER(D19),D19*E19,"-") -> -
A20: K1.10 | B20: Particle size distribution by dry sieving | C20: nr | D20: Input as Required | E20: =IF(ISNUMBER(D20),"","N/A") -> N/A | F20: =IF(ISNUMBER(D20),D20*E20,"-") -> -
A21: K1.11 | B21: Sedimentation by pipette | C21: nr | D21: Not Required | E21: =IF(ISNUMBER(D21),"","N/A") -> N/A | F21: =IF(ISNUMBER(D21),D21*E21,"-") -> -
A22: K1.12 | B22: Sedimentation by hydrometer | C22: nr | D22: =IF(AND(ISNUMBER('[2]Section K'!$D$22),'[2]Section K'!$D$22>0),'[2]Section K'!$D$22,"Not Required") -> Not Required | E22: =IF(ISNUMBER(D22),"","N/A") -> N/A | F22: =IF(ISNUMBER(D22),D22*E22,"-") -> -
A23: K2 | B23: Chemical and electrochemical
A24: K2.1 | B24: Organic matter content | C24: nr | D24: Input as Required | E24: =IF(ISNUMBER(D24),"","N/A") -> N/A | F24: =IF(ISNUMBER(D24),D24*E24,"-") -> -
A25: K2.2 | B25: Mass loss on ignition | C25: nr | D25: Not Required | E25: =IF(ISNUMBER(D25),"","N/A") -> N/A | F25: =IF(ISNUMBER(D25),D25*E25,"-") -> -
A26: K2.3 | B26: Sulphate content of acid extract from soil | C26: nr | D26: Not Required | E26: =IF(ISNUMBER(D26),"","N/A") -> N/A | F26: =IF(ISNUMBER(D26),D26*E26,"-") -> -
A27: K2.4 | B27: Sulphate content of water extract from soil | C27: nr | D27: Input as Required | E27: =IF(ISNUMBER(D27),"","N/A") -> N/A | F27: =IF(ISNUMBER(D27),D27*E27,"-") -> -
A28: K2.5 | B28: Sulphate content of groundwater | C28: nr | D28: Not Required | E28: =IF(ISNUMBER(D28),"","N/A") -> N/A | F28: =IF(ISNUMBER(D28),D28*E28,"-") -> -
A29: K2.6 | B29: Carbonate content by rapid titration | C29: nr | D29: Not Required | E29: =IF(ISNUMBER(D29),"","N/A") -> N/A | F29: =IF(ISNUMBER(D29),D29*E29,"-") -> -
A30: K2.7 | B30: Carbonate content by gravimetric method | C30: nr | D30: Not Required | E30: =IF(ISNUMBER(D30),"","N/A") -> N/A | F30: =IF(ISNUMBER(D30),D30*E30,"-") -> -
A31: K2.8 | B31: Water soluble chloride content | C31: nr | D31: Input as Required | E31: =IF(ISNUMBER(D31),"","N/A") -> N/A | F31: =IF(ISNUMBER(D31),D31*E31,"-") -> -
A32: K2.9 | B32: Acid soluble chloride content | C32: nr | D32: Not Required | E32: =IF(ISNUMBER(D32),"","N/A") -> N/A | F32: =IF(ISNUMBER(D32),D32*E32,"-") -> -
A33: K2.10 | B33: Total sulphur content | C33: nr | D33: Not Required | E33: =IF(ISNUMBER(D33),"","N/A") -> N/A | F33: =IF(ISNUMBER(D33),D33*E33,"-") -> -
A34: K2.11 | B34: Total dissolved solids | C34: nr | D34: Not Required | E34: =IF(ISNUMBER(D34),"","N/A") -> N/A | F34: =IF(ISNUMBER(D34),D34*E34,"-") -> -
A35: K2.12 | B35: pH value | C35: nr | D35: Input as Required | E35: =IF(ISNUMBER(D35),"","N/A") -> N/A | F35: =IF(ISNUMBER(D35),D35*E35,"-") -> -
... A37: K2.14 | B37: Redox potential | C37: nr | D37: Not Required | E37: =IF(ISNUMBER(D37),"","N/A") -> N/A | F37: =IF(ISNUMBER(D37),D37*E37,"-") -> -
A38: K3 | B38: Compaction related
A39: K3.1 | B39: Dry density/moisture content relationship using 2.5 kg rammer | C39: nr | D39: Input as Required | E39: =IF(ISNUMBER(D39),"","N/A") -> N/A | F39: =IF(ISNUMBER(D39),D39*E39,"-") -> -
A40: K3.2 | B40: Dry density/moisture content relationship using 4.5 kg rammer | C40: nr | D40: Not Required | E40: =IF(ISNUMBER(D40),"","N/A") -> N/A | F40: =IF(ISNUMBER(D40),D40*E40,"-") -> -
A41: K3.3 | B41: Dry density/moisture content relationship using vibrating hammer | C41: nr | D41: Input as Required | E41: =IF(ISNUMBER(D41),"","N/A") -> N/A | F41: =IF(ISNUMBER(D41),D41*E41,"-") -> -
A42: K3.4 | B42: Extra over Items K3.1, K3.2 and K3.3 for use of CBR mould | C42: nr | D42: Not Required | E42: =IF(ISNUMBER(D42),"","N/A") -> N/A | F42: =IF(ISNUMBER(D42),D42*E42,"-") -> -
A43: K3.6 | B43: Moisture Condition Value at natural moisture content | C43: nr | D43: Input as Required | E43: =IF(ISNUMBER(D43),"","N/A") -> N/A | F43: =IF(ISNUMBER(D43),D43*E43,"-") -> -
A44: K3.7 | B44: Moisture Condition Value/moisture content relationship (five points) | C44: nr | D44: Input as Required | E44: =IF(ISNUMBER(D44),"","N/A") -> N/A | F44: =IF(ISNUMBER(D44),D44*E44,"-") -> -
A45: K3.8 | B45: Chalk crushing value | C45: nr | D45: Not Required | E45: =IF(ISNUMBER(D45),"","N/A") -> N/A | F45: =IF(ISNUMBER(D45),D45*E45,"-") -> -
A46: K3.9 | B46: California Bearing Ratio on re-compacted disturbed sample | C46: nr | D46: Not Required | E46: =IF(ISNUMBER(D46),"","N/A") -> N/A | F46: =IF(ISNUMBER(D46),D46*E46,"-") -> -
A47: K3.9.1 | B47: Extra over for recompacting a soil sample to a specified moisture content | C47: nr | D47: Not Required | E47: =IF(ISNUMBER(D47),"","N/A") -> N/A | F47: =IF(ISNUMBER(D47),D47*E47,"-") -> -
A48: K3.10 | B48: Extra over Item K3.9 for soaking | C48: day | D48: Not Required | E48: =IF(ISNUMBER(D48),"","N/A") -> N/A | F48: =IF(ISNUMBER(D48),D48*E48,"-") -> -
A49: K4 | B49: Compressibility, permeability and durability
A50: K4.1 | B50: One-dimensional consolidation properties, test period 5 days | C50: nr | D50: Input as Required | E50: =IF(ISNUMBER(D50),"","N/A") -> N/A | F50: =IF(ISNUMBER(D50),D50*E50,"-") -> -
A51: K4.2 | B51: Extra over Item K4.1 for test period in excess of 5 days | C51: day | D51: Not Required | E51: =IF(ISNUMBER(D51),"","N/A") -> N/A | F51: =IF(ISNUMBER(D51),D51*E51,"-") -> -
A52: K4.3 | B52: Measurements of swelling pressure, test period 2 days | C52: nr | D52: Not Required | E52: =IF(ISNUMBER(D52),"","N/A") -> N/A | F52: =IF(ISNUMBER(D52),D52*E52,"-") -> -
A53: K4.4 | B53: Measurement of swelling, test period 2 days | C53: nr | D53: Not Required | E53: =IF(ISNUMBER(D53),"","N/A") -> N/A | F53: =IF(ISNUMBER(D53),D53*E53,"-") -> -
A54: K4.5 | B54: Measurement of settlement on saturation, test period 1 day | C54: nr | D54: Not Required | E54: =IF(ISNUMBER(D54),"","N/A") -> N/A | F54: =IF(ISNUMBER(D54),D54*E54,"-") -> -
A55: K4.6 | B55: Extra over Items K4.3 to K4.5 for test period in excess of 2 or 1 day (s) | C55: day | D55: Not Required | E55: =IF(ISNUMBER(D55),"","N/A") -> N/A | F55: =IF(ISNUMBER(D55),D55*E55,"-") -> -
A56: K4.7 | B56: Permeability by constant head method | C56: nr | D56: Not Required | E56: =IF(ISNUMBER(D56),"","N/A") -> N/A | F56: =IF(ISNUMBER(D56),D56*E56,"-") -> -
A57: K4.8 | B57: Dispersibility by pinhole method | C57: nr | D57: Not Required | E57: =IF(ISNUMBER(D57),"","N/A") -> N/A | F57: =IF(ISNUMBER(D57),D57*E57,"-") -> -
A58: K4.9 | B58: Dispersibility by crumb method | C58: nr | D58: Not Required | E58: =IF(ISNUMBER(D58),"","N/A") -> N/A | F58: =IF(ISNUMBER(D58),D58*E58,"-") -> -
A59: K4.10 | B59: Dispersibility by dispersion method | C59: nr | D59: Not Required | E59: =IF(ISNUMBER(D59),"","N/A") -> N/A | F59: =IF(ISNUMBER(D59),D59*E59,"-") -> -
A60: K4.11 | B60: Frost heave of soil | C60: nr | D60: Not Required | E60: =IF(ISNUMBER(D60),"","N/A") -> N/A | F60: =IF(ISNUMBER(D60),D60*E60,"-") -> -
A61: K5 | B61: Consolidation and permeability in hydraulic cells | C61: nr | D61: Not Required | E61: =IF(ISNUMBER(D61),"","N/A") -> N/A | F61: =IF(ISNUMBER(D61),D61*E61,"-") -> -
... A75: K5.14 | B75: Extra over Item K5.13 for test period in excess of 4 days | C75: day | D75: Not Required | E75: =IF(ISNUMBER(D75),"","N/A") -> N/A | F75: =IF(ISNUMBER(D75),D75*E75,"-") -> -
A76: K6 | B76: Shear strength (total stress) | E76: =IF(ISNUMBER(D76),"","N/A") -> N/A
A77: K6.1 | B77: Shear strength by the laboratory vane method (set of 3) | C77: nr | D77: Not Required | E77: =IF(ISNUMBER(D77),"","N/A") -> N/A | F77: =IF(ISNUMBER(D77),D77*E77,"-") -> -
A78: K6.2 | B78: Shear strength by hand vane (set of 3) | C78: nr | D78: Not Required | E78: =IF(ISNUMBER(D78),"","N/A") -> N/A | F78: =IF(ISNUMBER(D78),D78*E78,"-") -> -
A79: K6.3 | B79: Shear strength by hand penetrometer (set of 3) | C79: nr | D79: Not Required | E79: =IF(ISNUMBER(D79),"","N/A") -> N/A | F79: =IF(ISNUMBER(D79),D79*E79,"-") -> -
A80: K6.4 | B80: Shear strength of a set of three 60mm × 60mm square specimens by direct shear, test duration not exceeding 1 day per specimen (Provisional) | C80: nr | D80: Input as Required | E80: =IF(ISNUMBER(D80),"","N/A") -> N/A | F80: =IF(ISNUMBER(D80),D80*E80,"-") -> -
A81: K6.5 | B81: Extra over Item K6.4 for test durations in excess of 1 day per specimen | C81: sp.day | D81: Not Required | E81: =IF(ISNUMBER(D81),"","N/A") -> N/A | F81: =IF(ISNUMBER(D81),D81*E81,"-") -> -
A82: K6.6 | B82: Shear strength of a single 300mm × 300mm square specimen by direct shear, test duration not exceeding 1 day | C82: nr | D82: Input as Required | E82: =IF(ISNUMBER(D82),"","N/A") -> N/A | F82: =IF(ISNUMBER(D82),D82*E82,"-") -> -
A83: K6.7 | B83: Extra over Item K6.6 for test durations in excess of 1 day | C83: day | D83: Not Required | E83: =IF(ISNUMBER(D83),"","N/A") -> N/A | F83: =IF(ISNUMBER(D83),D83*E83,"-") -> -
A84: K6.8 | B84: Residual shear strength of a set of three 60mm × 60mm square specimens by direct shear, test duration not exceeding 4 days per specimen | C84: nr | D84: Not Required | E84: =IF(ISNUMBER(D84),"","N/A") -> N/A | F84: =IF(ISNUMBER(D84),D84*E84,"-") -> -
A85: K6.9 | B85: Extra over Item K6.8 for test durations in excess of 4 days per specimen | C85: sp.day | D85: Not Required | E85: =IF(ISNUMBER(D85),"","N/A") -> N/A | F85: =IF(ISNUMBER(D85),D85*E85,"-") -> -
A86: K6.10 | B86: Residual shear strength of a 300mm square specimen by direct shear, test duration not exceeding 4 days | C86: nr | D86: Not Required | E86: =IF(ISNUMBER(D86),"","N/A") -> N/A | F86: =IF(ISNUMBER(D86),D86*E86,"-") -> -
A87: K6.11 | B87: Extra over Item K6. 10 for test duration in excess day of 4 days | C87: day | D87: Not Required | E87: =IF(ISNUMBER(D87),"","N/A") -> N/A | F87: =IF(ISNUMBER(D87),D87*E87,"-") -> -
A88: K6.12 | B88: Residual shear strength using the small ring shear apparatus at three normal pressures, test duration not exceeding 4 days | C88: nr | D88: Not Required | E88: =IF(ISNUMBER(D88),"","N/A") -> N/A | F88: =IF(ISNUMBER(D88),D88*E88,"-") -> -
... A93: K6.17 | B93: Undrained shear strength of a single 100mm diameter specimen in triaxial compression with multi-stage loading and without measurement of pore pressure | C93: nr | D93: Input as Required | E93: =IF(ISNUMBER(D93),"","N/A") -> N/A | F93: =IF(ISNUMBER(D93),D93*E93,"-") -> -
A94: K7 | B94: Shear strength (effective stress)
A95: K7.1 | B95: Consolidated undrained triaxial compression test with measurement of pore pressure (set of three 38mm specimens), test duration not exceeding 4 days per specimen | C95: nr | D95: Input as Required | E95: =IF(ISNUMBER(D95),"","N/A") -> N/A | F95: =IF(ISNUMBER(D95),D95*E95,"-") -> -
A96: K7.2 | B96: As K7.1 but single-stage or multi-stage test using 100mm diameter specimen | C96: nr | D96: Not Required | E96: =IF(ISNUMBER(D96),"","N/A") -> N/A | F96: =IF(ISNUMBER(D96),D96*E96,"-") -> -
A97: K7.3 | B97: Consolidated drained triaxial compression test with measurement of volume change (set of three 38mm specimens), test duration not exceeding 4 days per specimen | C97: nr | D97: Input as Required | E97: =IF(ISNUMBER(D97),"","N/A") -> N/A | F97: =IF(ISNUMBER(D97),D97*E97,"-") -> -
A98: K7.4 | B98: As Item K7.3 but single-stage or multi-stage test using 100mm diameter specimen, test duration not exceeding 4 days | C98: nr | D98: Not Required | E98: =IF(ISNUMBER(D98),"","N/A") -> N/A | F98: =IF(ISNUMBER(D98),D98*E98,"-") -> -
A99: K7.5 | B99: Extra over Items K7.1 and K7.3 for test duration in excess of 4 days per specimen | C99: sp.day | D99: Not Required | E99: =IF(ISNUMBER(D99),"","N/A") -> N/A | F99: =IF(ISNUMBER(D99),D99*E99,"-") -> -
A100: K7.6 | B100: Extra over Items K7.2 and K7.4 for test duration in excess of 4 days | C100: day | D100: Not Required | E100: =IF(ISNUMBER(D100),"","N/A") -> N/A | F100: =IF(ISNUMBER(D100),D100*E100,"-") -> -
A101: K8 | B101: Rock testing | E101: =IF(ISNUMBER(D101),"","N/A") -> N/A
A102: K8.1 | B102: Natural water content of rock sample | C102: nr | D102: Not Required | E102: =IF(ISNUMBER(D102),"","N/A") -> N/A | F102: =IF(ISNUMBER(D102),D102*E102,"-") -> -
A103: K8.2 | B103: Porosity/density using saturation and calliper techniques | C103: nr | D103: Not Required | E103: =IF(ISNUMBER(D103),"","N/A") -> N/A | F103: =IF(ISNUMBER(D103),D103*E103,"-") -> -
A104: K8.3 | B104: Porosity/density using saturation and buoyancy | C104: nr | D104: Not Required | E104: =IF(ISNUMBER(D104),"","N/A") -> N/A | F104: =IF(ISNUMBER(D104),D104*E104,"-") -> -
A105: K8.4 | B105: Slake durability index | C105: nr | D105: Not Required | E105: =IF(ISNUMBER(D105),"","N/A") -> N/A | F105: =IF(ISNUMBER(D105),D105*E105,"-") -> -
A106: K8.5 | B106: Soundness by magnesium sulphate | C106: nr | D106: Not Required | E106: =IF(ISNUMBER(D106),"","N/A") -> N/A | F106: =IF(ISNUMBER(D106),D106*E106,"-") -> -
A107: K8.6 | B107: Magnesium sulphate test | C107: nr | D107: Not Required | E107: =IF(ISNUMBER(D107),"","N/A") -> N/A | F107: =IF(ISNUMBER(D107),D107*E107,"-") -> -
A108: K8.7 | B108: Shore scleroscope | C108: nr | D108: Not Required | E108: =IF(ISNUMBER(D108),"","N/A") -> N/A | F108: =IF(ISNUMBER(D108),D108*E108,"-") -> -
A109: K8.8 | B109: Schmidt rebound hardness | C109: nr | D109: Not Required | E109: =IF(ISNUMBER(D109),"","N/A") -> N/A | F109: =IF(ISNUMBER(D109),D109*E109,"-") -> -
A110: K8.9 | B110: Resistance to fragmentation | C110: nr | D110: Not Required | E110: =IF(ISNUMBER(D110),"","N/A") -> N/A | F110: =IF(ISNUMBER(D110),D110*E110,"-") -> -
A111: K8.10 | B111: Aggregate abrasion value | C111: nr | D111: Not Required | E111: =IF(ISNUMBER(D111),"","N/A") -> N/A | F111: =IF(ISNUMBER(D111),D111*E111,"-") -> -
A112: K8.11 | B112: Polished stone value | C112: nr | D112: Not Required | E112: =IF(ISNUMBER(D112),"","N/A") -> N/A | F112: =IF(ISNUMBER(D112),D112*E112,"-") -> -
A113: K8.12 | B113: Aggregate frost heave | C113: nr | D113: Not Required | E113: =IF(ISNUMBER(D113),"","N/A") -> N/A | F113: =IF(ISNUMBER(D113),D113*E113,"-") -> -
... A122: K8.21 | B122: Direct shear strength of single specimen | C122: nr | D122: Not Required | E122: =IF(ISNUMBER(D122),"","N/A") -> N/A | F122: =IF(ISNUMBER(D122),D122*E122,"-") -> -
B123: Special tests on rock core or trial pit samples to assess potential for pyrite induced expansion or swelling | E123: =IF(ISNUMBER(D123),"","N/A") -> N/A
A124: K9.1 | B124: Geological classification / simplified petrography on rock core or bulk samples to IS EN 933 ( by Professional Geologist) | C124: nr | D124: Not Required | E124: =IF(ISNUMBER(D124),"","N/A") -> N/A | F124: =IF(ISNUMBER(D124),D124*E124,"-") -> -
A125: K9.2 | B125: Chemical analysis on rock core or bulk sample (test methods to TRL 447 and test suite to include Total Sulphur, Acid Soluble Sulphate & Water Soluble Sulphate and derivation of Oxidisable Sulphide & Equivalent Pyrite Content) | C125: nr | D125: Not Required | E125: =IF(ISNUMBER(D125),"","N/A") -> N/A | F125: =IF(ISNUMBER(D125),D125*E125,"-") -> -
A126: K9.3 | B126: Thin section petrography and XRD analysis on rock core or bulk sample. Analysis to be carried out by Professional Geologist or experienced Petrographer competant in evaluating potential for pyrite induced swelling. Note the rate should include for thin section preparation and XRD analysis on one lithology. | C126: nr | D126: Not Required | E126: =IF(ISNUMBER(D126),"","N/A") -> N/A | F126: =IF(ISNUMBER(D126),D126*E126,"-") -> -
B127: Total Section K carried to summary: | F127: =SUM(F11:F126) -> 0

Sheet Section L
A7: Number | B7: Item description | C7: Unit | D7: Quantity | E7: Rate | F7: Amount
E8: € | F8: €
A9: L | B9: Geoenvironmental laboratory testing
B10: Contamination testing of soil, groundwater, gas and fill material)
A11: L.1 | B11: Tests Suite E | C11: nr | D11: =IF(AND(ISNUMBER('[2]Section L'!$D$11),'[2]Section L'!$D$11>0),'[2]Section L'!$D$11,"Not Required") -> #VALUE! | F11: =IF(ISNUMBER(D11),D11*E11,"-") -> -
A12: L.2 | B12: Tests Suite F | C12: nr | D12: Not Required | E12: =IF(ISNUMBER(D12),"","N/A") -> N/A | F12: =IF(ISNUMBER(D12),D12*E12,"-") -> -
A13: L.3 | B13: Tests Suite G | C13: nr | D13: Not Required | E13: =IF(ISNUMBER(D13),"","N/A") -> N/A | F13: =IF(ISNUMBER(D13),D13*E13,"-") -> -
A14: L.4 | B14: Tests Suite H | C14: nr | D14: Not Required | E14: =IF(ISNUMBER(D14),"","N/A") -> N/A | F14: =IF(ISNUMBER(D14),D14*E14,"-") -> -
A15: L.5 | B15: Tests Suite I | C15: nr | D15: =IF(AND(ISNUMBER('[2]Section L'!$D$15),'[2]Section L'!$D$15>0),'[2]Section L'!$D$15,"Not Required") -> #VALUE! | F15: =IF(ISNUMBER(D15),D15*E15,"-") -> -
A16: L.6 | B16: Tests Suite J | C16: nr | D16: Not Required | E16: =IF(ISNUMBER(D16),"","N/A") -> N/A | F16: =IF(ISNUMBER(D16),D16*E16,"-") -> -
A17: L.7 | B17: Tests Suite K | C17: nr | D17: Not Required | E17: =IF(ISNUMBER(D17),"","N/A") -> N/A | F17: =IF(ISNUMBER(D17),D17*E17,"-") -> -
B18: Total Section L carried to summary: | F18: =SUM(F11:F17) -> 0

Sheet Summary
A7: Summary of Bill of Quantities
C8: €
A9: A. | B9: General items, provisional services and additional items | C9: ='Section A'!F72 -> 0
A10: B. | B10: Percussion boring | C10: ='Section B'!F45 -> #VALUE!
A11: C. | B11: Rotary drilling | C11: ='Section C'!F113 -> #VALUE!
A12: D. | B12: Pitting and trenching | C12: ='Section D'!F75 -> #VALUE!
A13: E. | B13: Sampling and monitoring during intrusive investigation | C13: ='Section E'!F33 -> #VALUE!
A14: F. | B14: Probing and cone penetration testing | C14: ='Section F'!F34 -> #VALUE!
A15: G. | B15: Geophysical testing | C15: ='Section G'!F25 -> 0
A16: H. | B16: In situ testing | C16: ='Section H'!F69 -> 0
A17: I. | B17: Instrumentation | C17: ='Section I'!F49 -> 0
A18: J. | B18: Installation monitoring and sampling | C18: ='Section J'!F37 -> 0
A19: K. | B19: Geotechnical laboratory testing | C19: ='Section K'!F127 -> 0
A20: L. | B20: Geoenvironmental laboratory testing | C20: ='Section L'!F18 -> 0
B21: Total Tender | C21: =SUM(C9:C20) -> #VALUE!

Sheet Appendices
A7: Appendix A. Rates for Ground Practitioners and other Personnel
A9: Item | B9: Item description | C9: Unit | D9: Rate
D10: €
A11: 1 | B11: Technician | C11: h
A12: 2 | B12: Engineer / Geologist | C12: h
A13: 3 | B13: Chartered Engineer / Professional Geologist | C13: h
A14: 4 | B14: Chartered Engineer / Professional Geologist (10 years’ experience post charter) | C14: h
A15: 5 | B15: Chartered Engineer / Professional Geologist (20 years’ experience post charter) | C15: h
A16: 6 | B16: Expenses incurred by staff on site visits or who are resident by agreement with the Investigation Supervisor | C16: day
A17: 7 | B17: Rate per kilometre from Contractor's premises and return for Items 1 and 2 | C17: km
A18: 8 | B18: As above but for items 3, 4 and 5 | C18: km
A19: 9 | B19: All other expenses incurred in conjunction with a site visit where a return journey is made on the same day for Items 1 and 2 | C19: visit
A20: 10 | B20: As above but for items 3, 4 and 5 | C20: visit
A21: 11 | B21: All other expenses incurred in connection with visit where an overnight stay is necessary for Items 1and 2 | C21: overnight
A22: 12 | B22: As above but for Items 3, 4, and 5 | C22: overnight
A25: Appendix B. Long-term sample storage
A27: Item | B27: Item description | C27: Unit | D27: Rate/month
D28: €
A29: Geotechnical samples
A30: 1 | B30: Cable percussive borehole or dynamic sample | C30: nr
A31: 2 | B31: Rotary drilling core (core box) | C31: nr
A32: 3 | B32: Rotary drilling core sub-sample | C32: nr
A33: 4 | B33: Bulk sample | C33: nr
A34: 5 | B34: Large bulk sample | C34: nr
A35: 6 | B35: Open-tube samples (thick-wall sampler) | C35: nr
A36: 7 | B36: Open-tube samples (thin-wall sampler) | C36: nr
A37: 8 | B37: Piston sample | C37: nr
A38: 9 | B38: Groundwater sample | C38: nr
A39: 10 | B39: Hardcore aggregate bulk sample (not including drying at 40 degrees) | C39: nr
A40: Contamination samples
A41: 13 | B41: Soil sample in plastic tub | C41: nr
A42: 14 | B42: Soil sample in glass jar | C42: nr
A43: 15 | B43: Groundwater sample | C43: nr
A44: 16 | B44: Gas sample | C44: nr
A45: Where samples comprise more than one container, the rate entered shall be per container.
