Workbook
Name cellx: #REF!
Name cellx: 'Section H'!$E$73
Name TOTAL_A: #REF!
Name TOTAL_A: 'Section A'!$F$72
Name TOTAL_A: 'Section A'!$F$72
Name TOTAL_B: #REF!
Name TOTAL_B: 'Section B'!$F$45
Name TOTAL_B: 'Section B'!$F$45
Name TOTAL_C: #REF!
Name TOTAL_C: 'Section C'!$F$113
Name TOTAL_C: 'Section C'!$F$113
Name TOTAL_D: #REF!
Name TOTAL_D: 'Section D'!$F$75
Name TOTAL_D: 'Section D'!$F$75
Name TOTAL_E: #REF!
Name TOTAL_E: 'Section E'!$F$33
Name TOTAL_E: 'Section E'!$F$33
Name TOTAL_F: #REF!
Name TOTAL_F: 'Section F'!$F$34
Name TOTAL_F: 'Section F'!$F$34
Name TOTAL_G: #REF!
Name TOTAL_G: 'Section G'!$F$25
Name TOTAL_G: 'Section G'!$F$25
Name TOTAL_H: #REF!
Name TOTAL_H: 'Section H'!$F$68
Name TOTAL_H: 'Section H'!$F$68
Name TOTAL_I: #REF!
Name TOTAL_I: 'Section I'!$F$49
Name TOTAL_I: 'Section I'!$F$49
Name TOTAL_J: #REF!
Name TOTAL_J: 'Section J'!$F$37
Name TOTAL_J: 'Section J'!$F$37
Name TOTAL_K: #REF!
Name TOTAL_K: 'Section K'!$F$127
Name TOTAL_K: 'Section K'!$F$127
Name TOTAL_L: #REF!
Name TOTAL_L: 'Section L'!$F$17
Name TOTAL_L: 'Section L'!$F$17

Sheet Section A
A7: Number | B7: Item description | C7: Unit | D7: Quantity | E7: Rate | F7: Amount
E8: € | F8: €
A9: A | B9: General items, provisional services and additional items
A10: A1 | B10: Offices and stores for the Contractor | C10: sum | D10: N/A | E10: N/A | F10: =IF(ISNUMBER(SEARCH("incl",$D10)),"-",IF(ISNUMBER(SEARCH("not r",$D10)),"-",IF(C10="sum","",$D10*$E10)))
A11: A2 | B11: Establish on site all plant, equipment and services for a Green Category site | C11: sum | D11: N/A | E11: N/A | F11: =IF(ISNUMBER(SEARCH("incl",$D11)),"-",IF(ISNUMBER(SEARCH("not r",$D11)),"-",IF(C11="sum","",$D11*$E11)))
A12: A2.1 | B12: Establish on site cable percussion ('shell l auger') boring plant and equipment for a Green Category site | C12: sum | D12: N/A | E12: N/A | F12: =IF(ISNUMBER(SEARCH("incl",$D12)),"-",IF(ISNUMBER(SEARCH("not r",$D12)),"-",IF(C12="sum","",$D12*$E12)))
A13: A2.2 | B13: Establish on site rotary drilling plant and equipment for a Green Category site | C13: sum | D13: N/A | E13: N/A | F13: =IF(ISNUMBER(SEARCH("incl",$D13)),"-",IF(ISNUMBER(SEARCH("not r",$D13)),"-",IF(C13="sum","",$D13*$E13)))
A14: A2.3 | B14: Establish on site Geobor S rotary drilling plant and equipment for a Green Category site (PROVISIONAL) | C14: sum | D14: Not Required | E14: N/A | F14: =IF(ISNUMBER(SEARCH("incl",$D14)),"-",IF(ISNUMBER(SEARCH("not r",$D14)),"-",IF(C14="sum","",$D14*$E14))) -> -
A15: A2.4 | B15: Establish on site trial pitting and trenching plant and equipment for a Green Category site | C15: sum | D15: N/A | E15: N/A | F15: =IF(ISNUMBER(SEARCH("incl",$D15)),"-",IF(ISNUMBER(SEARCH("not r",$D15)),"-",IF(C15="sum","",$D15*$E15)))
A16: A2.5 | B16: Establish on site in situ test and sampling equipment for a Green Category site | C16: sum | D16: N/A | E16: N/A | F16: =IF(ISNUMBER(SEARCH("incl",$D16)),"-",IF(ISNUMBER(SEARCH("not r",$D16)),"-",IF(C16="sum","",$D16*$E16)))
A17: A2.6 | B17: Establish on site cone penetration testing (CPT) plant and equipment for a Green Category site | C17: sum | D17: Not Required | E17: N/A | F17: =IF(ISNUMBER(SEARCH("incl",$D17)),"-",IF(ISNUMBER(SEARCH("not r",$D17)),"-",IF(C17="sum","",$D17*$E17))) -> -
A18: A2.7 | B18: Establish on site dynamic sampling and probing plant and equipment for a Green Category site | C18: sum | D18: N/A | E18: N/A | F18: =IF(ISNUMBER(SEARCH("incl",$D18)),"-",IF(ISNUMBER(SEARCH("not r",$D18)),"-",IF(C18="sum","",$D18*$E18)))
A19: A2.8 | B19: Establish on site geophysical survey equipment for a Green Category site | C19: sum | D19: Not Required | E19: N/A | F19: =IF(ISNUMBER(SEARCH("incl",$D19)),"-",IF(ISNUMBER(SEARCH("not r",$D19)),"-",IF(C19="sum","",$D19*$E19))) -> -
A20: A2.9 | B20: Establish on site instrumentation equipment as required for a Green Category site | C20: sum | D20: N/A | E20: N/A | F20: =IF(ISNUMBER(SEARCH("incl",$D20)),"-",IF(ISNUMBER(SEARCH("not r",$D20)),"-",IF(C20="sum","",$D20*$E20)))
A21: A3.1 | B21: Extra over item A2.1 - A2.9 for a yellow category site (Provisional) | C21: sum | D21: Not Required | E21: N/A | F21: =IF(ISNUMBER(SEARCH("incl",$D21)),"-",IF(ISNUMBER(SEARCH("not r",$D21)),"-",IF(C21="sum","",$D21*$E21))) -> -
... A26: A5.2 | B26: Decontamination of equipment during and at end of intrusive investigation for a Red Category site | C26: sum | D26: Not Required | E26: N/A | F26: =IF(ISNUMBER(SEARCH("incl",$D26)),"-",IF(ISNUMBER(SEARCH("not r",$D26)),"-",IF(C26="sum","",$D26*$E26))) -> -
A27: A6 | B27: Appropriate storage, transport and off-site disposal of excess contaminated arising’s from borehole, trial pit or slit trench to EPA regulated landfill site (includes any PPE equipment but excludes laboratory testing on suspected contaminated materials). Note item to be remeasured with delivery dockets and records maintained by the Contractor [PROVISIONAL] | C27: Provisional sum | D27: N/A | E27: N/A | F27: 1500
A28: A6.1 | B28: Contractor's uplift on Item A6 | C28: % | E28: N/A | F28: =F27*D28 -> 0 | G28: formula works | L28: =IF(OR(D28="not*",D28="*Incl*"),"-","") | M28: =IF(ISNUMBER(SEARCH("incl",$D28)),"-",IF(ISNUMBER(SEARCH("not r",$D28)),"-",$D28*$E28)) -> #VALUE!
A29: A7 | B29: Provide professional attendance to meet the contract requirements | C29: sum | D29: N/A | E29: N/A | F29: =IF(ISNUMBER(SEARCH("incl",$D29)),"-",IF(ISNUMBER(SEARCH("not r",$D29)),"-",IF(C29="sum","",$D29*$E29)))
A30: A7.1 | B30: Provide Technician | C30: per day | D30: Included in A7 | E30: N/A | F30: =IF(ISNUMBER(SEARCH("incl",$D30)),"-",IF(ISNUMBER(SEARCH("not r",$D30)),"-",IF(C30="sum","",$D30*$E30))) -> -
A31: A7.2 | B31: Provide Engineer / Geologist (as per item 2.3 of Specification) | C31: per day | D31: Included in A7 | E31: N/A | F31: =IF(ISNUMBER(SEARCH("incl",$D31)),"-",IF(ISNUMBER(SEARCH("not r",$D31)),"-",IF(C31="sum","",$D31*$E31))) -> -
A32: A7.3 | B32: Provide Chartered Engineer / Professional Geologist (as item 2.3 of Specification) | C32: per day | D32: Included in A7 | E32: N/A | F32: =IF(ISNUMBER(SEARCH("incl",$D32)),"-",IF(ISNUMBER(SEARCH("not r",$D32)),"-",IF(C32="sum","",$D32*$E32))) -> -
A33: A7.4 | B33: Provide Chartered Engineer / Professional Geologist (+10 years experience post charter) | C33: per day | D33: Included in A7 | E33: N/A | F33: =IF(ISNUMBER(SEARCH("incl",$D33)),"-",IF(ISNUMBER(SEARCH("not r",$D33)),"-",IF(C33="sum","",$D33*$E33))) -> -
A34: A7.5 | B34: Provide Chartered Engineer / Professional Geologist (+20 years experience post charter) | C34: per day | D34: Included in A7 | E34: N/A | F34: =IF(ISNUMBER(SEARCH("incl",$D34)),"-",IF(ISNUMBER(SEARCH("not r",$D34)),"-",IF(C34="sum","",$D34*$E34))) -> - | J34: CP only | K34: RC follow on + only | L34: TP
A35: A8 | B35: Set out the location at each exploratory hole or point | C35: Nr | D35: =G35 -> 0 | F35: =IF(ISNUMBER(SEARCH("incl",$D35)),"-",IF(ISNUMBER(SEARCH("not r",$D35)),"-",IF(C35="sum","",$D35*$E35))) -> 0 | G35: =SUM(J35:L35) -> 0 | J35: ='Section B'!H11+'Section B'!H12 -> 0 | K35: ='Section C'!H29+'Section C'!H31 -> 1 | L35: ='Section D'!H15 -> -1
A36: A8.1 | B36: Establish the location and elevation (X, Y, Z) of the ground at each 'as-built' exploratory hole or point | C36: nr | D36: =D35 -> 0 | F36: =IF(ISNUMBER(SEARCH("incl",$D36)),"-",IF(ISNUMBER(SEARCH("not r",$D36)),"-",IF(C36="sum","",$D36*$E36))) -> 0 | G36: =G35 -> 0
A37: A9 | B37: Preparation of Health and Safety documentation and Safety Risk Assessment | C37: sum | D37: N/A | E37: N/A | F37: =IF(ISNUMBER(SEARCH("incl",$D37)),"-",IF(ISNUMBER(SEARCH("not r",$D37)),"-",IF(C37="sum","",$D37*$E37)))
A38: A10 | B38: Facilities for the Investigation Supervisor | C38: per week | D38: Not Required | E38: N/A | F38: =IF(ISNUMBER(SEARCH("incl",$D38)),"-",IF(ISNUMBER(SEARCH("not r",$D38)),"-",IF(C38="sum","",$D38*$E38))) -> - | G38: Not full time sup
A39: A11 | B39: Vehicle(s) for the Investigation Supervisor | C39: vehicle wk | D39: Not Required | E39: N/A | F39: =IF(ISNUMBER(SEARCH("incl",$D39)),"-",IF(ISNUMBER(SEARCH("not r",$D39)),"-",IF(C39="sum","",$D39*$E39))) -> -
A40: A11.1 | B40: Provision of fuel and tolls for A11 (to be reimbursed under the contract) | C40: provisional sum | D40: Not Required | E40: N/A | F40: =IF(ISNUMBER(SEARCH("incl",$D40)),"-",IF(ISNUMBER(SEARCH("not r",$D40)),"-",IF(C40="sum","",$D40*$E40))) -> -
A41: A11.2 | B41: Contractors uplift on item A11 and A11.1 | C41: % uplift | D41: Not Required | E41: N/A | F41: =IF(ISNUMBER(SEARCH("incl",$D41)),"-",IF(ISNUMBER(SEARCH("not r",$D41)),"-",IF(C41="sum","",$D41*$E41))) -> -
A42: A12 | B42: Provision of phone and internet for the Investigation Supervisor (to be reimbursed under the contract) | C42: provisional sum | D42: Not Required | E42: N/A | F42: =IF(ISNUMBER(SEARCH("incl",$D42)),"-",IF(ISNUMBER(SEARCH("not r",$D42)),"-",IF(C42="sum","",$D42*$E42))) -> -
A43: A12.1 | B43: Contractors Uplift on item A12 | C43: % uplift | D43: Not Required | E43: N/A | F43: =IF(ISNUMBER(SEARCH("incl",$D43)),"-",IF(ISNUMBER(SEARCH("not r",$D43)),"-",IF(C43="sum","",$D43*$E43))) -> -
A44: A13 | B44: Deliver selected cores and samples specified Client address (address to be advised) | C44: provisional sum | D44: Not Required | E44: N/A | F44: =IF(ISNUMBER(SEARCH("incl",$D44)),"-",IF(ISNUMBER(SEARCH("not r",$D44)),"-",IF(C44="sum","",$D44*$E44))) -> -
A45: A14 | B45: Special additional testing and sampling required by Investigation Supervisor | C45: provisional sum | D45: Not Required | E45: N/A | F45: =IF(ISNUMBER(SEARCH("incl",$D45)),"-",IF(ISNUMBER(SEARCH("not r",$D45)),"-",IF(C45="sum","",$D45*$E45))) -> -
A46: A15 | B46: Traffic safety and management to include preparation of traffic management drawings for investigations on roads or pavement areas | C46: sum | D46: N/A | E46: N/A | F46: =IF(ISNUMBER(SEARCH("incl",$D46)),"-",IF(ISNUMBER(SEARCH("not r",$D46)),"-",IF(C46="sum","",$D46*$E46)))
A47: A16 | B47: Provision of road opening licences and road damage bonds | C47: sum | D47: Not Required | E47: N/A | F47: =IF(ISNUMBER(SEARCH("incl",$D47)),"-",IF(ISNUMBER(SEARCH("not r",$D47)),"-",IF(C47="sum","",$D47*$E47))) -> -
A48: A17 | B48: Contractors uplift on items A15 and A16 | C48: % uplift | D48: Not Required | E48: N/A | F48: =IF(ISNUMBER(SEARCH("incl",$D48)),"-",IF(ISNUMBER(SEARCH("not r",$D48)),"-",IF(C48="sum","",$D48*$E48))) -> -
A49: A18 | B49: One master copy of Desk Study Report | C49: sum | D49: Not Required | E49: N/A | F49: =IF(ISNUMBER(SEARCH("incl",$D49)),"-",IF(ISNUMBER(SEARCH("not r",$D49)),"-",IF(C49="sum","",$D49*$E49))) -> -
A50: A18.1 | B50: Additional hard copy of Desk Study Report | C50: nr | D50: Not Required | E50: N/A | F50: =IF(ISNUMBER(SEARCH("incl",$D50)),"-",IF(ISNUMBER(SEARCH("not r",$D50)),"-",IF(C50="sum","",$D50*$E50))) -> -
... A52: A19 | B52: One master copy of the Ground Investigation Report (Factual) | C52: sum | D52: N/A | E52: N/A | F52: =IF(ISNUMBER(SEARCH("incl",$D52)),"-",IF(ISNUMBER(SEARCH("not r",$D52)),"-",IF(C52="sum","",$D52*$E52)))
A53: A19.1 | B53: Additional copy of the Ground Investigation Report (Factual) | C53: nr | D53: =G53 -> 2 | F53: =IF(ISNUMBER(SEARCH("incl",$D53)),"-",IF(ISNUMBER(SEARCH("not r",$D53)),"-",IF(C53="sum","",$D53*$E53))) -> 0 | G53: 2 | H53: 1 client + 1 atkins other prints from PDF | L53: IF more than one copy, to be included here (or everything to be provided to Client, future contractors etc on PDF?
A54: A19.2 | B54: Electronic copy of Ground Investigation Report | C54: sum | D54: N/A | E54: N/A | F54: =IF(ISNUMBER(SEARCH("incl",$D54)),"-",IF(ISNUMBER(SEARCH("not r",$D54)),"-",IF(C54="sum","",$D54*$E54)))
A55: A20 | B55: One master copy of Geophysical Report | C55: sum | D55: Not Required | E55: N/A | F55: =IF(ISNUMBER(SEARCH("incl",$D55)),"-",IF(ISNUMBER(SEARCH("not r",$D55)),"-",IF(C55="sum","",$D55*$E55))) -> -
A56: A20.1 | B56: Additional hard copy of Geophysical Report | C56: nr | D56: Not Required | E56: N/A | F56: =IF(ISNUMBER(SEARCH("incl",$D56)),"-",IF(ISNUMBER(SEARCH("not r",$D56)),"-",IF(C56="sum","",$D56*$E56))) -> -
A57: A20.2 | B57: Electronic copy of Geophysical Report (PDF) | C57: sum | D57: Not Required | E57: N/A | F57: =IF(ISNUMBER(SEARCH("incl",$D57)),"-",IF(ISNUMBER(SEARCH("not r",$D57)),"-",IF(C57="sum","",$D57*$E57))) -> -
A58: A21 | B58: One master copy of Geotechnical Interpretive Report | C58: sum | D58: N/A | E58: N/A | F58: =IF(ISNUMBER(SEARCH("incl",$D58)),"-",IF(ISNUMBER(SEARCH("not r",$D58)),"-",IF(C58="sum","",$D58*$E58))) | I58: Assumed none needed? IF a GIR is required, need to discuss pros/cons of GIR by the contractor or atkins
A59: A21.1 | B59: Additional copy of Geotechnical Interpretive Report | C59: nr | D59: 2 | F59: =IF(ISNUMBER(SEARCH("incl",$D59)),"-",IF(ISNUMBER(SEARCH("not r",$D59)),"-",IF(C59="sum","",$D59*$E59))) -> 0
A60: A21.2 | B60: Electronic copy of Geotechnical Interpretive Report | C60: sum | D60: N/A | E60: N/A | F60: =IF(ISNUMBER(SEARCH("incl",$D60)),"-",IF(ISNUMBER(SEARCH("not r",$D60)),"-",IF(C60="sum","",$D60*$E60)))
A61: A22 | B61: Digital field/engineering logs in AGS transfer format | C61: sum | D61: N/A | E61: N/A | F61: =IF(ISNUMBER(SEARCH("incl",$D61)),"-",IF(ISNUMBER(SEARCH("not r",$D61)),"-",IF(C61="sum","",$D61*$E61)))
A62: A23 | B62: Digital laboratory test data in AGS transfer files | C62: sum | D62: N/A | E62: N/A | F62: =IF(ISNUMBER(SEARCH("incl",$D62)),"-",IF(ISNUMBER(SEARCH("not r",$D62)),"-",IF(C62="sum","",$D62*$E62))) | J62: Rot BH No | K62: photo/BH | L62: No core photos | M62: TP | N62: Phot/TP | O62: No TP photos | P62: Holes | Q62: photo before after | R62: locations | S62: Total
A63: A24 | B63: Digital copy of trial pit, slit trench or core photographs | C63: nr | D63: =ROUNDUP(G63,-1) -> -10 | F63: =IF(ISNUMBER(SEARCH("incl",$D63)),"-",IF(ISNUMBER(SEARCH("not r",$D63)),"-",IF(C63="sum","",$D63*$E63))) -> 0 | G63: =L63+O63+R63 -> -1 | J63: =K35 -> 1 | K63: 3 | L63: =J63*K63 -> 3 | M63: =L35 -> -1 | N63: 4 | O63: =M63*N63 -> -4 | P63: =J35+K35+L35 -> 0 | Q63: 2 | R63: =P63*Q63 -> 0 | S63: =L63+O63+R63 -> -1
A64: A25 | B64: Storage of all samples following completion of fieldworks | C64: wk | D64: 4 | F64: =IF(ISNUMBER(SEARCH("incl",$D64)),"-",IF(ISNUMBER(SEARCH("not r",$D64)),"-",IF(C64="sum","",$D64*$E64))) -> 0 | I64: contract reqt
A65: A26 | B65: Storage of core boxes following completion of fieldworks | C65: wk | D65: Not Required | E65: N/A | F65: =IF(ISNUMBER(SEARCH("incl",$D65)),"-",IF(ISNUMBER(SEARCH("not r",$D65)),"-",IF(C65="sum","",$D65*$E65))) -> -
A66: A27 | B66: Provision of water supply for the fieldworks | C66: sum | D66: included in A2 | E66: N/A | F66: =IF(ISNUMBER(SEARCH("incl",$D66)),"-",IF(ISNUMBER(SEARCH("not r",$D66)),"-",IF(C66="sum","",$D66*$E66))) -> -
A67: A28 | B67: Provision of Insurances | C67: sum | D67: N/A | E67: N/A | F67: =IF(ISNUMBER(SEARCH("incl",$D67)),"-",IF(ISNUMBER(SEARCH("not r",$D67)),"-",IF(C67="sum","",$D67*$E67)))
A68: A29 | B68: Provision of Performance Bond | C68: sum | D68: Not Required | E68: N/A | F68: =IF(ISNUMBER(SEARCH("incl",$D68)),"-",IF(ISNUMBER(SEARCH("not r",$D68)),"-",IF(C68="sum","",$D68*$E68))) -> -
A69: A30 | B69: Perform the role of PSCS | C69: sum | D69: N/A | E69: N/A | F69: =IF(ISNUMBER(SEARCH("incl",$D69)),"-",IF(ISNUMBER(SEARCH("not r",$D69)),"-",IF(C69="sum","",$D69*$E69)))
A70: A31 | B70: Contractor liaison with external bodies to obtain road opening licence, foreshore licence for marine investigations etc. (specify) | C70: sum | D70: Not Required | E70: N/A | F70: =IF(ISNUMBER(SEARCH("incl",$D70)),"-",IF(ISNUMBER(SEARCH("not r",$D70)),"-",IF(C70="sum","",$D70*$E70))) -> -
A71: Additional Items | D71: Not Required | E71: N/A | F71: =IF(ISNUMBER(SEARCH("incl",$D71)),"-",IF(ISNUMBER(SEARCH("not r",$D71)),"-",IF(C71="sum","",$D71*$E71))) -> -
A72: Total Section A carried to summary: | F72: =SUM(F10:F70) -> 1500

Sheet Section B
J1: Open Hole
I2: CALC | J2: NEW | K2: ='Log Schedule'!A2 -> BH 1 | L2: ='Log Schedule'!A3 -> BH 2 | M2: ='Log Schedule'!A4 -> 0 | N2: ='Log Schedule'!A5 -> 0
I3: 10 | J3: BH (m) | K3: ='Log Schedule'!C2 -> 19
I4: 5 | J4: CP (m) | K4: ='Log Schedule'!F2 -> 8
J5: Rot | K5: =K3-K4 -> 11 | L5: =L3-L4 -> 0 | M5: =M3-M4 -> 0 | N5: =N3-N4 -> 0 | O5: =O3-O4 -> 0 | P5: =P3-P4 -> 0 | Q5: =Q3-Q4 -> 0 | R5: =R3-R4 -> 0 | ... AW5: =AW3-AW4 -> 0
J6: CRASH BARRIER | K6: 0 | L6: 0 | M6: 0 | N6: 0 | O6: 0 | P6: 0 | Q6: 0 | R6: 0 | S6: 0 | T6: 0 | U6: 0 | V6: 0 | W6: 0 | X6: 0 | Y6: 0 | Z6: 0 | AA6: 0 | AB6: 0 | AC6: 0 | AD6: 0 | AE6: 0 | AF6: 0 | AG6: 0 | AH6: 0 | AI6: 0 | AJ6: 0 | AK6: 0 | AL6: 0 | AM6: 0 | AN6: 0 | AO6: 0 | AP6: 0 | AQ6: 0 | AR6: 0 | AS6: 0 | AT6: 0 | AU6: 0 | AV6: 0 | AW6: 0
A7: Number | B7: Item description | C7: Unit | D7: Quantity | E7: Rate | F7: Amount | H7: Totals | J7: Paved Area
E8: € | F8: € | J8: verge
A9: B | B9: Cable Percussion Boring (cable tool or percussive boring using minimum of 200mm diameter casing)
A10: B1 | B10: Move boring plant and equipment to the site of each exploratory hole and set up (cable percussive only) | C10: Refer to items B1.1 and B1.2 | D10: Refer to items B1.1 and B1.2 | E10: N/A | F10: =IF(ISNUMBER(SEARCH("incl",$D10)),"-",IF(ISNUMBER(SEARCH("not r",$D10)),"-",IF(ISNUMBER(SEARCH("refer",$D10)),"-",IF(C10="sum","",$D10*$E10)))) -> - | H10: =SUM(K10:AU10) -> 0
A11: B1.1.1 | B11: Move boring plant and equipment to the site of each exploratory hole, set up, dismantle on completion and reinstate (cable percussive only) | C11: nr | D11: 25 | F11: =IF(ISNUMBER(SEARCH("incl",$D11)),"-",IF(ISNUMBER(SEARCH("not r",$D11)),"-",IF(ISNUMBER(SEARCH("refer",$D11)),"-",IF(C11="sum","",$D11*$E11)))) -> 0 | H11: =SUM(K11:AU11) -> 0 | I11: added item & includes reinstatement check preamble | K11: =IF(K$3>0,IF(K$5>0,0,IF(K$6=0,1,0)),0) -> 0 | L11: =IF(L$3>0,IF(L$5>0,0,IF(L$6=0,1,0)),0) -> 0 | M11: =IF(M$3>0,IF(M$5>0,0,IF(M$6=0,1,0)),0) -> 0 | N11: =IF(N$3>0,IF(N$5>0,0,IF(N$6=0,1,0)),0) -> 0 | O11: =IF(O$3>0,IF(O$5>0,0,IF(O$6=0,1,0)),0) -> 0 | P11: =IF(P$3>0,IF(P$5>0,0,IF(P$6=0,1,0)),0) -> 0 | Q11: =IF(Q$3>0,IF(Q$5>0,0,IF(Q$6=0,1,0)),0) -> 0 | R11: =IF(R$3>0,IF(R$5>0,0,IF(R$6=0,1,0)),0) -> 0 | ... AW11: =IF(AW$3>0,IF(AW$5>0,0,IF(AW$6=0,1,0)),0) -> 0 | AY11: IF(AK$2>0,IF(AK$4>0,0,IF(AK$5=0,1,0)),0)
A12: B1.1.2 | B12: Move boring plant and equipment to the site of each exploratory hole over safety barrier or other fence or wall, set up, dismantle on completion and reinstate (cable percussive only) | C12: nr | D12: =H12 -> 0 | F12: =IF(ISNUMBER(SEARCH("incl",$D12)),"-",IF(ISNUMBER(SEARCH("not r",$D12)),"-",IF(ISNUMBER(SEARCH("refer",$D12)),"-",IF(C12="sum","",$D12*$E12)))) -> 0 | H12: =SUM(K12:AU12) -> 0 | K12: =IF(K$3>0,IF(K$4>0,0,IF(K$6=0,0,1)),0) -> 0 | L12: =IF(L$3>0,IF(L$4>0,0,IF(L$6=0,0,1)),0) -> 0 | M12: =IF(M$3>0,IF(M$4>0,0,IF(M$6=0,0,1)),0) -> 0 | N12: =IF(N$3>0,IF(N$4>0,0,IF(N$6=0,0,1)),0) -> 0 | O12: =IF(O$3>0,IF(O$4>0,0,IF(O$6=0,0,1)),0) -> 0 | P12: =IF(P$3>0,IF(P$4>0,0,IF(P$6=0,0,1)),0) -> 0 | Q12: =IF(Q$3>0,IF(Q$4>0,0,IF(Q$6=0,0,1)),0) -> 0 | R12: =IF(R$3>0,IF(R$4>0,0,IF(R$6=0,0,1)),0) -> 0 | ... AW12: =IF(AW$3>0,IF(AW$4>0,0,IF(AW$6=0,0,1)),0) -> 0 | AY12: IF(AK$2>0 | BA12: IF(AK$3>0 | BC12: IF(AK$5=0 | BD12: 1
A13: B1.2.1 | B13: Move boring plant and equipment to the site of each exploratory hole, set up, dismantle on completion and reinstate (where borehole is to be followed on with rotary drilling) | C13: nr | D13: =H13 -> 1 | F13: =IF(ISNUMBER(SEARCH("incl",$D13)),"-",IF(ISNUMBER(SEARCH("not r",$D13)),"-",IF(ISNUMBER(SEARCH("refer",$D13)),"-",IF(C13="sum","",$D13*$E13)))) -> 0 | H13: =SUM(K13:AU13) -> 1 | K13: =IF(K$3>0,IF(K$4>0,IF(K5=0,0,IF(K$6=0,1,0)),0),0) -> 1 | L13: =IF(L$3>0,IF(L$4>0,IF(L5=0,0,IF(L$6=0,1,0)),0),0) -> 0 | M13: =IF(M$3>0,IF(M$4>0,IF(M5=0,0,IF(M$6=0,1,0)),0),0) -> 0 | N13: =IF(N$3>0,IF(N$4>0,IF(N5=0,0,IF(N$6=0,1,0)),0),0) -> 0 | O13: =IF(O$3>0,IF(O$4>0,IF(O5=0,0,IF(O$6=0,1,0)),0),0) -> 0 | P13: =IF(P$3>0,IF(P$4>0,IF(P5=0,0,IF(P$6=0,1,0)),0),0) -> 0 | Q13: =IF(Q$3>0,IF(Q$4>0,IF(Q5=0,0,IF(Q$6=0,1,0)),0),0) -> 0 | R13: =IF(R$3>0,IF(R$4>0,IF(R5=0,0,IF(R$6=0,1,0)),0),0) -> 0 | ... AW13: =IF(AW$3>0,IF(AW$4>0,IF(AW5=0,0,IF(AW$6=0,1,0)),0),0) -> 0 | AY13: 0 | BA13: IF(AK$5=0 | BC13: 0
A14: B1.2.2 | B14: Move boring plant and equipment to the site of each exploratory hole over safety barrier or other fence or wall, set up, dismantle on completion and reinstate (where borehole is to be followed on with rotary drilling) | C14: nr | D14: =H14 -> 0 | F14: =IF(ISNUMBER(SEARCH("incl",$D14)),"-",IF(ISNUMBER(SEARCH("not r",$D14)),"-",IF(ISNUMBER(SEARCH("refer",$D14)),"-",IF(C14="sum","",$D14*$E14)))) -> 0 | H14: =SUM(K14:AU14) -> 0 | K14: =IF(K$3>0,IF(K$4>0,IF(K5=0,0,IF(K$6=0,0,1)),0)) -> 0 | L14: =IF(L$3>0,IF(L$4>0,IF(L5=0,0,IF(L$6=0,0,1)),0)) -> FALSE | M14: =IF(M$3>0,IF(M$4>0,IF(M5=0,0,IF(M$6=0,0,1)),0)) -> FALSE | N14: =IF(N$3>0,IF(N$4>0,IF(N5=0,0,IF(N$6=0,0,1)),0)) -> FALSE | O14: =IF(O$3>0,IF(O$4>0,IF(O5=0,0,IF(O$6=0,0,1)),0)) -> FALSE | P14: =IF(P$3>0,IF(P$4>0,IF(P5=0,0,IF(P$6=0,0,1)),0)) -> FALSE | Q14: =IF(Q$3>0,IF(Q$4>0,IF(Q5=0,0,IF(Q$6=0,0,1)),0)) -> FALSE | R14: =IF(R$3>0,IF(R$4>0,IF(R5=0,0,IF(R$6=0,0,1)),0)) -> FALSE | ... AW14: =IF(AW$3>0,IF(AW$4>0,IF(AW5=0,0,IF(AW$6=0,0,1)),0)) -> FALSE | BA14: 0
A15: B2 | B15: Extra over Item B1 for setting up on a slope of gradient greater than 20% | C15: Refer to items B2.1 and B2.2 | D15: Refer to items B2.1 and B2.2 | E15: N/A | F15: =IF(ISNUMBER(SEARCH("incl",$D15)),"-",IF(ISNUMBER(SEARCH("not r",$D15)),"-",IF(ISNUMBER(SEARCH("refer",$D15)),"-",IF(C15="sum","",$D15*$E15)))) -> - | H15: =SUM(K15:AU15) -> 0 | I15: none | R15: 0
A16: B2.1 | B16: Extra over Item B1.1 for setting up on a slope of gradient greater than 20% | C16: nr | D16: Not Required | E16: N/A | F16: =IF(ISNUMBER(SEARCH("incl",$D16)),"-",IF(ISNUMBER(SEARCH("not r",$D16)),"-",IF(ISNUMBER(SEARCH("refer",$D16)),"-",IF(C16="sum","",$D16*$E16)))) -> - | H16: =SUM(K16:AU16) -> 0 | R16: 0
A17: B2.2 | B17: Extra over Item B1.2 for setting up on a slope of gradient greater than 20% | C17: nr | D17: Not Required | E17: N/A | F17: =IF(ISNUMBER(SEARCH("incl",$D17)),"-",IF(ISNUMBER(SEARCH("not r",$D17)),"-",IF(ISNUMBER(SEARCH("refer",$D17)),"-",IF(C17="sum","",$D17*$E17)))) -> - | H17: =SUM(K17:AU17) -> 0
A18: B3 | B18: Hand digging and CAT scan at borehole location to confirm absence of utility ducts (maximum depth of 1.2m or lesser if ground is assessed as potentially unstable) | C18: nr | D18: =H18 -> 1 | F18: =IF(ISNUMBER(SEARCH("incl",$D18)),"-",IF(ISNUMBER(SEARCH("not r",$D18)),"-",IF(ISNUMBER(SEARCH("refer",$D18)),"-",IF(C18="sum","",$D18*$E18)))) -> 0 | H18: =SUM(K18:AU18) -> 1 | I18: 1 | J18: per BH | K18: =MAX(K$11:K$13) -> 1 | L18: =IF(L4>0,1,0) -> 0 | M18: =MAX(M$11:M$13) -> 0 | N18: =MAX(N$11:N$13) -> 0 | O18: =IF(O4>0,1,0) -> 0 | P18: =IF(P4>0,1,0) -> 0 | Q18: =IF(Q4>0,1,0) -> 0 | R18: =IF(R4>0,1,0) -> 0 | S18: =IF(S4>0,1,0) -> 0 | T18: =IF(T4>0,1,0) -> 0 | U18: =IF(U4>0,1,0) -> 0 | V18: =IF(V4>0,1,0) -> 0 | ... AW18: =IF(AW4>0,1,0) -> 0
A19: B3.1 | B19: Break out obstructions where present when hand digging at exploratory hole location for Item B3. | C19: m3 | D19: =H19 -> 1 | F19: =IF(ISNUMBER(SEARCH("incl",$D19)),"-",IF(ISNUMBER(SEARCH("not r",$D19)),"-",IF(ISNUMBER(SEARCH("refer",$D19)),"-",IF(C19="sum","",$D19*$E19)))) -> 0 | H19: 1 | I19: 0.25 | J19: m thick x1m2 | K19: =$I19*K$7 -> 0 | L19: =$I19*L$7 -> 0 | M19: =$I19*M$7 -> 0 | N19: =$I19*N$7 -> 0 | O19: =$I19*O$7 -> 0 | P19: =$I19*P$7 -> 0 | Q19: =$I19*Q$7 -> 0 | R19: =$I19*R$7 -> 0 | ... AW19: =$I19*AW$7 -> 0
A20: B4 | B20: Advance borehole between existing ground level and 10 m depth | C20: m | D20: =H20 -> 8 | F20: =IF(ISNUMBER(SEARCH("incl",$D20)),"-",IF(ISNUMBER(SEARCH("not r",$D20)),"-",IF(ISNUMBER(SEARCH("refer",$D20)),"-",IF(C20="sum","",$D20*$E20)))) -> 0 | H20: =SUM(K20:AU20)-I20 -> 8 | J20: take away for OH/Core as obstruct | K20: =IF(K$4>10,10,K$4) -> 8 | L20: =IF(L$4>10,10,L$4) -> 0 | M20: =IF(M$4>10,10,M$4) -> 0 | N20: =IF(N$4>10,10,N$4) -> 0 | O20: =IF(O$4>10,10,O$4) -> 0 | P20: =IF(P$4>10,10,P$4) -> 0 | Q20: =IF(Q$4>10,10,Q$4) -> 0 | R20: =IF(R$4>10,10,R$4) -> 0 | ... AW20: =IF(AW$4>10,10,AW$4) -> 0
A21: B5 | B21: As Item B4 but between 10 m and 20 m depth | C21: m | D21: =H21 -> 0 | F21: =IF(ISNUMBER(SEARCH("incl",$D21)),"-",IF(ISNUMBER(SEARCH("not r",$D21)),"-",IF(ISNUMBER(SEARCH("refer",$D21)),"-",IF(C21="sum","",$D21*$E21)))) -> 0 | H21: =SUM(K21:AU21) -> 0 | K21: =IF(K$4>20,10,IF(K$4>10,K$4-10,0)) -> 0 | L21: =IF(L$4>20,10,IF(L$4>10,L$4-10,0)) -> 0 | M21: =IF(M$4>20,10,IF(M$4>10,M$4-10,0)) -> 0 | N21: =IF(N$4>20,10,IF(N$4>10,N$4-10,0)) -> 0 | O21: =IF(O$4>20,10,IF(O$4>10,O$4-10,0)) -> 0 | P21: =IF(P$4>20,10,IF(P$4>10,P$4-10,0)) -> 0 | Q21: =IF(Q$4>20,10,IF(Q$4>10,Q$4-10,0)) -> 0 | R21: =IF(R$4>20,10,IF(R$4>10,R$4-10,0)) -> 0 | ... AW21: =IF(AW$4>20,10,IF(AW$4>10,AW$4-10,0)) -> 0
A22: B6 | B22: As Item B4 but between 20 m and 30 m depth | C22: m | D22: Not Required | E22: N/A | F22: =IF(ISNUMBER(SEARCH("incl",$D22)),"-",IF(ISNUMBER(SEARCH("not r",$D22)),"-",IF(ISNUMBER(SEARCH("refer",$D22)),"-",IF(C22="sum","",$D22*$E22)))) -> - | H22: =SUM(K22:AU22) -> 0 | K22: =IF(K$4>30,10,IF(K$4>20,K$4-20,0)) -> 0 | L22: =IF(L$4>30,10,IF(L$4>20,L$4-20,0)) -> 0 | M22: =IF(M$4>30,10,IF(M$4>20,M$4-20,0)) -> 0 | N22: =IF(N$4>30,10,IF(N$4>20,N$4-20,0)) -> 0 | O22: =IF(O$4>30,10,IF(O$4>20,O$4-20,0)) -> 0 | P22: =IF(P$4>30,10,IF(P$4>20,P$4-20,0)) -> 0 | Q22: =IF(Q$4>30,10,IF(Q$4>20,Q$4-20,0)) -> 0 | R22: =IF(R$4>30,10,IF(R$4>20,R$4-20,0)) -> 0 | ... AW22: =IF(AW$4>30,10,IF(AW$4>20,AW$4-20,0)) -> 0
A23: B7 | B23: As Item B4 but between 30 m and 40 m depth | C23: m | D23: Not Required | E23: N/A | F23: =IF(ISNUMBER(SEARCH("incl",$D23)),"-",IF(ISNUMBER(SEARCH("not r",$D23)),"-",IF(ISNUMBER(SEARCH("refer",$D23)),"-",IF(C23="sum","",$D23*$E23)))) -> - | H23: =SUM(K23:AU23) -> 0 | K23: =IF(K$4>40,10,IF(K$4>30,K$4-30,0)) -> 0 | L23: =IF(L$4>40,10,IF(L$4>30,L$4-30,0)) -> 0 | M23: =IF(M$4>40,10,IF(M$4>30,M$4-30,0)) -> 0 | N23: =IF(N$4>40,10,IF(N$4>30,N$4-30,0)) -> 0 | O23: =IF(O$4>40,10,IF(O$4>30,O$4-30,0)) -> 0 | P23: =IF(P$4>40,10,IF(P$4>30,P$4-30,0)) -> 0 | Q23: =IF(Q$4>40,10,IF(Q$4>30,Q$4-30,0)) -> 0 | R23: =IF(R$4>40,10,IF(R$4>30,R$4-30,0)) -> 0 | ... AW23: =IF(AW$4>40,10,IF(AW$4>30,AW$4-30,0)) -> 0
A24: B8 | B24: As Item B4 but between 40 m and 50 m depth | C24: m | D24: Not Required | E24: N/A | F24: =IF(ISNUMBER(SEARCH("incl",$D24)),"-",IF(ISNUMBER(SEARCH("not r",$D24)),"-",IF(ISNUMBER(SEARCH("refer",$D24)),"-",IF(C24="sum","",$D24*$E24)))) -> - | H24: =SUM(K24:AU24) -> 0 | K24: =IF(K$4>50,10,IF(K$4>40,K$4-40,0)) -> 0 | L24: =IF(L$4>50,10,IF(L$4>40,L$4-40,0)) -> 0 | M24: =IF(M$4>50,10,IF(M$4>40,M$4-40,0)) -> 0 | N24: =IF(N$4>50,10,IF(N$4>40,N$4-40,0)) -> 0 | O24: =IF(O$4>50,10,IF(O$4>40,O$4-40,0)) -> 0 | P24: =IF(P$4>50,10,IF(P$4>40,P$4-40,0)) -> 0 | Q24: =IF(Q$4>50,10,IF(Q$4>40,Q$4-40,0)) -> 0 | R24: =IF(R$4>50,10,IF(R$4>40,R$4-40,0)) -> 0 | ... AW24: =IF(AW$4>50,10,IF(AW$4>40,AW$4-40,0)) -> 0
A25: B9 | B25: Advance borehole through hard stratum or obstruction | C25: h | D25: =H25 -> 2 | F25: =IF(ISNUMBER(SEARCH("incl",$D25)),"-",IF(ISNUMBER(SEARCH("not r",$D25)),"-",IF(ISNUMBER(SEARCH("refer",$D25)),"-",IF(C25="sum","",$D25*$E25)))) -> 0 | H25: =SUM(K25:AU25) -> 2 | I25: 2 | J25: per CP | K25: =MAX(K$11:K$13)*$I25 -> 2 | L25: =MAX(L$11:L$13)*$I25 -> 0 | M25: =MAX(M$11:M$13)*$I25 -> 0 | N25: =MAX(N$11:N$13)*$I25 -> 0 | O25: =MAX(O$11:O$13)*$I25 -> 0 | P25: =MAX(P$11:P$13)*$I25 -> 0 | Q25: =MAX(Q$11:Q$13)*$I25 -> 0 | R25: =MAX(R$11:R$13)*$I25 -> 0 | ... AW25: =MAX(AW$11:AW$13)*$I25 -> 0
A26: B10 | B26: Provide aquifer protection measures at a single aquiclude/aquifer boundary or cross-contamination control measures at a single soil boundary in a borehole | C26: nr | D26: Not Required | E26: N/A | F26: =IF(ISNUMBER(SEARCH("incl",$D26)),"-",IF(ISNUMBER(SEARCH("not r",$D26)),"-",IF(ISNUMBER(SEARCH("refer",$D26)),"-",IF(C26="sum","",$D26*$E26)))) -> - | H26: =SUM(K26:AU26) -> 0
A27: B11 | B27: Backfill borehole with cement/bentonite grout or bentonite pellets (where standpipe piezometer is not installed) | C27: m³ | D27: =ROUNDUP(H27,0) -> 1 | F27: =IF(ISNUMBER(SEARCH("incl",$D27)),"-",IF(ISNUMBER(SEARCH("not r",$D27)),"-",IF(ISNUMBER(SEARCH("refer",$D27)),"-",IF(C27="sum","",$D27*$E27)))) -> 0 | H27: =SUM(K27:AU27) -> 0.25132741 | I27: 0.2 | J27: m dia | K27: =(PI()*$I27^2)/4*K$4 -> 0.25132741 | L27: =(PI()*$I27^2)/4*L$4 -> 0 | M27: =(PI()*$I27^2)/4*M$4 -> 0 | N27: =(PI()*$I27^2)/4*N$4 -> 0 | O27: =(PI()*$I27^2)/4*O$4 -> 0 | P27: =(PI()*$I27^2)/4*P$4 -> 0 | Q27: =(PI()*$I27^2)/4*Q$4 -> 0 | R27: =(PI()*$I27^2)/4*R$4 -> 0 | ... AW27: =(PI()*$I27^2)/4*AW$4 -> 0
A28: B12 | B28: Standing time for borehole plant, equipment and crew | C28: h | D28: =ROUNDUP(H28,0) -> 1 | F28: =IF(ISNUMBER(SEARCH("incl",$D28)),"-",IF(ISNUMBER(SEARCH("not r",$D28)),"-",IF(ISNUMBER(SEARCH("refer",$D28)),"-",IF(C28="sum","",$D28*$E28)))) -> 0 | H28: =SUM(K28:AU28) -> 0.5 | I28: 0.5 | J28: per CP | K28: =MAX(K$11:K$13)*$I28 -> 0.5 | L28: =MAX(L$11:L$13)*$I28 -> 0 | M28: =MAX(M$11:M$13)*$I28 -> 0 | N28: =MAX(N$11:N$13)*$I28 -> 0 | O28: =MAX(O$11:O$13)*$I28 -> 0 | P28: =MAX(P$11:P$13)*$I28 -> 0 | Q28: =MAX(Q$11:Q$13)*$I28 -> 0 | R28: =MAX(R$11:R$13)*$I28 -> 0 | ... AW28: =MAX(AW$11:AW$13)*$I28 -> 0
B29: Dynamic sampling (Windowless Sampling) | H29: =SUM(K29:AU29) -> 0
A30: B13 | B30: Move dynamic sampling equipment to the site of each exploratory hole and set up | C30: nr | D30: Not Required | F30: =IF(ISNUMBER(SEARCH("incl",$D30)),"-",IF(ISNUMBER(SEARCH("not r",$D30)),"-",IF(ISNUMBER(SEARCH("refer",$D30)),"-",IF(C30="sum","",$D30*$E30)))) -> - | H30: =SUM(K30:AU30) -> 0
A31: B14 | B31: Extra over Item B13 for setting up on a slope of gradient greater than 20% | C31: nr | D31: Not Required | F31: =IF(ISNUMBER(SEARCH("incl",$D31)),"-",IF(ISNUMBER(SEARCH("not r",$D31)),"-",IF(ISNUMBER(SEARCH("refer",$D31)),"-",IF(C31="sum","",$D31*$E31)))) -> - | H31: =SUM(K31:AU31) -> 0
A32: B15 | B32: Hand digging and CAT scan at dynamic sampling location to confirm absence of utility ducts (maximum depth of 1.2m or lesser if ground is assessed as potentially unstable) | C32: nr | D32: Not Required | F32: =IF(ISNUMBER(SEARCH("incl",$D32)),"-",IF(ISNUMBER(SEARCH("not r",$D32)),"-",IF(ISNUMBER(SEARCH("refer",$D32)),"-",IF(C32="sum","",$D32*$E32)))) -> - | H32: =SUM(K32:AU32) -> 0
A33: B16 | B33: Break out surface obstruction where present | C33: h | D33: Not Required | F33: =IF(ISNUMBER(SEARCH("incl",$D33)),"-",IF(ISNUMBER(SEARCH("not r",$D33)),"-",IF(ISNUMBER(SEARCH("refer",$D33)),"-",IF(C33="sum","",$D33*$E33)))) -> - | H33: =SUM(K33:AU33) -> 0
A34: B17 | B34: Advance dynamic sample hole between existing ground level and 5 m depth | C34: m | D34: Not Required | F34: =IF(ISNUMBER(SEARCH("incl",$D34)),"-",IF(ISNUMBER(SEARCH("not r",$D34)),"-",IF(ISNUMBER(SEARCH("refer",$D34)),"-",IF(C34="sum","",$D34*$E34)))) -> - | H34: =SUM(K34:AU34) -> 0
A35: B18 | B35: As Item B15 but between 5 and 10 m depth | C35: m | D35: Not Required | F35: =IF(ISNUMBER(SEARCH("incl",$D35)),"-",IF(ISNUMBER(SEARCH("not r",$D35)),"-",IF(ISNUMBER(SEARCH("refer",$D35)),"-",IF(C35="sum","",$D35*$E35)))) -> - | H35: =SUM(K35:AU35) -> 0
A36: B19 | B36: Dynamic sample=ing >10m as instructed by the Investigation Supervisor | C36: m | D36: Not Required | F36: =IF(ISNUMBER(SEARCH("incl",$D36)),"-",IF(ISNUMBER(SEARCH("not r",$D36)),"-",IF(ISNUMBER(SEARCH("refer",$D36)),"-",IF(C36="sum","",$D36*$E36)))) -> - | H36: =SUM(K36:AU36) -> 0
A37: B20 | B37: Standing time for dynamic sampling equipment and crew | C37: hr | D37: Not Required | F37: =IF(ISNUMBER(SEARCH("incl",$D37)),"-",IF(ISNUMBER(SEARCH("not r",$D37)),"-",IF(ISNUMBER(SEARCH("refer",$D37)),"-",IF(C37="sum","",$D37*$E37)))) -> - | H37: =SUM(K37:AU37) -> 0
A38: B21 | B38: Backfill dynamic sample borehole with cement/bentonite grout or bentonite pellets (where standpipe or piezometer is not installed) | C38: m³ | D38: Not Required | F38: =IF(ISNUMBER(SEARCH("incl",$D38)),"-",IF(ISNUMBER(SEARCH("not r",$D38)),"-",IF(ISNUMBER(SEARCH("refer",$D38)),"-",IF(C38="sum","",$D38*$E38)))) -> - | H38: =SUM(K38:AU38) -> 0
B39: Reinstatement of Cable Percussive Borehole and Dynamic Sample Borehole
A40: B22 | B40: Reinstatement of gravel hardstanding | C40: m² | D40: Included in B1.1 & B1.2 | E40: N/A | F40: =IF(ISNUMBER(SEARCH("incl",$D40)),"-",IF(ISNUMBER(SEARCH("not r",$D40)),"-",IF(ISNUMBER(SEARCH("refer",$D40)),"-",IF(C40="sum","",$D40*$E40)))) -> - | H40: =SUM(K40:AU40) -> 0 | I40: check preamble
A41: B23 | B41: Reinstatement of asphalt / bituminous pavement | C41: m² | D41: Included in D53 | E41: N/A | F41: =IF(ISNUMBER(SEARCH("incl",$D41)),"-",IF(ISNUMBER(SEARCH("not r",$D41)),"-",IF(ISNUMBER(SEARCH("refer",$D41)),"-",IF(C41="sum","",$D41*$E41)))) -> - | H41: =SUM(K41:AU41) -> 0 | I41: check preamble & D53
A42: B24 | B42: Reinstatement of grass areas | C42: m² | D42: Included in B1.1 & B1.2 | E42: N/A | F42: =IF(ISNUMBER(SEARCH("incl",$D42)),"-",IF(ISNUMBER(SEARCH("not r",$D42)),"-",IF(ISNUMBER(SEARCH("refer",$D42)),"-",IF(C42="sum","",$D42*$E42)))) -> - | H42: =SUM(K42:AU42) -> 0 | I42: check preamble
A43: B25 | B43: Provision of stock proof fencing to borehole or dynamic sample work area | C43: nr | D43: Not Required | E43: N/A | F43: =IF(ISNUMBER(SEARCH("incl",$D43)),"-",IF(ISNUMBER(SEARCH("not r",$D43)),"-",IF(ISNUMBER(SEARCH("refer",$D43)),"-",IF(C43="sum","",$D43*$E43)))) -> - | H43: =SUM(K43:AU43) -> 0
A44: B26 | B44: Disposal of excess or surplus inert arisings from cable percussion boring or dynamic sampling (where standpipe or piezometer is not installed) | C44: m³ | D44: =ROUNDUP(H44,0) -> 1 | F44: =IF(ISNUMBER(SEARCH("incl",$D44)),"-",IF(ISNUMBER(SEARCH("not r",$D44)),"-",IF(ISNUMBER(SEARCH("refer",$D44)),"-",IF(C44="sum","",$D44*$E44)))) -> 0 | H44: =SUM(K44:AU44) -> 0.12566371 | I44: 0.5 | J44: volume BH (less samples) | K44: =K$27*$I44 -> 0.12566371 | L44: =L$27*$I44 -> 0 | M44: =M$27*$I44 -> 0 | N44: =N$27*$I44 -> 0 | O44: =O$27*$I44 -> 0 | P44: =P$27*$I44 -> 0 | Q44: =Q$27*$I44 -> 0 | R44: =R$27*$I44 -> 0 | ... AW44: =AW$27*$I44 -> 0
A45: Total Section B carried to summary: | F45: =SUM(F10:F44) -> 0

Sheet Section C
J1: Open Hole | K1: ='Section B'!K1 -> 0 | L1: ='Section B'!L1 -> 0 | M1: ='Section B'!M1 -> 0 | N1: ='Section B'!N1 -> 0 | O1: ='Section B'!O1 -> 0 | P1: ='Section B'!P1 -> 0 | Q1: ='Section B'!Q1 -> 0 | R1: ='Section B'!R1 -> 0 | ... AW1: ='Section B'!AW1 -> 0
J2: NEW | K2: ='Section B'!K2 -> BH 1 | L2: ='Section B'!L2 -> BH 2 | M2: ='Section B'!M2 -> 0 | N2: ='Section B'!N2 -> 0 | O2: ='Section B'!O2 -> 0 | P2: ='Section B'!P2 -> 0 | Q2: ='Section B'!Q2 -> 0 | R2: ='Section B'!R2 -> 0 | ... AW2: ='Section B'!AW2 -> 0
B3: of each exploratory hole, set up, dismantle on completion and reinstate (cable percussive only) | I3: 10 | J3: BH (m) | K3: ='Section B'!K3 -> 19 | L3: ='Section B'!L3 -> 0 | M3: ='Section B'!M3 -> 0 | N3: ='Section B'!N3 -> 0 | O3: ='Section B'!O3 -> 0 | P3: ='Section B'!P3 -> 0 | Q3: ='Section B'!Q3 -> 0 | R3: ='Section B'!R3 -> 0 | ... AW3: ='Section B'!AW3 -> 0
H4: CALC | I4: 5 | J4: CP (m) | K4: ='Section B'!K4 -> 8 | L4: ='Section B'!L4 -> 0 | M4: ='Section B'!M4 -> 0 | N4: ='Section B'!N4 -> 0 | O4: ='Section B'!O4 -> 0 | P4: ='Section B'!P4 -> 0 | Q4: ='Section B'!Q4 -> 0 | R4: ='Section B'!R4 -> 0 | ... AW4: ='Section B'!AW4 -> 0
J5: Rot | K5: =K3-K4 -> 11 | L5: =L3-L4 -> 0 | M5: =M3-M4 -> 0 | N5: =N3-N4 -> 0 | O5: =O3-O4 -> 0 | P5: =P3-P4 -> 0 | Q5: =Q3-Q4 -> 0 | R5: =R3-R4 -> 0 | ... AW5: =AW3-AW4 -> 0
J6: CRASH BARRIER | K6: ='Section B'!K6 -> 0 | L6: ='Section B'!L6 -> 0 | M6: ='Section B'!M6 -> 0 | N6: ='Section B'!N6 -> 0 | O6: ='Section B'!O6 -> 0 | P6: ='Section B'!P6 -> 0 | Q6: ='Section B'!Q6 -> 0 | R6: ='Section B'!R6 -> 0 | ... AW6: ='Section B'!AW6 -> 0
A7: Number | B7: Item description | C7: Unit | D7: Quantity | E7: Rate | F7: Amount | H7: Totals
E8: € | F8: €
A9: C | B9: Rotary drilling
B10: Hand augering
A11: C1 | B11: Bring hand auger equipment to the position of each exploratory hole | C11: nr | D11: Not Required | F11: =IF(ISNUMBER(SEARCH("incl",$D11)),"-",IF(ISNUMBER(SEARCH("not r",$D11)),"-",IF(ISNUMBER(SEARCH("refer",$D11)),"-",IF(C11="sum","",$D11*$E11)))) -> - | H11: =SUM(K11:AU11) -> 0
A12: C2 | B12: Bore with hand auger from existing ground level to 2m depth | C12: m | D12: Not Required | F12: =IF(ISNUMBER(SEARCH("incl",$D12)),"-",IF(ISNUMBER(SEARCH("not r",$D12)),"-",IF(ISNUMBER(SEARCH("refer",$D12)),"-",IF(C12="sum","",$D12*$E12)))) -> - | H12: =SUM(K12:AU12) -> 0
A13: C3 | B13: As Item C2 but between 2 and 4m depth | C13: m | D13: Not Required | F13: =IF(ISNUMBER(SEARCH("incl",$D13)),"-",IF(ISNUMBER(SEARCH("not r",$D13)),"-",IF(ISNUMBER(SEARCH("refer",$D13)),"-",IF(C13="sum","",$D13*$E13)))) -> - | H13: =SUM(K13:AU13) -> 0
A14: C4 | B14: Standing time for hand auger equipment and crew | C14: h | D14: Not Required | F14: =IF(ISNUMBER(SEARCH("incl",$D14)),"-",IF(ISNUMBER(SEARCH("not r",$D14)),"-",IF(ISNUMBER(SEARCH("refer",$D14)),"-",IF(C14="sum","",$D14*$E14)))) -> - | H14: =SUM(K14:AU14) -> 0
A15: C5 | B15: Provision of hand augering equipment and crew for augering as directed by the Investigation Supervisor maximum depth 4m | C15: day | D15: Not Required | F15: =IF(ISNUMBER(SEARCH("incl",$D15)),"-",IF(ISNUMBER(SEARCH("not r",$D15)),"-",IF(ISNUMBER(SEARCH("refer",$D15)),"-",IF(C15="sum","",$D15*$E15)))) -> - | H15: =SUM(K15:AU15) -> 0
A16: C6 | B16: Backfill hand auger hole with cement/bentonite grout or bentonite pellets | C16: m | D16: Not Required | F16: =IF(ISNUMBER(SEARCH("incl",$D16)),"-",IF(ISNUMBER(SEARCH("not r",$D16)),"-",IF(ISNUMBER(SEARCH("refer",$D16)),"-",IF(C16="sum","",$D16*$E16)))) -> - | H16: =SUM(K16:AU16) -> 0
B17: Continuous flight and hollow-stem flight augering
A18: C7 | B18: Move mechanical augering plant and equipment to the site of each exploratory hole and set up. | C18: nr | D18: Not Required | F18: =IF(ISNUMBER(SEARCH("incl",$D18)),"-",IF(ISNUMBER(SEARCH("not r",$D18)),"-",IF(ISNUMBER(SEARCH("refer",$D18)),"-",IF(C18="sum","",$D18*$E18)))) -> - | H18: =SUM(K18:AU18) -> 0
A19: C7.1 | B19: Hand digging and CAT scan at rotary drillhole location to confirm absence of utility ducts ( maximum depth of 1.2m or lesser if ground is assessed as potentially unstable). | C19: nr | D19: Not Required | F19: =IF(ISNUMBER(SEARCH("incl",$D19)),"-",IF(ISNUMBER(SEARCH("not r",$D19)),"-",IF(ISNUMBER(SEARCH("refer",$D19)),"-",IF(C19="sum","",$D19*$E19)))) -> - | H19: =SUM(K19:AU19) -> 0
A20: C8 | B20: Extra over Item C7 for setting up on a slope of gradient greater than 20% | C20: nr | D20: Not Required | F20: =IF(ISNUMBER(SEARCH("incl",$D20)),"-",IF(ISNUMBER(SEARCH("not r",$D20)),"-",IF(ISNUMBER(SEARCH("refer",$D20)),"-",IF(C20="sum","",$D20*$E20)))) -> - | H20: =SUM(K20:AU20) -> 0
A21: C9 | B21: Break out obstructions where present when hand digging at auger hole location for Item C7.1. | C21: m3 | D21: Not Required | F21: =IF(ISNUMBER(SEARCH("incl",$D21)),"-",IF(ISNUMBER(SEARCH("not r",$D21)),"-",IF(ISNUMBER(SEARCH("refer",$D21)),"-",IF(C21="sum","",$D21*$E21)))) -> - | H21: =SUM(K21:AU21) -> 0
A22: C10 | B22: Standing time for rotary auger equipment and crew. | C22: h | D22: Not Required | F22: =IF(ISNUMBER(SEARCH("incl",$D22)),"-",IF(ISNUMBER(SEARCH("not r",$D22)),"-",IF(ISNUMBER(SEARCH("refer",$D22)),"-",IF(C22="sum","",$D22*$E22)))) -> - | H22: =SUM(K22:AU22) -> 0
A23: C11 | B23: Auger in materials other than hard strata at the specified diameter between existing ground level and 10m depth. | C23: m | D23: Not Required | F23: =IF(ISNUMBER(SEARCH("incl",$D23)),"-",IF(ISNUMBER(SEARCH("not r",$D23)),"-",IF(ISNUMBER(SEARCH("refer",$D23)),"-",IF(C23="sum","",$D23*$E23)))) -> - | H23: =SUM(K23:AU23) -> 0
A24: C12 | B24: As Item C11 but between 10 and 20m depth. | C24: m | D24: Not Required | F24: =IF(ISNUMBER(SEARCH("incl",$D24)),"-",IF(ISNUMBER(SEARCH("not r",$D24)),"-",IF(ISNUMBER(SEARCH("refer",$D24)),"-",IF(C24="sum","",$D24*$E24)))) -> - | H24: =SUM(K24:AU24) -> 0
A25: C13 | B25: As Item C11 but between 20 and 30m depth. | C25: m | D25: Not Required | F25: =IF(ISNUMBER(SEARCH("incl",$D25)),"-",IF(ISNUMBER(SEARCH("not r",$D25)),"-",IF(ISNUMBER(SEARCH("refer",$D25)),"-",IF(C25="sum","",$D25*$E25)))) -> - | H25: =SUM(K25:AU25) -> 0
A26: C14 | B26: Backfill auger hole with cement/bentonite grout or bentonite pellets (PROVISIONAL) | C26: m | D26: Not Required | F26: =IF(ISNUMBER(SEARCH("incl",$D26)),"-",IF(ISNUMBER(SEARCH("not r",$D26)),"-",IF(ISNUMBER(SEARCH("refer",$D26)),"-",IF(C26="sum","",$D26*$E26)))) -> - | H26: =SUM(K26:AU26) -> 0
B27: Rotary drilling with and without core recovery
A28: C15 | B28: Move rotary drilling plant and equipment to the site of each exploratory drillhole and set up. | C28: nr | D28: Refer to C15.1.1 to C15.2.2 & C15.3 | E28: Refer to C15.1 and C15.2 & C15.3 | F28: =IF(ISNUMBER(SEARCH("incl",$D28)),"-",IF(ISNUMBER(SEARCH("not r",$D28)),"-",IF(ISNUMBER(SEARCH("refer",$D28)),"-",IF(C28="sum","",$D28*$E28)))) -> - | H28: =SUM(K28:AU28) -> 0
A29: C15.1.1 | B29: Move rotary drilling plant and equipment to the site of each exploratory drillhole, set up, dismantle on completion and reinstate (rotary follow-on). | C29: nr | D29: =H29 -> 1 | F29: =IF(ISNUMBER(SEARCH("incl",$D29)),"-",IF(ISNUMBER(SEARCH("not r",$D29)),"-",IF(ISNUMBER(SEARCH("refer",$D29)),"-",IF(C29="sum","",$D29*$E29)))) -> 0 | H29: =SUM(K29:AU29) -> 1 | K29: =IF(K$5=0,0,IF(K$4=0,0,IF(K$6=0,1,0))) -> 1 | L29: =IF(L$5=0,0,IF(L$4=0,0,IF(L$6=0,1,0))) -> 0 | M29: =IF(M$5=0,0,IF(M$4=0,0,IF(M$6=0,1,0))) -> 0 | N29: =IF(N$5=0,0,IF(N$4=0,0,IF(N$6=0,1,0))) -> 0 | O29: =IF(O$5=0,0,IF(O$4=0,0,IF(O$6=0,1,0))) -> 0 | P29: =IF(P$5=0,0,IF(P$4=0,0,IF(P$6=0,1,0))) -> 0 | Q29: =IF(Q$5=0,0,IF(Q$4=0,0,IF(Q$6=0,1,0))) -> 0 | R29: =IF(R$5=0,0,IF(R$4=0,0,IF(R$6=0,1,0))) -> 0 | ... AW29: =IF(AW$5=0,0,IF(AW$4=0,0,IF(AW$6=0,1,0))) -> 0
A30: C15.1.2 | B30: Move rotary drilling plant and equipment to the site of each exploratory drillhole over safety barrier or other fence or wall, set up, dismantle on completion and reinstate (rotary follow-on). | C30: nr | D30: =H30 -> 0 | F30: =IF(ISNUMBER(SEARCH("incl",$D30)),"-",IF(ISNUMBER(SEARCH("not r",$D30)),"-",IF(ISNUMBER(SEARCH("refer",$D30)),"-",IF(C30="sum","",$D30*$E30)))) -> 0 | H30: =SUM(K30:AU30) -> 0 | K30: =IF(K$5=0,0,IF(K$4=0,0,IF(K$6=0,0,1))) -> 0 | L30: =IF(L$5=0,0,IF(L$4=0,0,IF(L$6=0,0,1))) -> 0 | M30: =IF(M$5=0,0,IF(M$4=0,0,IF(M$6=0,0,1))) -> 0 | N30: =IF(N$5=0,0,IF(N$4=0,0,IF(N$6=0,0,1))) -> 0 | O30: =IF(O$5=0,0,IF(O$4=0,0,IF(O$6=0,0,1))) -> 0 | P30: =IF(P$5=0,0,IF(P$4=0,0,IF(P$6=0,0,1))) -> 0 | Q30: =IF(Q$5=0,0,IF(Q$4=0,0,IF(Q$6=0,0,1))) -> 0 | R30: =IF(R$5=0,0,IF(R$4=0,0,IF(R$6=0,0,1))) -> 0 | ... AW30: =IF(AW$5=0,0,IF(AW$4=0,0,IF(AW$6=0,0,1))) -> 0
A31: C15.2.1 | B31: Move rotary drilling plant and equipment to the site of each exploratory drillhole, set up, dismantle on completion and reinstate (rotary only). | C31: nr | D31: =H31 -> 0 | F31: =IF(ISNUMBER(SEARCH("incl",$D31)),"-",IF(ISNUMBER(SEARCH("not r",$D31)),"-",IF(ISNUMBER(SEARCH("refer",$D31)),"-",IF(C31="sum","",$D31*$E31)))) -> 0 | H31: =SUM(K31:AU31) -> 0 | K31: =IF(K$5=0,0,IF(K$4=0,IF(K$6=0,1,0),0)) -> 0 | L31: =IF(L$5=0,0,IF(L$4=0,IF(L$6=0,1,0),0)) -> 0 | M31: =IF(M$5=0,0,IF(M$4=0,IF(M$6=0,1,0),0)) -> 0 | N31: =IF(N$5=0,0,IF(N$4=0,IF(N$6=0,1,0),0)) -> 0 | O31: =IF(O$5=0,0,IF(O$4=0,IF(O$6=0,1,0),0)) -> 0 | P31: =IF(P$5=0,0,IF(P$4=0,IF(P$6=0,1,0),0)) -> 0 | Q31: =IF(Q$5=0,0,IF(Q$4=0,IF(Q$6=0,1,0),0)) -> 0 | R31: =IF(R$5=0,0,IF(R$4=0,IF(R$6=0,1,0),0)) -> 0 | ... AW31: =IF(AW$5=0,0,IF(AW$4=0,IF(AW$6=0,1,0),0)) -> 0
A32: C15.2.2 | B32: Move rotary drilling plant and equipment to the site of each exploratory drillhole, over safety barrier or other fence or wall, set up, dismantle on completion and reinstate (rotary only). | C32: nr | D32: =H32 -> 0 | F32: =IF(ISNUMBER(SEARCH("incl",$D32)),"-",IF(ISNUMBER(SEARCH("not r",$D32)),"-",IF(ISNUMBER(SEARCH("refer",$D32)),"-",IF(C32="sum","",$D32*$E32)))) -> 0 | H32: =SUM(K32:AU32) -> 0 | K32: =IF(K$5=0,0,IF(K$4=0,IF(K$6=0,0,1),0)) -> 0 | L32: =IF(L$5=0,0,IF(L$4=0,IF(L$6=0,0,1),0)) -> 0 | M32: =IF(M$5=0,0,IF(M$4=0,IF(M$6=0,0,1),0)) -> 0 | N32: =IF(N$5=0,0,IF(N$4=0,IF(N$6=0,0,1),0)) -> 0 | O32: =IF(O$5=0,0,IF(O$4=0,IF(O$6=0,0,1),0)) -> 0 | P32: =IF(P$5=0,0,IF(P$4=0,IF(P$6=0,0,1),0)) -> 0 | Q32: =IF(Q$5=0,0,IF(Q$4=0,IF(Q$6=0,0,1),0)) -> 0 | R32: =IF(R$5=0,0,IF(R$4=0,IF(R$6=0,0,1),0)) -> 0 | ... AW32: =IF(AW$5=0,0,IF(AW$4=0,IF(AW$6=0,0,1),0)) -> 0
A33: C15.3 | B33: Hand digging and CAT scan at rotary drillhole location to confirm absence of utility ducts ( maximum depth of 1.2m or lesser if ground is assessed as potentially unstable) for rotary only borehole | C33: nr | D33: =H33 -> 0 | F33: =IF(ISNUMBER(SEARCH("incl",$D33)),"-",IF(ISNUMBER(SEARCH("not r",$D33)),"-",IF(ISNUMBER(SEARCH("refer",$D33)),"-",IF(C33="sum","",$D33*$E33)))) -> 0 | H33: =SUM(K33:AU33) -> 0 | K33: =K31 -> 0 | L33: =L31 -> 0 | M33: =M31 -> 0 | N33: =N31 -> 0 | O33: =O31 -> 0 | P33: =P31 -> 0 | Q33: =Q31 -> 0 | R33: =R31 -> 0 | ... AW33: =AW31 -> 0
A34: C16 | B34: Extra over Item C15 for setting up on a slope of gradient greater than 20%. | C34: nr | D34: Not Required | E34: N/A | F34: =IF(ISNUMBER(SEARCH("incl",$D34)),"-",IF(ISNUMBER(SEARCH("not r",$D34)),"-",IF(ISNUMBER(SEARCH("refer",$D34)),"-",IF(C34="sum","",$D34*$E34)))) -> - | H34: =SUM(K34:AU34) -> 0
A35: C17 | B35: Extra over Item C15 for setting up drilling plant for inclined drillhole | C35: nr | D35: Not Required | E35: N/A | F35: =IF(ISNUMBER(SEARCH("incl",$D35)),"-",IF(ISNUMBER(SEARCH("not r",$D35)),"-",IF(ISNUMBER(SEARCH("refer",$D35)),"-",IF(C35="sum","",$D35*$E35)))) -> - | H35: =SUM(K35:AU35) -> 0
A36: C18 | B36: Break out obstructions where present when hand digging at exploratory hole location for C15.3. | C36: m3 | D36: 1 | F36: =IF(ISNUMBER(SEARCH("incl",$D36)),"-",IF(ISNUMBER(SEARCH("not r",$D36)),"-",IF(ISNUMBER(SEARCH("refer",$D36)),"-",IF(C36="sum","",$D36*$E36)))) -> 0 | I36: 1 | J36: assumed
A37: C19 | B37: Standing time for rotary drilling plant, equipment and crew (PROVISIONAL) | C37: h | D37: =H37 -> 0.5 | F37: =IF(ISNUMBER(SEARCH("incl",$D37)),"-",IF(ISNUMBER(SEARCH("not r",$D37)),"-",IF(ISNUMBER(SEARCH("refer",$D37)),"-",IF(C37="sum","",$D37*$E37)))) -> 0 | H37: =(H$29+H$31)*$I37 -> 0.5 | I37: 0.5 | J37: assume AVG per rot | K37: =MAX(K$29:K$31)*$I37 -> 0.5 | L37: =MAX(L$29:L$31)*$I37 -> 0 | M37: =MAX(M$29:M$31)*$I37 -> 0 | N37: =MAX(N$29:N$31)*$I37 -> 0 | O37: =MAX(O$29:O$31)*$I37 -> 0 | P37: =MAX(P$29:P$31)*$I37 -> 0 | Q37: =MAX(Q$29:Q$31)*$I37 -> 0 | R37: =MAX(R$29:R$31)*$I37 -> 0 | ... AW37: =MAX(AW$29:AW$31)*$I37 -> 0
A38: C20 | B38: Provide aquifer protection measures at a single aquiclude/aquifer boundary in a drillhole | C38: nr | D38: Not Required | E38: N/A | F38: =IF(ISNUMBER(SEARCH("incl",$D38)),"-",IF(ISNUMBER(SEARCH("not r",$D38)),"-",IF(ISNUMBER(SEARCH("refer",$D38)),"-",IF(C38="sum","",$D38*$E38)))) -> - | H38: =SUM(K38:AU38) -> 0
B39: Drilling without cores
A40: C21 | B40: Rotary drill in materials other than hard strata at the specified diameter, from which cores are not required, between existing ground level and 10m depth (PROVISIONAL) | C40: m | D40: =H40 -> 30 | F40: =IF(ISNUMBER(SEARCH("incl",$D40)),"-",IF(ISNUMBER(SEARCH("not r",$D40)),"-",IF(ISNUMBER(SEARCH("refer",$D40)),"-",IF(C40="sum","",$D40*$E40)))) -> 0 | H40: =I40 -> 30 | I40: =SUM(K40:AW40) -> 30 | K40: =K1 -> 0 | L40: =L1 -> 0 | M40: =M1 -> 0 | N40: =N1 -> 0 | O40: =O1 -> 0 | P40: =P1 -> 0 | Q40: =Q1 -> 0 | R40: =R1 -> 0 | ... AD40: =AD1 -> 0 | AE40: 10 | AF40: 10 | AG40: 10 | AH40: =AH1 -> 0 | AI40: =AI1 -> 0 | AJ40: =AJ1 -> 0 | AK40: =AK1 -> 0 | AL40: =AL1 -> 0 | AM40: =AM1 -> 0
A41: C22 | B41: As Item C21 but between 10 and 20m depth. | C41: m | D41: =H41 -> 3 | F41: =IF(ISNUMBER(SEARCH("incl",$D41)),"-",IF(ISNUMBER(SEARCH("not r",$D41)),"-",IF(ISNUMBER(SEARCH("refer",$D41)),"-",IF(C41="sum","",$D41*$E41)))) -> 0 | H41: =I41 -> 3 | I41: =SUM(K41:AW41) -> 3 | AE41: 1 | AF41: 1 | AG41: 1
A42: C23 | B42: As Item C21 but between 20 and 30m depth | C42: m | D42: Not Required | E42: N/A | F42: =IF(ISNUMBER(SEARCH("incl",$D42)),"-",IF(ISNUMBER(SEARCH("not r",$D42)),"-",IF(ISNUMBER(SEARCH("refer",$D42)),"-",IF(C42="sum","",$D42*$E42)))) -> - | H42: =SUM(K42:AU42) -> 0
A43: C24 | B43: As Item C21 but between 30 and 40m depth | C43: m | D43: Not Required | E43: N/A | F43: =IF(ISNUMBER(SEARCH("incl",$D43)),"-",IF(ISNUMBER(SEARCH("not r",$D43)),"-",IF(ISNUMBER(SEARCH("refer",$D43)),"-",IF(C43="sum","",$D43*$E43)))) -> - | H43: =SUM(K43:AU43) -> 0
A44: C25 | B44: As Item C21 but between 40 and 50m depth | C44: m | D44: Not Required | E44: N/A | F44: =IF(ISNUMBER(SEARCH("incl",$D44)),"-",IF(ISNUMBER(SEARCH("not r",$D44)),"-",IF(ISNUMBER(SEARCH("refer",$D44)),"-",IF(C44="sum","",$D44*$E44)))) -> - | H44: =SUM(K44:AU44) -> 0
A45: C26 | B45: Extra over Items C21 to C25 for inclined rotary drillhole | C45: m | D45: Not Required | E45: N/A | F45: =IF(ISNUMBER(SEARCH("incl",$D45)),"-",IF(ISNUMBER(SEARCH("not r",$D45)),"-",IF(ISNUMBER(SEARCH("refer",$D45)),"-",IF(C45="sum","",$D45*$E45)))) -> - | H45: =SUM(K45:AU45) -> 0
A46: C27 | B46: Rotary drill in hard strata at the specified diameter, from which cores are not required, between existing ground level and 10m depth. | C46: m | D46: Not Required | E46: N/A | F46: =IF(ISNUMBER(SEARCH("incl",$D46)),"-",IF(ISNUMBER(SEARCH("not r",$D46)),"-",IF(ISNUMBER(SEARCH("refer",$D46)),"-",IF(C46="sum","",$D46*$E46)))) -> - | H46: =SUM(K46:AU46) -> 0
A47: C28 | B47: As Item C27 but between 10 and 20m depth | C47: m | D47: Not Required | E47: N/A | F47: =IF(ISNUMBER(SEARCH("incl",$D47)),"-",IF(ISNUMBER(SEARCH("not r",$D47)),"-",IF(ISNUMBER(SEARCH("refer",$D47)),"-",IF(C47="sum","",$D47*$E47)))) -> - | H47: =SUM(K47:AU47) -> 0
A48: C29 | B48: As Item C27 but between 20 and 30m depth | C48: m | D48: Not Required | E48: N/A | F48: =IF(ISNUMBER(SEARCH("incl",$D48)),"-",IF(ISNUMBER(SEARCH("not r",$D48)),"-",IF(ISNUMBER(SEARCH("refer",$D48)),"-",IF(C48="sum","",$D48*$E48)))) -> - | H48: =SUM(K48:AU48) -> 0
A49: C30 | B49: As Item C27 but between 30 and 40m depth | C49: m | D49: Not Required | E49: N/A | F49: =IF(ISNUMBER(SEARCH("incl",$D49)),"-",IF(ISNUMBER(SEARCH("not r",$D49)),"-",IF(ISNUMBER(SEARCH("refer",$D49)),"-",IF(C49="sum","",$D49*$E49)))) -> - | H49: =SUM(K49:AU49) -> 0
A50: C31 | B50: As Item C27 but between 40 and 50m depth | C50: m | D50: Not Required | E50: N/A | F50: =IF(ISNUMBER(SEARCH("incl",$D50)),"-",IF(ISNUMBER(SEARCH("not r",$D50)),"-",IF(ISNUMBER(SEARCH("refer",$D50)),"-",IF(C50="sum","",$D50*$E50)))) -> - | H50: =SUM(K50:AU50) -> 0
A51: C32 | B51: Extra over Items C27 to C31 for inclined drillhole | C51: m | D51: Not Required | E51: N/A | F51: =IF(ISNUMBER(SEARCH("incl",$D51)),"-",IF(ISNUMBER(SEARCH("not r",$D51)),"-",IF(ISNUMBER(SEARCH("refer",$D51)),"-",IF(C51="sum","",$D51*$E51)))) -> - | H51: =SUM(K51:AU51) -> 0
A52: C33 | B52: Backfill rotary drillhole with cement/bentonite grout or bentonite pellets (where standpipe or piezometer is not installed). | C52: m3 | D52: =ROUNDUP(H52,0) -> 1 | F52: =IF(ISNUMBER(SEARCH("incl",$D52)),"-",IF(ISNUMBER(SEARCH("not r",$D52)),"-",IF(ISNUMBER(SEARCH("refer",$D52)),"-",IF(C52="sum","",$D52*$E52)))) -> 0 | H52: =(PI()*$I52^2)/4*$D$40 -> 0.9424778 | I52: 0.2 | J52: m dia
B53: Drilling to obtain cores
A54: C34 | B54: Rotary drill in materials other than hard strata to obtain cores of the specified diameter between existing ground level and 10m depth. | C54: m | D54: Not Required | E54: N/A | F54: =IF(ISNUMBER(SEARCH("incl",$D54)),"-",IF(ISNUMBER(SEARCH("not r",$D54)),"-",IF(ISNUMBER(SEARCH("refer",$D54)),"-",IF(C54="sum","",$D54*$E54)))) -> - | H54: =I54 -> 0 | I54: 0 | J54: Deducted from S/A minus OH | K54: =K1 -> 0
A55: C35 | B55: As Item C34 but between 10 and 20m depth. | C55: m | D55: Not Required | E55: N/A | F55: =IF(ISNUMBER(SEARCH("incl",$D55)),"-",IF(ISNUMBER(SEARCH("not r",$D55)),"-",IF(ISNUMBER(SEARCH("refer",$D55)),"-",IF(C55="sum","",$D55*$E55)))) -> - | H55: =I55 -> 0 | J55: nominal
A56: C36 | B56: As Item C34 but between 20 and 30m depth | C56: m | D56: Not Required | E56: N/A | F56: =IF(ISNUMBER(SEARCH("incl",$D56)),"-",IF(ISNUMBER(SEARCH("not r",$D56)),"-",IF(ISNUMBER(SEARCH("refer",$D56)),"-",IF(C56="sum","",$D56*$E56)))) -> - | H56: =SUM(K56:AU56) -> 0
A57: C37 | B57: As Item C34 but between 30 and 40m depth | C57: m | D57: Not Required | E57: N/A | F57: =IF(ISNUMBER(SEARCH("incl",$D57)),"-",IF(ISNUMBER(SEARCH("not r",$D57)),"-",IF(ISNUMBER(SEARCH("refer",$D57)),"-",IF(C57="sum","",$D57*$E57)))) -> - | H57: =SUM(K57:AU57) -> 0
A58: C38 | B58: As Item C34 but between 40 and 50m depth | C58: m | D58: Not Required | E58: N/A | F58: =IF(ISNUMBER(SEARCH("incl",$D58)),"-",IF(ISNUMBER(SEARCH("not r",$D58)),"-",IF(ISNUMBER(SEARCH("refer",$D58)),"-",IF(C58="sum","",$D58*$E58)))) -> - | H58: =SUM(K58:AU58) -> 0
A59: C39 | B59: Extra over Items C34 to C38 for use of semi-rigid core liner | C59: m | D59: Not Required | E59: N/A | F59: =IF(ISNUMBER(SEARCH("incl",$D59)),"-",IF(ISNUMBER(SEARCH("not r",$D59)),"-",IF(ISNUMBER(SEARCH("refer",$D59)),"-",IF(C59="sum","",$D59*$E59)))) -> - | H59: =SUM(K59:AU59) -> 0
A60: C40 | B60: Extra over Items C34 to C38 for coring inclined rotary drillhole | C60: m | D60: Not Required | E60: N/A | F60: =IF(ISNUMBER(SEARCH("incl",$D60)),"-",IF(ISNUMBER(SEARCH("not r",$D60)),"-",IF(ISNUMBER(SEARCH("refer",$D60)),"-",IF(C60="sum","",$D60*$E60)))) -> - | H60: =SUM(K60:AU60) -> 0
A61: C41 | B61: Rotary drill in hard strata to obtain cores of the specified diameter between existing ground level and 10m depth | C61: m | D61: =H61 -> 2 | F61: =IF(ISNUMBER(SEARCH("incl",$D61)),"-",IF(ISNUMBER(SEARCH("not r",$D61)),"-",IF(ISNUMBER(SEARCH("refer",$D61)),"-",IF(C61="sum","",$D61*$E61)))) -> 0 | H61: =SUM(K61:AU61) -> 2 | K61: =IF(K$5=0,0,IF(K$3>10,IF(K$4>10,0,10-K$4-K$1),K$3-K$4-K$1)) -> 2 | L61: =IF(L$5=0,0,IF(L$3>10,IF(L$4>10,0,10-L$4-L$1),L$3-L$4-L$1)) -> 0 | M61: =IF(M$5=0,0,IF(M$3>10,IF(M$4>10,0,10-M$4-M$1),M$3-M$4-M$1)) -> 0 | N61: =IF(N$5=0,0,IF(N$3>10,IF(N$4>10,0,10-N$4-N$1),N$3-N$4-N$1)) -> 0 | O61: =IF(O$5=0,0,IF(O$3>10,IF(O$4>10,0,10-O$4-O$1),O$3-O$4-O$1)) -> 0 | P61: =IF(P$5=0,0,IF(P$3>10,IF(P$4>10,0,10-P$4-P$1),P$3-P$4-P$1)) -> 0 | Q61: =IF(Q$5=0,0,IF(Q$3>10,IF(Q$4>10,0,10-Q$4-Q$1),Q$3-Q$4-Q$1)) -> 0 | R61: =IF(R$5=0,0,IF(R$3>10,IF(R$4>10,0,10-R$4-R$1),R$3-R$4-R$1)) -> 0 | ... AD61: =IF(AD$5=0,0,IF(AD$3>10,IF(AD$4>10,0,10-AD$4-AD$1),AD$3-AD$4-AD$1)) -> 0 | AE61: 0 | AF61: 0 | AG61: 0 | AH61: =IF(AH$5=0,0,IF(AH$3>10,IF(AH$4>10,0,10-AH$4-AH$1),AH$3-AH$4-AH$1)) -> 0 | AI61: =IF(AI$5=0,0,IF(AI$3>10,IF(AI$4>10,0,10-AI$4-AI$1),AI$3-AI$4-AI$1)) -> 0 | AJ61: =IF(AJ$5=0,0,IF(AJ$3>10,IF(AJ$4>10,0,10-AJ$4-AJ$1),AJ$3-AJ$4-AJ$1)) -> 0 | AK61: =IF(AK$5=0,0,IF(AK$3>10,IF(AK$4>10,0,10-AK$4-AK$1),AK$3-AK$4-AK$1)) -> 0 | AL61: =IF(AL$5=0,0,IF(AL$3>10,IF(AL$4>10,0,10-AL$4-AL$1),AL$3-AL$4-AL$1)) -> 0 | AM61: =IF(AM$5=0,0,IF(AM$3>10,IF(AM$4>10,0,10-AM$4-AM$1),AM$3-AM$4-AM$1)) -> 0 | AN61: =IF(AN$5=0,0,IF(AN$3>10,IF(AN$4>10,0,10-AN$4-AN$1),AN$3-AN$4-AN$1)) -> 0 | AO61: =IF(AO$5=0,0,IF(AO$3>10,IF(AO$4>10,0,10-AO$4-AO$1),AO$3-AO$4-AO$1)) -> 0 | ... AW61: =IF(AW$5=0,0,IF(AW$3>10,IF(AW$4>10,0,10-AW$4-AW$1),AW$3-AW$4-AW$1)) -> 0
A62: C42 | B62: As Item C41 but between 10 and 20m depth | C62: m | D62: =H62 -> 36 | F62: =IF(ISNUMBER(SEARCH("incl",$D62)),"-",IF(ISNUMBER(SEARCH("not r",$D62)),"-",IF(ISNUMBER(SEARCH("refer",$D62)),"-",IF(C62="sum","",$D62*$E62)))) -> 0 | H62: =SUM(K62:AU62) -> 36 | K62: =IF(K$5=0,0,IF(K$3>10,IF(K$3>20,IF(K$4>10,MIN(K$3,20)-MIN(20,K$4),10),IF(K$4>10,MIN(K$3,20)-MIN(20,K$4),K$3-10)),0)) -> 9 | L62: =IF(L$5=0,0,IF(L$3>10,IF(L$3>20,IF(L$4>10,MIN(L$3,20)-MIN(20,L$4),10),IF(L$4>10,MIN(L$3,20)-MIN(20,L$4),L$3-10)),0)) -> 0 | M62: =IF(M$5=0,0,IF(M$3>10,IF(M$3>20,IF(M$4>10,MIN(M$3,20)-MIN(20,M$4),10),IF(M$4>10,MIN(M$3,20)-MIN(20,M$4),M$3-10)),0)) -> 0 | N62: =IF(N$5=0,0,IF(N$3>10,IF(N$3>20,IF(N$4>10,MIN(N$3,20)-MIN(20,N$4),10),IF(N$4>10,MIN(N$3,20)-MIN(20,N$4),N$3-10)),0)) -> 0 | O62: =IF(O$5=0,0,IF(O$3>10,IF(O$3>20,IF(O$4>10,MIN(O$3,20)-MIN(20,O$4),10),IF(O$4>10,MIN(O$3,20)-MIN(20,O$4),O$3-10)),0)) -> 0 | P62: =IF(P$5=0,0,IF(P$3>10,IF(P$3>20,IF(P$4>10,MIN(P$3,20)-MIN(20,P$4),10),IF(P$4>10,MIN(P$3,20)-MIN(20,P$4),P$3-10)),0)) -> 0 | Q62: =IF(Q$5=0,0,IF(Q$3>10,IF(Q$3>20,IF(Q$4>10,MIN(Q$3,20)-MIN(20,Q$4),10),IF(Q$4>10,MIN(Q$3,20)-MIN(20,Q$4),Q$3-10)),0)) -> 0 | R62: =IF(R$5=0,0,IF(R$3>10,IF(R$3>20,IF(R$4>10,MIN(R$3,20)-MIN(20,R$4),10),IF(R$4>10,MIN(R$3,20)-MIN(20,R$4),R$3-10)),0)) -> 0 | ... AD62: =IF(AD$5=0,0,IF(AD$3>10,IF(AD$3>20,IF(AD$4>10,MIN(AD$3,20)-MIN(20,AD$4),10),IF(AD$4>10,MIN(AD$3,20)-MIN(20,AD$4),AD$3-10)),0)) -> 0 | AE62: 9 | AF62: 9 | AG62: 9 | AH62: =IF(AH$5=0,0,IF(AH$3>10,IF(AH$3>20,IF(AH$4>10,MIN(AH$3,20)-MIN(20,AH$4),10),IF(AH$4>10,MIN(AH$3,20)-MIN(20,AH$4),AH$3-10)),0)) -> 0 | AI62: =IF(AI$5=0,0,IF(AI$3>10,IF(AI$3>20,IF(AI$4>10,MIN(AI$3,20)-MIN(20,AI$4),10),IF(AI$4>10,MIN(AI$3,20)-MIN(20,AI$4),AI$3-10)),0)) -> 0 | AJ62: =IF(AJ$5=0,0,IF(AJ$3>10,IF(AJ$3>20,IF(AJ$4>10,MIN(AJ$3,20)-MIN(20,AJ$4),10),IF(AJ$4>10,MIN(AJ$3,20)-MIN(20,AJ$4),AJ$3-10)),0)) -> 0 | AK62: =IF(AK$5=0,0,IF(AK$3>10,IF(AK$3>20,IF(AK$4>10,MIN(AK$3,20)-MIN(20,AK$4),10),IF(AK$4>10,MIN(AK$3,20)-MIN(20,AK$4),AK$3-10)),0)) -> 0 | AL62: =IF(AL$5=0,0,IF(AL$3>10,IF(AL$3>20,IF(AL$4>10,MIN(AL$3,20)-MIN(20,AL$4),10),IF(AL$4>10,MIN(AL$3,20)-MIN(20,AL$4),AL$3-10)),0)) -> 0 | AM62: =IF(AM$5=0,0,IF(AM$3>10,IF(AM$3>20,IF(AM$4>10,MIN(AM$3,20)-MIN(20,AM$4),10),IF(AM$4>10,MIN(AM$3,20)-MIN(20,AM$4),AM$3-10)),0)) -> 0 | AN62: =IF(AN$5=0,0,IF(AN$3>10,IF(AN$3>20,IF(AN$4>10,MIN(AN$3,20)-MIN(20,AN$4),10),IF(AN$4>10,MIN(AN$3,20)-MIN(20,AN$4),AN$3-10)),0)) -> 0 | AO62: =IF(AO$5=0,0,IF(AO$3>10,IF(AO$3>20,IF(AO$4>10,MIN(AO$3,20)-MIN(20,AO$4),10),IF(AO$4>10,MIN(AO$3,20)-MIN(20,AO$4),AO$3-10)),0)) -> 0 | ... AW62: =IF(AW$5=0,0,IF(AW$3>10,IF(AW$3>20,IF(AW$4>10,MIN(AW$3,20)-MIN(20,AW$4),10),IF(AW$4>10,MIN(AW$3,20)-MIN(20,AW$4),AW$3-10)),0)) -> 0
A63: C43 | B63: As Item C41 but between 20 and 30m depth | C63: m | D63: =H63 -> 0 | F63: =IF(ISNUMBER(SEARCH("incl",$D63)),"-",IF(ISNUMBER(SEARCH("not r",$D63)),"-",IF(ISNUMBER(SEARCH("refer",$D63)),"-",IF(C63="sum","",$D63*$E63)))) -> 0 | H63: =SUM(K63:AU63) -> 0 | K63: =IF(K$5=0,0,IF(K$3>20,IF(K$3>30,IF(K$4>20,MIN(K$3,30)-MIN(30,K$4),10),IF(K$4>20,MIN(K$3,30)-MIN(30,K$4),K$3-20)),0)) -> 0 | L63: =IF(L$5=0,0,IF(L$3>20,IF(L$3>30,IF(L$4>20,MIN(L$3,30)-MIN(30,L$4),10),IF(L$4>20,MIN(L$3,30)-MIN(30,L$4),L$3-20)),0)) -> 0 | M63: =IF(M$5=0,0,IF(M$3>20,IF(M$3>30,IF(M$4>20,MIN(M$3,30)-MIN(30,M$4),10),IF(M$4>20,MIN(M$3,30)-MIN(30,M$4),M$3-20)),0)) -> 0 | N63: =IF(N$5=0,0,IF(N$3>20,IF(N$3>30,IF(N$4>20,MIN(N$3,30)-MIN(30,N$4),10),IF(N$4>20,MIN(N$3,30)-MIN(30,N$4),N$3-20)),0)) -> 0 | O63: =IF(O$5=0,0,IF(O$3>20,IF(O$3>30,IF(O$4>20,MIN(O$3,30)-MIN(30,O$4),10),IF(O$4>20,MIN(O$3,30)-MIN(30,O$4),O$3-20)),0)) -> 0 | P63: =IF(P$5=0,0,IF(P$3>20,IF(P$3>30,IF(P$4>20,MIN(P$3,30)-MIN(30,P$4),10),IF(P$4>20,MIN(P$3,30)-MIN(30,P$4),P$3-20)),0)) -> 0 | Q63: =IF(Q$5=0,0,IF(Q$3>20,IF(Q$3>30,IF(Q$4>20,MIN(Q$3,30)-MIN(30,Q$4),10),IF(Q$4>20,MIN(Q$3,30)-MIN(30,Q$4),Q$3-20)),0)) -> 0 | R63: =IF(R$5=0,0,IF(R$3>20,IF(R$3>30,IF(R$4>20,MIN(R$3,30)-MIN(30,R$4),10),IF(R$4>20,MIN(R$3,30)-MIN(30,R$4),R$3-20)),0)) -> 0 | ... AW63: =IF(AW$5=0,0,IF(AW$3>20,IF(AW$3>30,IF(AW$4>20,MIN(AW$3,30)-MIN(30,AW$4),10),IF(AW$4>20,MIN(AW$3,30)-MIN(30,AW$4),AW$3-20)),0)) -> 0
A64: C44 | B64: As Item C41 but between 30 and 40m depth | C64: m | D64: Not Required | E64: N/A | F64: =IF(ISNUMBER(SEARCH("incl",$D64)),"-",IF(ISNUMBER(SEARCH("not r",$D64)),"-",IF(ISNUMBER(SEARCH("refer",$D64)),"-",IF(C64="sum","",$D64*$E64)))) -> - | H64: =SUM(K64:AU64) -> 0 | K64: =IF(K$5=0,0,IF(K$3>30,IF(K$3>40,IF(K$4>30,MIN(K$3,40)-MIN(40,K$4),10),IF(K$4>30,MIN(K$3,40)-MIN(40,K$4),K$3-30)),0)) -> 0 | L64: =IF(L$5=0,0,IF(L$3>30,IF(L$3>40,IF(L$4>30,MIN(L$3,40)-MIN(40,L$4),10),IF(L$4>30,MIN(L$3,40)-MIN(40,L$4),L$3-30)),0)) -> 0 | M64: =IF(M$5=0,0,IF(M$3>30,IF(M$3>40,IF(M$4>30,MIN(M$3,40)-MIN(40,M$4),10),IF(M$4>30,MIN(M$3,40)-MIN(40,M$4),M$3-30)),0)) -> 0 | N64: =IF(N$5=0,0,IF(N$3>30,IF(N$3>40,IF(N$4>30,MIN(N$3,40)-MIN(40,N$4),10),IF(N$4>30,MIN(N$3,40)-MIN(40,N$4),N$3-30)),0)) -> 0 | O64: =IF(O$5=0,0,IF(O$3>30,IF(O$3>40,IF(O$4>30,MIN(O$3,40)-MIN(40,O$4),10),IF(O$4>30,MIN(O$3,40)-MIN(40,O$4),O$3-30)),0)) -> 0 | P64: =IF(P$5=0,0,IF(P$3>30,IF(P$3>40,IF(P$4>30,MIN(P$3,40)-MIN(40,P$4),10),IF(P$4>30,MIN(P$3,40)-MIN(40,P$4),P$3-30)),0)) -> 0 | Q64: =IF(Q$5=0,0,IF(Q$3>30,IF(Q$3>40,IF(Q$4>30,MIN(Q$3,40)-MIN(40,Q$4),10),IF(Q$4>30,MIN(Q$3,40)-MIN(40,Q$4),Q$3-30)),0)) -> 0 | R64: =IF(R$5=0,0,IF(R$3>30,IF(R$3>40,IF(R$4>30,MIN(R$3,40)-MIN(40,R$4),10),IF(R$4>30,MIN(R$3,40)-MIN(40,R$4),R$3-30)),0)) -> 0 | ... AW64: =IF(AW$5=0,0,IF(AW$3>30,IF(AW$3>40,IF(AW$4>30,MIN(AW$3,40)-MIN(40,AW$4),10),IF(AW$4>30,MIN(AW$3,40)-MIN(40,AW$4),AW$3-30)),0)) -> 0
A65: C45 | B65: As Item C41 but between 40 and 50m depth | C65: m | D65: Not Required | F65: =IF(ISNUMBER(SEARCH("incl",$D65)),"-",IF(ISNUMBER(SEARCH("not r",$D65)),"-",IF(ISNUMBER(SEARCH("refer",$D65)),"-",IF(C65="sum","",$D65*$E65)))) -> - | H65: =SUM(K65:AU65) -> 0 | K65: =IF(K$5=0,0,IF(K$3>40,IF(K$3>50,IF(K$4>40,MIN(K$3,50)-MIN(50-K$4),10),IF(K$4>40,MIN(K$3,50)-MIN(50-K$4),K$3-40)),0)) -> 0 | L65: =IF(L$5=0,0,IF(L$3>40,IF(L$3>50,IF(L$4>40,MIN(L$3,50)-MIN(50-L$4),10),IF(L$4>40,MIN(L$3,50)-MIN(50-L$4),L$3-40)),0)) -> 0 | M65: =IF(M$5=0,0,IF(M$3>40,IF(M$3>50,IF(M$4>40,MIN(M$3,50)-MIN(50-M$4),10),IF(M$4>40,MIN(M$3,50)-MIN(50-M$4),M$3-40)),0)) -> 0 | N65: =IF(N$5=0,0,IF(N$3>40,IF(N$3>50,IF(N$4>40,MIN(N$3,50)-MIN(50-N$4),10),IF(N$4>40,MIN(N$3,50)-MIN(50-N$4),N$3-40)),0)) -> 0 | O65: =IF(O$5=0,0,IF(O$3>40,IF(O$3>50,IF(O$4>40,MIN(O$3,50)-MIN(50-O$4),10),IF(O$4>40,MIN(O$3,50)-MIN(50-O$4),O$3-40)),0)) -> 0 | P65: =IF(P$5=0,0,IF(P$3>40,IF(P$3>50,IF(P$4>40,MIN(P$3,50)-MIN(50-P$4),10),IF(P$4>40,MIN(P$3,50)-MIN(50-P$4),P$3-40)),0)) -> 0 | Q65: =IF(Q$5=0,0,IF(Q$3>40,IF(Q$3>50,IF(Q$4>40,MIN(Q$3,50)-MIN(50-Q$4),10),IF(Q$4>40,MIN(Q$3,50)-MIN(50-Q$4),Q$3-40)),0)) -> 0 | R65: =IF(R$5=0,0,IF(R$3>40,IF(R$3>50,IF(R$4>40,MIN(R$3,50)-MIN(50-R$4),10),IF(R$4>40,MIN(R$3,50)-MIN(50-R$4),R$3-40)),0)) -> 0 | ... AW65: =IF(AW$5=0,0,IF(AW$3>40,IF(AW$3>50,IF(AW$4>40,MIN(AW$3,50)-MIN(50-AW$4),10),IF(AW$4>40,MIN(AW$3,50)-MIN(50-AW$4),AW$3-40)),0)) -> 0
A66: C46 | B66: Extra over Items C41 to C45 for use of semi-rigid liner | C66: m | D66: Not Required | F66: =IF(ISNUMBER(SEARCH("incl",$D66)),"-",IF(ISNUMBER(SEARCH("not r",$D66)),"-",IF(ISNUMBER(SEARCH("refer",$D66)),"-",IF(C66="sum","",$D66*$E66)))) -> - | H66: =SUM(K66:AU66) -> 0
A67: C47 | B67: Extra over Items C41 to C45 for coring inclined rotary drillhole | C67: m | D67: Not Required | F67: =IF(ISNUMBER(SEARCH("incl",$D67)),"-",IF(ISNUMBER(SEARCH("not r",$D67)),"-",IF(ISNUMBER(SEARCH("refer",$D67)),"-",IF(C67="sum","",$D67*$E67)))) -> - | H67: =SUM(K67:AU67) -> 0
A68: C48 | B68: Backfill rotary drillhole with cement/bentonite grout or bentonite pellets (where standpipe or piezometer is not installed) | C68: m3 | D68: =ROUNDUP(H68,0) -> 1 | F68: =IF(ISNUMBER(SEARCH("incl",$D68)),"-",IF(ISNUMBER(SEARCH("not r",$D68)),"-",IF(ISNUMBER(SEARCH("refer",$D68)),"-",IF(C68="sum","",$D68*$E68)))) -> 0 | H68: =SUM(K68:AU68) -> 0.19438605 | I68: 0.15 | K68: =(PI()*$I68^2)/4*K$5 -> 0.19438605 | L68: =(PI()*$I68^2)/4*L$5 -> 0 | M68: =(PI()*$I68^2)/4*M$5 -> 0 | N68: =(PI()*$I68^2)/4*N$5 -> 0 | O68: =(PI()*$I68^2)/4*O$5 -> 0 | P68: =(PI()*$I68^2)/4*P$5 -> 0 | Q68: =(PI()*$I68^2)/4*Q$5 -> 0 | R68: =(PI()*$I68^2)/4*R$5 -> 0 | ... AW68: =(PI()*$I68^2)/4*AW$5 -> 0
A69: C49 | B69: Core box to be retained by the client | C69: nr | D69: Not Required | F69: =IF(ISNUMBER(SEARCH("incl",$D69)),"-",IF(ISNUMBER(SEARCH("not r",$D69)),"-",IF(ISNUMBER(SEARCH("refer",$D69)),"-",IF(C69="sum","",$D69*$E69)))) -> - | H69: =SUM(K69:AU69) -> 0
B70: Rotary percussive drilling (Odex / Symmetrix) | D70: Included in Items C21 to C33 | F70: =IF(ISNUMBER(SEARCH("incl",$D70)),"-",IF(ISNUMBER(SEARCH("not r",$D70)),"-",IF(ISNUMBER(SEARCH("refer",$D70)),"-",IF(C70="sum","",$D70*$E70)))) -> - | H70: =SUM(K70:AU70) -> 0
A71: C50 | B71: Move rotary percussive drilling plant and equipment to the site of each drill hole and set up | C71: nr | D71: Not Required | F71: =IF(ISNUMBER(SEARCH("incl",$D71)),"-",IF(ISNUMBER(SEARCH("not r",$D71)),"-",IF(ISNUMBER(SEARCH("refer",$D71)),"-",IF(C71="sum","",$D71*$E71)))) -> - | H71: =SUM(K71:AU71) -> 0
A72: C51 | B72: Extra over Item C50 for setting up on a slope of gradient greater than 20% | C72: nr | D72: Not Required | F72: =IF(ISNUMBER(SEARCH("incl",$D72)),"-",IF(ISNUMBER(SEARCH("not r",$D72)),"-",IF(ISNUMBER(SEARCH("refer",$D72)),"-",IF(C72="sum","",$D72*$E72)))) -> - | H72: =SUM(K72:AU72) -> 0
A73: C52 | B73: Rotary percussive drill at the specified diameter in any material between existing ground level and 10m depth | C73: m | D73: Not Required | F73: =IF(ISNUMBER(SEARCH("incl",$D73)),"-",IF(ISNUMBER(SEARCH("not r",$D73)),"-",IF(ISNUMBER(SEARCH("refer",$D73)),"-",IF(C73="sum","",$D73*$E73)))) -> - | H73: =SUM(K73:AU73) -> 0
A74: C53 | B74: As Item C52 but between 10 and 20m depth | C74: m | D74: Not Required | F74: =IF(ISNUMBER(SEARCH("incl",$D74)),"-",IF(ISNUMBER(SEARCH("not r",$D74)),"-",IF(ISNUMBER(SEARCH("refer",$D74)),"-",IF(C74="sum","",$D74*$E74)))) -> - | H74: =SUM(K74:AU74) -> 0
A75: C54 | B75: As Item C52 but between 20 and 30m depth | C75: m | D75: Not Required | F75: =IF(ISNUMBER(SEARCH("incl",$D75)),"-",IF(ISNUMBER(SEARCH("not r",$D75)),"-",IF(ISNUMBER(SEARCH("refer",$D75)),"-",IF(C75="sum","",$D75*$E75)))) -> - | H75: =SUM(K75:AU75) -> 0
A76: C55 | B76: As Item C52 but between 30 and 40m depth | C76: m | D76: Not Required | F76: =IF(ISNUMBER(SEARCH("incl",$D76)),"-",IF(ISNUMBER(SEARCH("not r",$D76)),"-",IF(ISNUMBER(SEARCH("refer",$D76)),"-",IF(C76="sum","",$D76*$E76)))) -> - | H76: =SUM(K76:AU76) -> 0
A77: C56 | B77: As Item C52 but between 40 and 50m depth | C77: m | D77: Not Required | F77: =IF(ISNUMBER(SEARCH("incl",$D77)),"-",IF(ISNUMBER(SEARCH("not r",$D77)),"-",IF(ISNUMBER(SEARCH("refer",$D77)),"-",IF(C77="sum","",$D77*$E77)))) -> - | H77: =SUM(K77:AU77) -> 0
A78: C57 | B78: Standing time for rotary percussive drilling plant, equipment and crew | C78: h | D78: Not Required | F78: =IF(ISNUMBER(SEARCH("incl",$D78)),"-",IF(ISNUMBER(SEARCH("not r",$D78)),"-",IF(ISNUMBER(SEARCH("refer",$D78)),"-",IF(C78="sum","",$D78*$E78)))) -> - | H78: =SUM(K78:AU78) -> 0
A79: C58 | B79: Backfill rotary percussive drillhole with cement/bentonite grout or bentonite pellets (where standpipe or piezometer is not installed) | C79: m | D79: Not Required | F79: =IF(ISNUMBER(SEARCH("incl",$D79)),"-",IF(ISNUMBER(SEARCH("not r",$D79)),"-",IF(ISNUMBER(SEARCH("refer",$D79)),"-",IF(C79="sum","",$D79*$E79)))) -> - | H79: =SUM(K79:AU79) -> 0
B80: Geobor S Rotary Drilling | H80: =SUM(K80:AU80) -> 0
A81: C59 | B81: Move drilling plant and equipment to the site of each exploratory drillhole and set up equipment (including recirculation tanks), dismantle on completion and reinstate | C81: nr | D81: Not Required | F81: =IF(ISNUMBER(SEARCH("incl",$D81)),"-",IF(ISNUMBER(SEARCH("not r",$D81)),"-",IF(ISNUMBER(SEARCH("refer",$D81)),"-",IF(C81="sum","",$D81*$E81)))) -> - | H81: =SUM(K81:AU81) -> 0
A82: C59.1 | B82: Move drilling plant and equipment to the site of each exploratory drillhole and set up equipment (including recirculation tanks) over safety barrier or other fence or wall, set up, dismantle on completion and reinstate | C82: nr | D82: Not Required | F82: =IF(ISNUMBER(SEARCH("incl",$D82)),"-",IF(ISNUMBER(SEARCH("not r",$D82)),"-",IF(ISNUMBER(SEARCH("refer",$D82)),"-",IF(C82="sum","",$D82*$E82)))) -> - | H82: =SUM(K82:AU82) -> 0
A83: C60 | B83: Hand digging and CAT scan at rotary drillhole location to confirm absence of utility ducts ( maximum depth of 1.2m or lesser if ground is assessed as potentially unstable) | C83: nr | D83: Not Required | F83: =IF(ISNUMBER(SEARCH("incl",$D83)),"-",IF(ISNUMBER(SEARCH("not r",$D83)),"-",IF(ISNUMBER(SEARCH("refer",$D83)),"-",IF(C83="sum","",$D83*$E83)))) -> - | H83: =SUM(K83:AU83) -> 0
A84: C61 | B84: Provision of biodegradable polymer gel (drilling fluid) for Geobor S coring | C84: sum | D84: Not Required | F84: =IF(ISNUMBER(SEARCH("incl",$D84)),"-",IF(ISNUMBER(SEARCH("not r",$D84)),"-",IF(ISNUMBER(SEARCH("refer",$D84)),"-",IF(C84="sum","",$D84*$E84)))) -> - | H84: =SUM(K84:AU84) -> 0
A85: C62 | B85: Break out surface obstructions where present at exploratory drillhole | C85: m3 | D85: Not Required | F85: =IF(ISNUMBER(SEARCH("incl",$D85)),"-",IF(ISNUMBER(SEARCH("not r",$D85)),"-",IF(ISNUMBER(SEARCH("refer",$D85)),"-",IF(C85="sum","",$D85*$E85)))) -> - | H85: =SUM(K85:AU85) -> 0
A86: C63 | B86: Standing time for Geobor S drilling plant, equipment and crew | C86: h | D86: Not Required | F86: =IF(ISNUMBER(SEARCH("incl",$D86)),"-",IF(ISNUMBER(SEARCH("not r",$D86)),"-",IF(ISNUMBER(SEARCH("refer",$D86)),"-",IF(C86="sum","",$D86*$E86)))) -> - | H86: =SUM(K86:AU86) -> 0
B87: Geobor S Rotary Coring (to produce 102mm diameter cores) | D87: Not Required | F87: =IF(ISNUMBER(SEARCH("incl",$D87)),"-",IF(ISNUMBER(SEARCH("not r",$D87)),"-",IF(ISNUMBER(SEARCH("refer",$D87)),"-",IF(C87="sum","",$D87*$E87)))) -> - | H87: =SUM(K87:AU87) -> 0
A88: C64 | B88: Rotary openhole drilling without core recover to install casing prior to Geobor coring (nominally 1.5m) | C88: m | D88: Not Required | F88: =IF(ISNUMBER(SEARCH("incl",$D88)),"-",IF(ISNUMBER(SEARCH("not r",$D88)),"-",IF(ISNUMBER(SEARCH("refer",$D88)),"-",IF(C88="sum","",$D88*$E88)))) -> - | H88: =SUM(K88:AU88) -> 0
A89: C65 | B89: Rotary drilling with Geobor S equipment to recover cores of overburden material using polymer gel/mud drilling fluid in depth range 0 to 10m | C89: m | D89: Not Required | F89: =IF(ISNUMBER(SEARCH("incl",$D89)),"-",IF(ISNUMBER(SEARCH("not r",$D89)),"-",IF(ISNUMBER(SEARCH("refer",$D89)),"-",IF(C89="sum","",$D89*$E89)))) -> - | H89: =SUM(K89:AU89) -> 0
A90: C66 | B90: As Item C65 but between 10 and 20m depth | C90: m | D90: Not Required | F90: =IF(ISNUMBER(SEARCH("incl",$D90)),"-",IF(ISNUMBER(SEARCH("not r",$D90)),"-",IF(ISNUMBER(SEARCH("refer",$D90)),"-",IF(C90="sum","",$D90*$E90)))) -> - | H90: =SUM(K90:AU90) -> 0
A91: C67 | B91: As Item C65 but between 20 and 30m depth | C91: m | D91: Not Required | F91: =IF(ISNUMBER(SEARCH("incl",$D91)),"-",IF(ISNUMBER(SEARCH("not r",$D91)),"-",IF(ISNUMBER(SEARCH("refer",$D91)),"-",IF(C91="sum","",$D91*$E91)))) -> - | H91: =SUM(K91:AU91) -> 0
A92: C68 | B92: As Item C65 but between 30 and 40m depth | C92: m | D92: Not Required | F92: =IF(ISNUMBER(SEARCH("incl",$D92)),"-",IF(ISNUMBER(SEARCH("not r",$D92)),"-",IF(ISNUMBER(SEARCH("refer",$D92)),"-",IF(C92="sum","",$D92*$E92)))) -> - | H92: =SUM(K92:AU92) -> 0
A93: C69 | B93: As Item C65 but between 40 and 50m depth | C93: m | D93: Not Required | F93: =IF(ISNUMBER(SEARCH("incl",$D93)),"-",IF(ISNUMBER(SEARCH("not r",$D93)),"-",IF(ISNUMBER(SEARCH("refer",$D93)),"-",IF(C93="sum","",$D93*$E93)))) -> - | H93: =SUM(K93:AU93) -> 0
A94: C70 | B94: Rotary drilling using Geobor S equipment to recover cores in bedrock formation(s) using polymer gel/mud drilling fluid in depth range 0 to 10m | C94: m | D94: Not Required | F94: =IF(ISNUMBER(SEARCH("incl",$D94)),"-",IF(ISNUMBER(SEARCH("not r",$D94)),"-",IF(ISNUMBER(SEARCH("refer",$D94)),"-",IF(C94="sum","",$D94*$E94)))) -> - | H94: =SUM(K94:AU94) -> 0
A95: C71 | B95: As Item C65 but between 10 and 20m depth | C95: m | D95: Not Required | F95: =IF(ISNUMBER(SEARCH("incl",$D95)),"-",IF(ISNUMBER(SEARCH("not r",$D95)),"-",IF(ISNUMBER(SEARCH("refer",$D95)),"-",IF(C95="sum","",$D95*$E95)))) -> - | H95: =SUM(K95:AU95) -> 0
A96: C72 | B96: As Item C65 but between 20 and 30m depth | C96: m | D96: Not Required | F96: =IF(ISNUMBER(SEARCH("incl",$D96)),"-",IF(ISNUMBER(SEARCH("not r",$D96)),"-",IF(ISNUMBER(SEARCH("refer",$D96)),"-",IF(C96="sum","",$D96*$E96)))) -> - | H96: =SUM(K96:AU96) -> 0
A97: C73 | B97: As Item C65 but between 30 and 40m depth | C97: m | D97: Not Required | F97: =IF(ISNUMBER(SEARCH("incl",$D97)),"-",IF(ISNUMBER(SEARCH("not r",$D97)),"-",IF(ISNUMBER(SEARCH("refer",$D97)),"-",IF(C97="sum","",$D97*$E97)))) -> - | H97: =SUM(K97:AU97) -> 0
A98: C74 | B98: As Item C65 but between 40 and 50m depth | C98: m | D98: Not Required | F98: =IF(ISNUMBER(SEARCH("incl",$D98)),"-",IF(ISNUMBER(SEARCH("not r",$D98)),"-",IF(ISNUMBER(SEARCH("refer",$D98)),"-",IF(C98="sum","",$D98*$E98)))) -> - | H98: =SUM(K98:AU98) -> 0
A99: C75 | B99: Extra over items C64 to C74 for inclined Geobor S drillhole (maximum of 20 degrees from the vertical) | C99: m | D99: Not Required | F99: =IF(ISNUMBER(SEARCH("incl",$D99)),"-",IF(ISNUMBER(SEARCH("not r",$D99)),"-",IF(ISNUMBER(SEARCH("refer",$D99)),"-",IF(C99="sum","",$D99*$E99)))) -> - | H99: =SUM(K99:AU99) -> 0
B100: Geobor S Rotary Drilling - Additional Items | D100: Not Required | F100: =IF(ISNUMBER(SEARCH("incl",$D100)),"-",IF(ISNUMBER(SEARCH("not r",$D100)),"-",IF(ISNUMBER(SEARCH("refer",$D100)),"-",IF(C100="sum","",$D100*$E100)))) -> - | H100: =SUM(K100:AU100) -> 0
...

Sheet Section D
J1: xxx | K1: ='Section B'!K1 -> 0 | L1: ='Section B'!L1 -> 0 | M1: ='Section B'!M1 -> 0 | N1: ='Section B'!N1 -> 0 | O1: ='Section B'!O1 -> 0 | P1: ='Section B'!P1 -> 0 | Q1: ='Section B'!Q1 -> 0 | R1: ='Section B'!R1 -> 0 | ... AW1: ='Section B'!AW1 -> 0
H2: TRIAL PITS | J2: SITE-NEW | K2: ='Log Schedule'!A35 -> TP 01 | L2: ='Log Schedule'!A36 -> TP 02
J3: TP | K3: =IF(K$4>0,CONCATENATE("TP-",K2),IF('Section B'!K$3=0,"TP??","-")) -> TP-TP 01 | L3: =IF(L$4>0,CONCATENATE("TP-",L2),IF('Section B'!L$3=0,"TP??","-")) -> TP-TP 02 | M3: =IF(M$4>0,CONCATENATE("TP-",M2),IF('Section B'!M$3=0,"TP??","-")) -> TP?? | N3: =IF(N$4>0,CONCATENATE("TP-",N2),IF('Section B'!N$3=0,"TP??","-")) -> TP?? | O3: =IF(O$4>0,CONCATENATE("TP-",O2),IF('Section B'!O$3=0,"TP??","-")) -> TP?? | P3: =IF(P$4>0,CONCATENATE("TP-",P2),IF('Section B'!P$3=0,"TP??","-")) -> TP?? | Q3: =IF(Q$4>0,CONCATENATE("TP-",Q2),IF('Section B'!Q$3=0,"TP??","-")) -> TP?? | R3: =IF(R$4>0,CONCATENATE("TP-",R2),IF('Section B'!R$3=0,"TP??","-")) -> TP?? | ... AW3: =IF(AW$4>0,CONCATENATE("TP-",AW2),IF('Section B'!AW$3=0,"TP??","-")) -> TP??
J4: TP Depth | K4: ='Log Schedule'!C35 -> 4.5 | L4: ='Log Schedule'!C36 -> 4.5
H5: CALC | J5: SLOPE
J6: CRASH BARRIER
J7: VERGE/Purple Book/ROL | AT7: 1 | AU7: 1
A8: Number | B8: Item description | C8: Unit | D8: Quantity | E8: Rate | F8: Amount | H8: Totals | J8: CBR | Y8: 0 | AB8: 1 | AC8: 1
E9: € | F9: € | J9: Paved Area | V9: 1 | AT9: 1 | AU9: 1
A10: D | B10: Pitting and trenching
B11: Inspection pits Included for each exploratory hole: refer hand digging and CAT scan items at exploratory hole locations
A12: D1 | B12: Excavate inspection pit by hand to 1.2m depth. | C12: nr | D12: Not required | E12: N/A | F12: =IF(ISNUMBER(SEARCH("incl",$D12)),"-",IF(ISNUMBER(SEARCH("not r",$D12)),"-",IF(ISNUMBER(SEARCH("refer",$D12)),"-",IF(C12="sum","",$D12*$E12)))) -> -
A13: D2 | B13: Extra over Item D1 for breaking out surface obstructions. | C13: m3 | D13: Not required | E13: N/A | F13: =IF(ISNUMBER(SEARCH("incl",$D13)),"-",IF(ISNUMBER(SEARCH("not r",$D13)),"-",IF(ISNUMBER(SEARCH("refer",$D13)),"-",IF(C13="sum","",$D13*$E13)))) -> - | K13: was hrs: change to m3
B14: Trial pits and trenches (non paved areas) | Y14: =IF(Y$3>0,IF(Y$4>0,IF(Y5=0,0,IF(Y$6=0,0,1)),0)) -> 0 | BK14: ST | BL14: plus TP | BM14: minus ST road
A15: D3 | B15: Move equipment to the site of each trial pit or trench dismantle on completion and reinstate. | C15: nr | D15: =H15 -> -1 | F15: =IF(ISNUMBER(SEARCH("incl",$D15)),"-",IF(ISNUMBER(SEARCH("not r",$D15)),"-",IF(ISNUMBER(SEARCH("refer",$D15)),"-",IF(C15="sum","",$D15*$E15)))) -> 0 | H15: =SUM(K15:BF15)-I26 -> -1 | K15: =IF(K$4>0,1,0) -> 1 | L15: =IF(L$4>0,1,0) -> 1 | M15: =IF(M$4>0,1,0) -> 0 | N15: =IF(N$4>0,1,0) -> 0 | O15: =IF(O$4>0,1,0) -> 0 | P15: =IF(P$4>0,1,0) -> 0 | Q15: =IF(Q$4>0,1,0) -> 0 | R15: =IF(R$4>0,1,0) -> 0 | ... BF15: =IF(BF$4>0,1,0) -> 0 | BG15: based on X No ST's in carriageway/footway | BK15: 0 | BL15: 0 | BM15: 0 | BN15: =BK15+BL15-BM15 -> 0
A16: D3.1 | B16: Extra over item D3 for setting to the site of exploratory hole over safety barrier or other fence or wall, set up, dismantle on completion and reinstate. | C16: nr | D16: Not required | E16: N/A | F16: =IF(ISNUMBER(SEARCH("incl",$D16)),"-",IF(ISNUMBER(SEARCH("not r",$D16)),"-",IF(ISNUMBER(SEARCH("refer",$D16)),"-",IF(C16="sum","",$D16*$E16)))) -> - | H16: =SUM(K16:AU16) -> 0 | K16: =IF(K$6>0,1,0) -> 0 | L16: =IF(L$6>0,1,0) -> 0 | M16: =IF(M$6>0,1,0) -> 0 | N16: =IF(N$6>0,1,0) -> 0 | O16: =IF(O$6>0,1,0) -> 0 | P16: =IF(P$6>0,1,0) -> 0 | Q16: =IF(Q$6>0,1,0) -> 0 | R16: =IF(R$6>0,1,0) -> 0 | ... BF16: =IF(BF$6>0,1,0) -> 0
A17: D4 | B17: Extra over Item D3 for setting up on a slope of gradient greater than 20% | C17: nr | D17: Not required | E17: N/A | F17: =IF(ISNUMBER(SEARCH("incl",$D17)),"-",IF(ISNUMBER(SEARCH("not r",$D17)),"-",IF(ISNUMBER(SEARCH("refer",$D17)),"-",IF(C17="sum","",$D17*$E17)))) -> - | H17: =SUM(K17:AU17) -> 0 | K17: =IF(K$5>0,1,0) -> 0 | L17: =IF(L$5>0,1,0) -> 0 | M17: =IF(M$5>0,1,0) -> 0 | N17: =IF(N$5>0,1,0) -> 0 | O17: =IF(O$5>0,1,0) -> 0 | P17: =IF(P$5>0,1,0) -> 0 | Q17: =IF(Q$5>0,1,0) -> 0 | R17: =IF(R$5>0,1,0) -> 0 | ... BF17: =IF(BF$5>0,1,0) -> 0
A18: D5 | B18: Extra over Item D3 for trial pit or trench between 4.5 and 6m depth | C18: nr | D18: Not required | E18: N/A | F18: =IF(ISNUMBER(SEARCH("incl",$D18)),"-",IF(ISNUMBER(SEARCH("not r",$D18)),"-",IF(ISNUMBER(SEARCH("refer",$D18)),"-",IF(C18="sum","",$D18*$E18)))) -> - | H18: =SUM(K18:AU18) -> 0
A19: D6 | B19: Excavate trial pit between existing ground level and 3m depth | C19: m depth | D19: =H19 -> 6 | F19: =IF(ISNUMBER(SEARCH("incl",$D19)),"-",IF(ISNUMBER(SEARCH("not r",$D19)),"-",IF(ISNUMBER(SEARCH("refer",$D19)),"-",IF(C19="sum","",$D19*$E19)))) -> 0 | H19: =SUM(K19:BF19) -> 6 | K19: =IF(K$4>3,3,K$4) -> 3 | L19: =IF(L$4>3,3,L$4) -> 3 | M19: =IF(M$4>3,3,M$4) -> 0 | N19: =IF(N$4>3,3,N$4) -> 0 | O19: =IF(O$4>3,3,O$4) -> 0 | P19: =IF(P$4>3,3,P$4) -> 0 | Q19: =IF(Q$4>3,3,Q$4) -> 0 | R19: =IF(R$4>3,3,R$4) -> 0 | ... BF19: =IF(BF$4>3,3,BF$4) -> 0
A20: D7 | B20: As Item D6 but between 3.0 and 4.5m depth | C20: m | D20: =H20 -> 3 | F20: =IF(ISNUMBER(SEARCH("incl",$D20)),"-",IF(ISNUMBER(SEARCH("not r",$D20)),"-",IF(ISNUMBER(SEARCH("refer",$D20)),"-",IF(C20="sum","",$D20*$E20)))) -> 0 | H20: =SUM(K20:BF20) -> 3 | K20: =IF(K$4>3,IF(K$4>4.5,1.5,K$4-3),0) -> 1.5 | L20: =IF(L$4>3,IF(L$4>4.5,1.5,L$4-3),0) -> 1.5 | M20: =IF(M$4>3,IF(M$4>4.5,1.5,M$4-3),0) -> 0 | N20: =IF(N$4>3,IF(N$4>4.5,1.5,N$4-3),0) -> 0 | O20: =IF(O$4>3,IF(O$4>4.5,1.5,O$4-3),0) -> 0 | P20: =IF(P$4>3,IF(P$4>4.5,1.5,P$4-3),0) -> 0 | Q20: =IF(Q$4>3,IF(Q$4>4.5,1.5,Q$4-3),0) -> 0 | R20: =IF(R$4>3,IF(R$4>4.5,1.5,R$4-3),0) -> 0 | ... BF20: =IF(BF$4>3,IF(BF$4>4.5,1.5,BF$4-3),0) -> 0
A21: D8 | B21: As Item D6 but between 4.5 and 6m depth | C21: m | D21: Not required | E21: N/A | F21: =IF(ISNUMBER(SEARCH("incl",$D21)),"-",IF(ISNUMBER(SEARCH("not r",$D21)),"-",IF(ISNUMBER(SEARCH("refer",$D21)),"-",IF(C21="sum","",$D21*$E21)))) -> - | H21: =SUM(K21:AU21) -> 0 | K21: =IF(K$4>4.5,K$4-4.5,0) -> 0 | L21: =IF(L$4>4.5,L$4-4.5,0) -> 0 | M21: =IF(M$4>4.5,M$4-4.5,0) -> 0 | N21: =IF(N$4>4.5,N$4-4.5,0) -> 0 | O21: =IF(O$4>4.5,O$4-4.5,0) -> 0 | P21: =IF(P$4>4.5,P$4-4.5,0) -> 0 | Q21: =IF(Q$4>4.5,Q$4-4.5,0) -> 0 | R21: =IF(R$4>4.5,R$4-4.5,0) -> 0 | ... BF21: =IF(BF$4>4.5,BF$4-4.5,0) -> 0
A22: D9 | B22: Excavate trial trench between existing ground level and 3.0m depth | C22: m3 | D22: Not required | E22: N/A | F22: =IF(ISNUMBER(SEARCH("incl",$D22)),"-",IF(ISNUMBER(SEARCH("not r",$D22)),"-",IF(ISNUMBER(SEARCH("refer",$D22)),"-",IF(C22="sum","",$D22*$E22)))) -> - | BG22: was 1200 | BH22: take as = (No of trenches x 2.5m assumed depth x 5m average length) | BO22: spec say 1.5m depth
A23: D10 | B23: As Item D9 between 3.0 and 4.5m in depth | C23: m3 | D23: Not required | E23: N/A | F23: =IF(ISNUMBER(SEARCH("incl",$D23)),"-",IF(ISNUMBER(SEARCH("not r",$D23)),"-",IF(ISNUMBER(SEARCH("refer",$D23)),"-",IF(C23="sum","",$D23*$E23)))) -> - | BI23: 31 | BJ23: 1.5 | BK23: 5 | BL23: 0.45 | BN23: =BI23*BJ23*BK23*BL23 -> 104.625 | BO23: 110
A24: D11 | B24: As Item D9 between 4.5 and 6m depth | C24: m3 | D24: Not required | E24: N/A | F24: =IF(ISNUMBER(SEARCH("incl",$D24)),"-",IF(ISNUMBER(SEARCH("not r",$D24)),"-",IF(ISNUMBER(SEARCH("refer",$D24)),"-",IF(C24="sum","",$D24*$E24)))) -> - | BI24: No | BJ24: D | BK24: L | BL24: W | BN24: Vol
B25: Trial pits and trenches (paved areas) | I25: TPs in Paved Areas
A26: D12 | B26: Set up trial pit in road area to include erection of traffic management systems (works supervised by Engineer/ Geologist with valid CSCS Card for signing, lighting and guarding at roadworks) | C26: nr | D26: =H26 -> 3 | F26: =IF(ISNUMBER(SEARCH("incl",$D26)),"-",IF(ISNUMBER(SEARCH("not r",$D26)),"-",IF(ISNUMBER(SEARCH("refer",$D26)),"-",IF(C26="sum","",$D26*$E26)))) -> 0 | H26: =I26 -> 3 | I26: =SUM(K9:BF9) -> 3
A27: D13 | B27: Set up slit trench in road area to include erection of traffic management systems (works supervised by Engineer/ Geologist with valid CSCS Card for signing, lighting and guarding at roadworks) | C27: nr | D27: =H27 -> 11 | F27: =IF(ISNUMBER(SEARCH("incl",$D27)),"-",IF(ISNUMBER(SEARCH("not r",$D27)),"-",IF(ISNUMBER(SEARCH("refer",$D27)),"-",IF(C27="sum","",$D27*$E27)))) -> 0 | H27: 11
A28: D14 | B28: Saw cut paved areas in advance of the works | C28: ln m | D28: =ROUNDUP(H28,0) -> 84 | F28: =IF(ISNUMBER(SEARCH("incl",$D28)),"-",IF(ISNUMBER(SEARCH("not r",$D28)),"-",IF(ISNUMBER(SEARCH("refer",$D28)),"-",IF(C28="sum","",$D28*$E28)))) -> 0 | H28: =SUM(K28:BF28)+(M33*J33) -> 84 | K28: =IF(K$9=1,2+1+2+1,0) -> 0 | L28: =IF(L$9=1,2+1+2+1,0) -> 0 | M28: =IF(M$9=1,2+1+2+1,0) -> 0 | N28: =IF(N$9=1,2+1+2+1,0) -> 0 | O28: =IF(O$9=1,2+1+2+1,0) -> 0 | P28: =IF(P$9=1,2+1+2+1,0) -> 0 | Q28: =IF(Q$9=1,2+1+2+1,0) -> 0 | R28: =IF(R$9=1,2+1+2+1,0) -> 0 | ... BF28: =IF(BF$9=1,2+1+2+1,0) -> 0 | BH28: take as = [ No of trenches x (2No sides x 3m) + (2No sides x 1m) ]
A29: D15 | B29: Breaking out hard material or surface obstructions | C29: m3 | D29: =ROUNDUP(H29,0) -> 4 | F29: =IF(ISNUMBER(SEARCH("incl",$D29)),"-",IF(ISNUMBER(SEARCH("not r",$D29)),"-",IF(ISNUMBER(SEARCH("refer",$D29)),"-",IF(C29="sum","",$D29*$E29)))) -> 0 | H29: =SUM(K29:BF29) -> 3.6 | J29: Nominal | K29: =K$28*0.2 -> 0 | L29: =L$28*0.2 -> 0 | M29: =M$28*0.2 -> 0 | N29: =N$28*0.2 -> 0 | O29: =O$28*0.2 -> 0 | P29: =P$28*0.2 -> 0 | Q29: =Q$28*0.2 -> 0 | R29: =R$28*0.2 -> 0 | ... BF29: =BF$28*0.2 -> 0 | BG29: was5.25 | BH29: take as = (No of trenches x 250mm assumed surface x (3x1)sqm )
A30: D16 | B30: Excavate trial pit in paved areas between ground level and 1.20m depth (works by either hand excavation or hand assisted machine excavation) | C30: m depth | D30: =ROUNDUP(H30,0) -> 0 | F30: =IF(ISNUMBER(SEARCH("incl",$D30)),"-",IF(ISNUMBER(SEARCH("not r",$D30)),"-",IF(ISNUMBER(SEARCH("refer",$D30)),"-",IF(C30="sum","",$D30*$E30)))) -> 0 | H30: =SUM(K30:BF30) -> 0 | K30: =IF(K$9=1,IF(K$4>1.2,1.2,K$4),0) -> 0 | L30: =IF(L$9=1,IF(L$4>1.2,1.2,L$4),0) -> 0 | M30: =IF(M$9=1,IF(M$4>1.2,1.2,M$4),0) -> 0 | N30: =IF(N$9=1,IF(N$4>1.2,1.2,N$4),0) -> 0 | O30: =IF(O$9=1,IF(O$4>1.2,1.2,O$4),0) -> 0 | P30: =IF(P$9=1,IF(P$4>1.2,1.2,P$4),0) -> 0 | Q30: =IF(Q$9=1,IF(Q$4>1.2,1.2,Q$4),0) -> 0 | R30: =IF(R$9=1,IF(R$4>1.2,1.2,R$4),0) -> 0 | ... BF30: =IF(BF$9=1,IF(BF$4>1.2,1.2,BF$4),0) -> 0 | BI30: 0 | BJ30: 0.25 | BK30: 5 | BL30: 0.45 | BN30: =BI30*BJ30*BK30*BL30 -> 0
A31: D17 | B31: As D16 but depth in range 1.2m to 3.0m | C31: ln m | D31: =ROUNDUP(H31,0) -> 0 | F31: =IF(ISNUMBER(SEARCH("incl",$D31)),"-",IF(ISNUMBER(SEARCH("not r",$D31)),"-",IF(ISNUMBER(SEARCH("refer",$D31)),"-",IF(C31="sum","",$D31*$E31)))) -> 0 | H31: =SUM(K31:BF31) -> 0 | K31: =IF(K$9=1,IF(K$4>1.2,IF(K$4>3,1.8,K$4-1.2),0),0) -> 0 | L31: =IF(L$9=1,IF(L$4>1.2,IF(L$4>3,1.8,L$4-1.2),0),0) -> 0 | M31: =IF(M$9=1,IF(M$4>1.2,IF(M$4>3,1.8,M$4-1.2),0),0) -> 0 | N31: =IF(N$9=1,IF(N$4>1.2,IF(N$4>3,1.8,N$4-1.2),0),0) -> 0 | O31: =IF(O$9=1,IF(O$4>1.2,IF(O$4>3,1.8,O$4-1.2),0),0) -> 0 | P31: =IF(P$9=1,IF(P$4>1.2,IF(P$4>3,1.8,P$4-1.2),0),0) -> 0 | Q31: =IF(Q$9=1,IF(Q$4>1.2,IF(Q$4>3,1.8,Q$4-1.2),0),0) -> 0 | R31: =IF(R$9=1,IF(R$4>1.2,IF(R$4>3,1.8,R$4-1.2),0),0) -> 0 | ... BF31: =IF(BF$9=1,IF(BF$4>1.2,IF(BF$4>3,1.8,BF$4-1.2),0),0) -> 0 | BG31: 1.2m-0.25=0.95m | BI31: No of ST | BJ31: D | BK31: L | BL31: W | BN31: Vol
A32: D18 | B32: Excavate slit trench in paved areas between ground level and 1.2m depth (works by either hand excavation or hand assisted machine excavation) | C32: m³ | D32: =H32 -> 79.2 | F32: =IF(ISNUMBER(SEARCH("incl",$D32)),"-",IF(ISNUMBER(SEARCH("not r",$D32)),"-",IF(ISNUMBER(SEARCH("refer",$D32)),"-",IF(C32="sum","",$D32*$E32)))) -> 0 | H32: =J33*K33 -> 79.2 | J32: No. Slit Trenches | K32: Pit Volume | M32: Slit Trench Area | BI32: 0 | BJ32: 0.95 | BK32: 5 | BL32: 0.45 | BN32: =BI32*BJ32*BK32*BL32 -> 0
A33: D19 | B33: Excavate slit trench in paved areas between 1.2m to 3.0m depth (works by either hand excavation or hand assisted machine excavation) | C33: m³ | D33: Not required | F33: =IF(ISNUMBER(SEARCH("incl",$D33)),"-",IF(ISNUMBER(SEARCH("not r",$D33)),"-",IF(ISNUMBER(SEARCH("refer",$D33)),"-",IF(C33="sum","",$D33*$E33)))) -> - | J33: =H27 -> 11 | K33: =(2+1+2+1)*1.2 -> 7.2 | M33: =(2+1+2+1) -> 6 | BH33: assume only 25% of ST's to be excavated to this depth in carriageway/footway
A34: D20 | B34: Standing time for excavation plant, equipment and crew for machine dug trial pit or trench | C34: h | D34: =H34 -> 9 | F34: =IF(ISNUMBER(SEARCH("incl",$D34)),"-",IF(ISNUMBER(SEARCH("not r",$D34)),"-",IF(ISNUMBER(SEARCH("refer",$D34)),"-",IF(C34="sum","",$D34*$E34)))) -> 0 | H34: 9 | BI34: 0 | BJ34: 0.3 | BK34: 5 | BL34: 0.45 | BN34: =BI34*BJ34*BK34*BL34 -> 0
B35: Observation pits and trenches | BI35: No of ST | BJ35: D | BK35: L | BL35: W | BN35: Vol
A36: D21 | B36: Move equipment to the site of each observation pit or trench of not greater than 4.5m depth | C36: nr | D36: Not required | E36: N/A | F36: =IF(ISNUMBER(SEARCH("incl",$D36)),"-",IF(ISNUMBER(SEARCH("not r",$D36)),"-",IF(ISNUMBER(SEARCH("refer",$D36)),"-",IF(C36="sum","",$D36*$E36)))) -> -
A37: D22 | B37: Extra over Item D21 for setting up on a slope of gradient greater than 20% | C37: nr | D37: Not required | E37: N/A | F37: =IF(ISNUMBER(SEARCH("incl",$D37)),"-",IF(ISNUMBER(SEARCH("not r",$D37)),"-",IF(ISNUMBER(SEARCH("refer",$D37)),"-",IF(C37="sum","",$D37*$E37)))) -> -
A38: D23 | B38: Extra over Item D21 for trial pit or trench between 4.5 and 6m depth | C38: nr | D38: Not required | E38: N/A | F38: =IF(ISNUMBER(SEARCH("incl",$D38)),"-",IF(ISNUMBER(SEARCH("not r",$D38)),"-",IF(ISNUMBER(SEARCH("refer",$D38)),"-",IF(C38="sum","",$D38*$E38)))) -> -
A39: D24 | B39: Excavate observation pit between existing ground level and 3.0m depth | C39: m | D39: Not required | E39: N/A | F39: =IF(ISNUMBER(SEARCH("incl",$D39)),"-",IF(ISNUMBER(SEARCH("not r",$D39)),"-",IF(ISNUMBER(SEARCH("refer",$D39)),"-",IF(C39="sum","",$D39*$E39)))) -> -
A40: D25 | B40: As Item D24 but between 3.0 and 4.5m depth | C40: m | D40: Not required | E40: N/A | F40: =IF(ISNUMBER(SEARCH("incl",$D40)),"-",IF(ISNUMBER(SEARCH("not r",$D40)),"-",IF(ISNUMBER(SEARCH("refer",$D40)),"-",IF(C40="sum","",$D40*$E40)))) -> -
A41: D26 | B41: As Item D24 but between 4.5 and 6m depth | C41: m | D41: Not required | E41: N/A | F41: =IF(ISNUMBER(SEARCH("incl",$D41)),"-",IF(ISNUMBER(SEARCH("not r",$D41)),"-",IF(ISNUMBER(SEARCH("refer",$D41)),"-",IF(C41="sum","",$D41*$E41)))) -> -
A42: D27 | B42: Extra over Item D24 for hand excavation | C42: m | D42: Not required | E42: N/A | F42: =IF(ISNUMBER(SEARCH("incl",$D42)),"-",IF(ISNUMBER(SEARCH("not r",$D42)),"-",IF(ISNUMBER(SEARCH("refer",$D42)),"-",IF(C42="sum","",$D42*$E42)))) -> -
A43: D28 | B43: Excavate observation trench between existing ground level and 3.0m depth | C43: m3 | D43: Not required | E43: N/A | F43: =IF(ISNUMBER(SEARCH("incl",$D43)),"-",IF(ISNUMBER(SEARCH("not r",$D43)),"-",IF(ISNUMBER(SEARCH("refer",$D43)),"-",IF(C43="sum","",$D43*$E43)))) -> -
A44: D29 | B44: As Item D28 but between 3.0 and 4.5m depth | C44: m3 | D44: Not required | E44: N/A | F44: =IF(ISNUMBER(SEARCH("incl",$D44)),"-",IF(ISNUMBER(SEARCH("not r",$D44)),"-",IF(ISNUMBER(SEARCH("refer",$D44)),"-",IF(C44="sum","",$D44*$E44)))) -> -
A45: D30 | B45: As Item D28 but between 4.5 and 6m depth | C45: m3 | D45: Not required | E45: N/A | F45: =IF(ISNUMBER(SEARCH("incl",$D45)),"-",IF(ISNUMBER(SEARCH("not r",$D45)),"-",IF(ISNUMBER(SEARCH("refer",$D45)),"-",IF(C45="sum","",$D45*$E45)))) -> -
A46: D31 | B46: Extra over Item D28 for hand excavation | C46: m3 | D46: Not required | E46: N/A | F46: =IF(ISNUMBER(SEARCH("incl",$D46)),"-",IF(ISNUMBER(SEARCH("not r",$D46)),"-",IF(ISNUMBER(SEARCH("refer",$D46)),"-",IF(C46="sum","",$D46*$E46)))) -> -
A47: D32 | B47: Extra over Items D24 to D26 for breaking out hard strata or obstructions | C47: h | D47: Not required | E47: N/A | F47: =IF(ISNUMBER(SEARCH("incl",$D47)),"-",IF(ISNUMBER(SEARCH("not r",$D47)),"-",IF(ISNUMBER(SEARCH("refer",$D47)),"-",IF(C47="sum","",$D47*$E47)))) -> -
... A50: D35 | B50: Standing time for excavation plant, equipment and crew for hand dug observation pit or trench | C50: h | D50: Not required | E50: N/A | F50: =IF(ISNUMBER(SEARCH("incl",$D50)),"-",IF(ISNUMBER(SEARCH("not r",$D50)),"-",IF(ISNUMBER(SEARCH("refer",$D50)),"-",IF(C50="sum","",$D50*$E50)))) -> -
B51: Daily provision of pitting crew and equipment
A52: D36 | B52: Provision of excavation plant equipment and crew for machine dug trial pits or trenches as directed by the Investigation Supervisor, maximum depth 3.0m | C52: day | D52: Included in A2, A2.4, D3 to D19 | E52: N/A | F52: =IF(ISNUMBER(SEARCH("incl",$D52)),"-",IF(ISNUMBER(SEARCH("not r",$D52)),"-",IF(ISNUMBER(SEARCH("refer",$D52)),"-",IF(C52="sum","",$D52*$E52)))) -> -
A53: D37 | B53: As Item D36 but between 3.0 and 4.5m depth | C53: day | D53: Not required | E53: N/A | F53: =IF(ISNUMBER(SEARCH("incl",$D53)),"-",IF(ISNUMBER(SEARCH("not r",$D53)),"-",IF(ISNUMBER(SEARCH("refer",$D53)),"-",IF(C53="sum","",$D53*$E53)))) -> -
A54: D38 | B54: As Item D36 but between 4.5 and 6.0m depth | C54: day | D54: Not required | E54: N/A | F54: =IF(ISNUMBER(SEARCH("incl",$D54)),"-",IF(ISNUMBER(SEARCH("not r",$D54)),"-",IF(ISNUMBER(SEARCH("refer",$D54)),"-",IF(C54="sum","",$D54*$E54)))) -> -
A55: D39 | B55: Provision of excavation plant, equipment and crew for machine-dug observation pit or trench as directed by the Investigation Supervisor, maximum depth 3.0m | C55: day | D55: Not required | E55: N/A | F55: =IF(ISNUMBER(SEARCH("incl",$D55)),"-",IF(ISNUMBER(SEARCH("not r",$D55)),"-",IF(ISNUMBER(SEARCH("refer",$D55)),"-",IF(C55="sum","",$D55*$E55)))) -> -
A56: D40 | B56: As Item D39 but between 3.0 and 4.5m depth | C56: day | D56: Not required | E56: N/A | F56: =IF(ISNUMBER(SEARCH("incl",$D56)),"-",IF(ISNUMBER(SEARCH("not r",$D56)),"-",IF(ISNUMBER(SEARCH("refer",$D56)),"-",IF(C56="sum","",$D56*$E56)))) -> -
A57: D41 | B57: As Item D39 but between 4.5 and 6.0m depth | C57: day | D57: Not required | E57: N/A | F57: =IF(ISNUMBER(SEARCH("incl",$D57)),"-",IF(ISNUMBER(SEARCH("not r",$D57)),"-",IF(ISNUMBER(SEARCH("refer",$D57)),"-",IF(C57="sum","",$D57*$E57)))) -> -
A58: D42 | B58: As Item D39 but for hand excavation | C58: day | D58: Not required | E58: N/A | F58: =IF(ISNUMBER(SEARCH("incl",$D58)),"-",IF(ISNUMBER(SEARCH("not r",$D58)),"-",IF(ISNUMBER(SEARCH("refer",$D58)),"-",IF(C58="sum","",$D58*$E58)))) -> -
A59: D43 | B59: Extra over Items D36 to D38 and D39 to D41 for breaking out hard strata or obstructions | C59: day | D59: To be included in item D13 to D15 | E59: N/A | F59: =IF(ISNUMBER(SEARCH("incl",$D59)),"-",IF(ISNUMBER(SEARCH("not r",$D59)),"-",IF(ISNUMBER(SEARCH("refer",$D59)),"-",IF(C59="sum","",$D59*$E59)))) -> -
B60: General
A61: D44 | B61: Bring pump to the position of each exploratory pit or trench | C61: nr | D61: Not required | E61: N/A | F61: =IF(ISNUMBER(SEARCH("incl",$D61)),"-",IF(ISNUMBER(SEARCH("not r",$D61)),"-",IF(ISNUMBER(SEARCH("refer",$D61)),"-",IF(C61="sum","",$D61*$E61)))) -> -
A62: D45 | B62: Pump water from pit or trench | C62: h | D62: Not required | E62: N/A | F62: =IF(ISNUMBER(SEARCH("incl",$D62)),"-",IF(ISNUMBER(SEARCH("not r",$D62)),"-",IF(ISNUMBER(SEARCH("refer",$D62)),"-",IF(C62="sum","",$D62*$E62)))) -> -
A63: D46 | B63: Extra over Item D38 for temporary storage, treatment and disposal of contaminated groundwater from trial pit or trench | C63: Provisional Sum | D63: Not required | E63: N/A | F63: =IF(ISNUMBER(SEARCH("incl",$D63)),"-",IF(ISNUMBER(SEARCH("not r",$D63)),"-",IF(ISNUMBER(SEARCH("refer",$D63)),"-",IF(C63="sum","",$D63*$E63)))) -> -
A64: D47 | B64: Leave open observation pit or trench | C64: day | D64: Not required | E64: N/A | F64: =IF(ISNUMBER(SEARCH("incl",$D64)),"-",IF(ISNUMBER(SEARCH("not r",$D64)),"-",IF(ISNUMBER(SEARCH("refer",$D64)),"-",IF(C64="sum","",$D64*$E64)))) -> -
A65: D48 | B65: Leave open trial pit or trench | C65: day | D65: Not required | E65: N/A | F65: =IF(ISNUMBER(SEARCH("incl",$D65)),"-",IF(ISNUMBER(SEARCH("not r",$D65)),"-",IF(ISNUMBER(SEARCH("refer",$D65)),"-",IF(C65="sum","",$D65*$E65)))) -> -
B66: Trail pit / slit trench backfill & reinstatement works | J66: TP off verge (slope) | K66: total TP No | M66: ST No | N66: Insp P No
A67: D49 | B67: Backfill trial pit or trench excavation with arisings/excavated materials | C67: nr | D67: =H67 -> -1 | F67: =IF(ISNUMBER(SEARCH("incl",$D67)),"-",IF(ISNUMBER(SEARCH("not r",$D67)),"-",IF(ISNUMBER(SEARCH("refer",$D67)),"-",IF(C67="sum","",$D67*$E67)))) -> 0 | H67: =K67 -> -1 | J67: =H17 -> 0 | K67: =H15 -> -1 | P67: area | Q67: 2 | R67: slope | S67: 2 | U67: slope | Y67: 2 | Z67: 2
A68: D50 | B68: Reinstate grassed surface to include replacing of sod | C68: m² | D68: Included in Item D3 & D3.1 | E68: N/A | F68: =IF(ISNUMBER(SEARCH("incl",$D68)),"-",IF(ISNUMBER(SEARCH("not r",$D68)),"-",IF(ISNUMBER(SEARCH("refer",$D68)),"-",IF(C68="sum","",$D68*$E68)))) -> - | J68: Area insp pit 1m x 1m | K68: 1 | M68: BH on verge | N68: BH on paved | P68: TP No =
A69: D50.2 | B69: Laying Turf Along Access Routes to Exploratory Holes | C69: m² | D69: Included in Item D3 & D3.1 | E69: N/A | F69: =IF(ISNUMBER(SEARCH("incl",$D69)),"-",IF(ISNUMBER(SEARCH("not r",$D69)),"-",IF(ISNUMBER(SEARCH("refer",$D69)),"-",IF(C69="sum","",$D69*$E69)))) -> - | K69: No | M69: =SUM('Section B'!K8:AU8)+SUM('Section B'!K6:AU6) -> 0 | N69: =SUM('Section B'!K7:AU7) -> 0 | P69: Depth = | BG69: Delete row if not required -was added- if it is, should be "included in item D3" and say in preamble to BoQ
A70: D51 | B70: Backfill trenches, trial pits and inspection pits at exploratory hole locations in paved areas with imported granular fill (CL 804 sub-base) | C70: m3 | D70: =ROUNDUP(H70,0) -> 0 | F70: =IF(ISNUMBER(SEARCH("incl",$D70)),"-",IF(ISNUMBER(SEARCH("not r",$D70)),"-",IF(ISNUMBER(SEARCH("refer",$D70)),"-",IF(C70="sum","",$D70*$E70)))) -> 0 | H70: =P70+O75 -> 0 | K70: Depth (1.2 in BH) | P70: =SUM(Q70:Z70) -> 0 | Q70: =Q67*Q69 -> 0 | R70: 0 | S70: =S67*S69 -> 0 | U70: 0 | Y70: =Y67*Y69 -> 0 | Z70: =Z67*Z69 -> 0 | BG70: ?? | BH70: take as = (No. paved area trenches x (3x1)sqm x 180mm sub-base)
A71: D52 | B71: Backfill trenches, trial pits and inspection pits at exploratory hole locations in paved areas with CBGMB as Fig.A4.0 Method A of TII's CC-SPW-04007 | C71: m3 | D71: =ROUNDUP(H71,0) -> 0 | F71: =IF(ISNUMBER(SEARCH("incl",$D71)),"-",IF(ISNUMBER(SEARCH("not r",$D71)),"-",IF(ISNUMBER(SEARCH("refer",$D71)),"-",IF(C71="sum","",$D71*$E71)))) -> 0 | H71: =O74 -> 0 | K71: CBGM thickness (0.3??) | M71: 0 | N71: 0 | BG71: ?? | BH71: not required for construction but included if protection required to services
A72: D53 | B72: Reinstatement of asphalt/bituminous pavement in accordance with TII's CC-SPW-04007. | C72: m² | D72: =ROUNDUP(H72,0) -> 0 | F72: =IF(ISNUMBER(SEARCH("incl",$D72)),"-",IF(ISNUMBER(SEARCH("not r",$D72)),"-",IF(ISNUMBER(SEARCH("refer",$D72)),"-",IF(C72="sum","",$D72*$E72)))) -> 0 | H72: =O78 -> 0 | K72: Add area CBGM: 150 all sides | M72: 0 | N72: 0 | BG72: ?? | BH72: take as = (No. paved area trenches x (3x1)sqm) | BM72: plus a bit?
A73: D54 | B73: Repair of road markings | C73: linear m | D73: Not required | E73: N/A | F73: =IF(ISNUMBER(SEARCH("incl",$D73)),"-",IF(ISNUMBER(SEARCH("not r",$D73)),"-",IF(ISNUMBER(SEARCH("refer",$D73)),"-",IF(C73="sum","",$D73*$E73)))) -> - | K73: vol CBGM | M73: 0 | N73: =(K68+N72)*(K68+N72)*N71 -> 0 | BG73: ?? | BH73: usually sum of width of ST's x No oflines
A74: D55 | B74: Disposal of excess or surplus inert arisings from trial pits or trenches (where imported granular fill or lean mix concrete is used as backfill) | C74: m3 | D74: To be included in item D51 and D52 | E74: N/A | F74: =IF(ISNUMBER(SEARCH("incl",$D74)),"-",IF(ISNUMBER(SEARCH("not r",$D74)),"-",IF(ISNUMBER(SEARCH("refer",$D74)),"-",IF(C74="sum","",$D74*$E74)))) -> - | K74: total vol CBGM | N74: =N69*N73 -> 0 | O74: =N74+M74 -> 0
A75: Total Section D carried to summary: | F75: =SUM(F10:F74) -> 0 | K75: vol 804 | M75: =M70*$K$68 -> 0 | N75: =(N70-N71)*$K$68 -> 0 | O75: =M75+N75 -> 0
K76: pavt add area: 500 each side | M76: 0 | N76: 1
K77: area pvt | N77: =(K68+N76)^2 -> 4
K78: total pvt area | N78: =N77*N69 -> 0 | O78: =M78+N78 -> 0

Sheet Section E
A7: Number | B7: Item description | C7: Unit | D7: Quantity | E7: Rate | F7: Amount
E8: € | F8: €
A9: E | B9: Sampling and monitoring during intrusive investigation
B10: Samples for geotechnical purposes
A11: E1 | B11: Jar sample | C11: nr | D11: Not Required | F11: =IF(ISNUMBER(SEARCH("incl",$D11)),"-",IF(ISNUMBER(SEARCH("not r",$D11)),"-",IF(ISNUMBER(SEARCH("refer",$D11)),"-",IF(C11="sum","",$D11*$E11)))) -> - | K11: CP | L11: TP | M11: ST
A12: E2 | B12: Tub sample | C12: nr | D12: =H12 -> 17 | F12: =IF(ISNUMBER(SEARCH("incl",$D12)),"-",IF(ISNUMBER(SEARCH("not r",$D12)),"-",IF(ISNUMBER(SEARCH("refer",$D12)),"-",IF(C12="sum","",$D12*$E12)))) -> 0 | H12: =I12*SUM(K12:M12) -> 17 | I12: 1 | J12: per m | K12: ='Section B'!H20+'Section B'!H21+'Section B'!H22+'Section B'!H23+'Section B'!H24 -> 8 | L12: ='Section D'!H19+'Section D'!H20+'Section D'!H21+'Section D'!H30+'Section D'!H31+'Section D'!H39+'Section D'!H40+'Section D'!H41+'Section D'!H42 -> 9 | M12: 0
A13: E3 | B13: Bulk sample | C13: nr | D13: =H13 -> 17 | F13: =IF(ISNUMBER(SEARCH("incl",$D13)),"-",IF(ISNUMBER(SEARCH("not r",$D13)),"-",IF(ISNUMBER(SEARCH("refer",$D13)),"-",IF(C13="sum","",$D13*$E13)))) -> 0 | H13: =I13*SUM(K13:M13) -> 17 | I13: 1 | J13: per m | K13: ='Section B'!H20+'Section B'!H21+'Section B'!H22+'Section B'!H23+'Section B'!H24 -> 8 | L13: ='Section D'!H19+'Section D'!H20+'Section D'!H21+'Section D'!H30+'Section D'!H31+'Section D'!H39+'Section D'!H40+'Section D'!H41+'Section D'!H42 -> 9 | M13: 0
A14: E4 | B14: Large bulk disturbed sample | C14: nr | D14: 10 | F14: =IF(ISNUMBER(SEARCH("incl",$D14)),"-",IF(ISNUMBER(SEARCH("not r",$D14)),"-",IF(ISNUMBER(SEARCH("refer",$D14)),"-",IF(C14="sum","",$D14*$E14)))) -> 0 | H14: 10 | I14: nominal for E/W
A15: E5 | B15: Open tube- thick walled sample (0 to 10m depth) | C15: nr | D15: =H15 -> 1 | F15: =IF(ISNUMBER(SEARCH("incl",$D15)),"-",IF(ISNUMBER(SEARCH("not r",$D15)),"-",IF(ISNUMBER(SEARCH("refer",$D15)),"-",IF(C15="sum","",$D15*$E15)))) -> 0 | H15: =ROUNDUP(I15*K15,0) -> 1 | I15: 0.5 | J15: per BH avg | K15: ='Section B'!$H$17+'Section B'!$H$18 -> 1
A16: E6 | B16: Open tube- thin walled sample (0 to 10m depth) | C16: nr | D16: =H16 -> 1 | F16: =IF(ISNUMBER(SEARCH("incl",$D16)),"-",IF(ISNUMBER(SEARCH("not r",$D16)),"-",IF(ISNUMBER(SEARCH("refer",$D16)),"-",IF(C16="sum","",$D16*$E16)))) -> 0 | H16: =ROUNDUP(I16*K16,0) -> 1 | I16: 0.25 | J16: per BH avg | K16: ='Section B'!$H$17+'Section B'!$H$18 -> 1 | O16: 10 | P16: =O16/O$19 -> 0.55555556
A17: E7 | B17: Piston sample (0 to 10m depth) | C17: nr | D17: Not required | F17: =IF(ISNUMBER(SEARCH("incl",$D17)),"-",IF(ISNUMBER(SEARCH("not r",$D17)),"-",IF(ISNUMBER(SEARCH("refer",$D17)),"-",IF(C17="sum","",$D17*$E17)))) -> - | O17: 1 | P17: =O17/O$19 -> 0.055555556
A18: E8.1 | B18: Extra over rate for item E5 in depth range 10m to 20m | C18: sum | D18: Not required | F18: =IF(ISNUMBER(SEARCH("incl",$D18)),"-",IF(ISNUMBER(SEARCH("not r",$D18)),"-",IF(ISNUMBER(SEARCH("refer",$D18)),"-",IF(C18="sum","",$D18*$E18)))) -> - | O18: 8 | P18: =O18/O$19 -> 0.44444444
A19: E8.2 | B19: Extra over rate for item E6 in depth range 10m to 20m | C19: sum | D19: Not required | F19: =IF(ISNUMBER(SEARCH("incl",$D19)),"-",IF(ISNUMBER(SEARCH("not r",$D19)),"-",IF(ISNUMBER(SEARCH("refer",$D19)),"-",IF(C19="sum","",$D19*$E19)))) -> - | O19: 18 | P19: =O19/O$19 -> 1
A20: E8.3 | B20: Extra over rate for item E7 in depth range 10m to 20m | C20: sum | D20: Not required | F20: =IF(ISNUMBER(SEARCH("incl",$D20)),"-",IF(ISNUMBER(SEARCH("not r",$D20)),"-",IF(ISNUMBER(SEARCH("refer",$D20)),"-",IF(C20="sum","",$D20*$E20)))) -> - | K20: CP | L20: TP | M20: ST
A21: E9 | B21: Groundwater sample | C21: nr | D21: =ROUNDUP(H21,0) -> 2 | F21: =IF(ISNUMBER(SEARCH("incl",$D21)),"-",IF(ISNUMBER(SEARCH("not r",$D21)),"-",IF(ISNUMBER(SEARCH("refer",$D21)),"-",IF(C21="sum","",$D21*$E21)))) -> 0 | H21: =I21*SUM(K21:M21) -> 1.5 | I21: 0.5 | J21: of holes | K21: ='Section B'!$H$11+'Section B'!$H$13 -> 1 | L21: ='Section D'!$H$15+'Section D'!$H$26+'Section D'!$H$36 -> 2
A22: E10 | B22: Ground Gas sample | C22: nr | D22: Not Required | F22: =IF(ISNUMBER(SEARCH("incl",$D22)),"-",IF(ISNUMBER(SEARCH("not r",$D22)),"-",IF(ISNUMBER(SEARCH("refer",$D22)),"-",IF(C22="sum","",$D22*$E22)))) -> -
A23: E11 | B23: Cut, prepare and protect core sub-sample | C23: nr | D23: Not Required | F23: =IF(ISNUMBER(SEARCH("incl",$D23)),"-",IF(ISNUMBER(SEARCH("not r",$D23)),"-",IF(ISNUMBER(SEARCH("refer",$D23)),"-",IF(C23="sum","",$D23*$E23)))) -> -
B24: Samples for environmental / contamination analysis | K24: CP | L24: TP | M24: ST | N24: RC only
A25: E12 | B25: Environmental / contamination sample for Suite E | C25: nr | D25: =ROUNDUP(H25,0) -> 1 | F25: =IF(ISNUMBER(SEARCH("incl",$D25)),"-",IF(ISNUMBER(SEARCH("not r",$D25)),"-",IF(ISNUMBER(SEARCH("refer",$D25)),"-",IF(C25="sum","",$D25*$E25)))) -> 0 | H25: =I25*SUM(K25:N25) -> 0.3 | I25: 0.1 | J25: of holes (site) | K25: ='Section B'!$H$11+'Section B'!$H$13 -> 1 | L25: ='Section D'!$H$15+'Section D'!$H$26+'Section D'!$H$36 -> 2 | N25: ='Section C'!$H$31+'Section C'!$H$32 -> 0 | P25: Contam on SOIL
A26: E13 | B26: Environmental / contamination sample for Suite F | C26: nr | D26: =ROUNDUP(H26,0) -> 1 | F26: =IF(ISNUMBER(SEARCH("incl",$D26)),"-",IF(ISNUMBER(SEARCH("not r",$D26)),"-",IF(ISNUMBER(SEARCH("refer",$D26)),"-",IF(C26="sum","",$D26*$E26)))) -> 0 | H26: =I26*SUM(K26:N26) -> 0.3 | I26: 0.1 | J26: of holes (site) | K26: ='Section B'!$H$11+'Section B'!$H$13 -> 1 | L26: ='Section D'!$H$15+'Section D'!$H$26+'Section D'!$H$36 -> 2 | N26: ='Section C'!$H$31+'Section C'!$H$32 -> 0 | P26: Contam on WATER
A27: E14 | B27: Ground gas sample for Suite G | C27: nr | D27: Not Required | F27: =IF(ISNUMBER(SEARCH("incl",$D27)),"-",IF(ISNUMBER(SEARCH("not r",$D27)),"-",IF(ISNUMBER(SEARCH("refer",$D27)),"-",IF(C27="sum","",$D27*$E27)))) -> -
A28: E15 | B28: Environmental / contamination sample for Suite H (PROVISIONAL) | C28: nr | D28: Not required | F28: =IF(ISNUMBER(SEARCH("incl",$D28)),"-",IF(ISNUMBER(SEARCH("not r",$D28)),"-",IF(ISNUMBER(SEARCH("refer",$D28)),"-",IF(C28="sum","",$D28*$E28)))) -> - | P28: WAC but not required as suite I is "better" (Check with ND)
A29: E16 | B29: Environmental / contamination sample for Suite I | C29: nr | D29: =ROUNDUP(H29,0) -> 1 | F29: =IF(ISNUMBER(SEARCH("incl",$D29)),"-",IF(ISNUMBER(SEARCH("not r",$D29)),"-",IF(ISNUMBER(SEARCH("refer",$D29)),"-",IF(C29="sum","",$D29*$E29)))) -> 0 | H29: =I29*SUM(K29:N29) -> 0.45 | I29: 0.15 | J29: of holes (site) | K29: =K26 -> 1 | L29: =L26 -> 2 | M29: =M26 -> 0 | N29: =N26 -> 0 | P29: WAC "better" than Suite F (Check with ND)
A30: E17 | B30: Other specialist environmental / contamination sampling as specified by Investigation Supervisor (Suite J) | C30: nr | D30: Not required | F30: =IF(ISNUMBER(SEARCH("incl",$D30)),"-",IF(ISNUMBER(SEARCH("not r",$D30)),"-",IF(ISNUMBER(SEARCH("refer",$D30)),"-",IF(C30="sum","",$D30*$E30)))) -> - | K30: assumed equal to Suite F (both from Schedule 1.20.5) | Q30: check item description
B32: (Note sample rate includes provision of specialist containers)
A33: Total Section E carried to summary: | F33: =SUM(F11:F30) -> 0

Sheet Section F
A7: Number | B7: Item description | C7: Unit | D7: Quantity | E7: Rate | F7: Amount
E8: € | F8: €
A9: F | B9: Probing and cone penetration testing
B10: Dynamic probing (DPH)
A11: F1 | B11: Bring dynamic probe (DPH) equipment to the site of each test location | C11: nr | F11: =IF(ISNUMBER(SEARCH("incl",$D11)),"-",IF(ISNUMBER(SEARCH("not r",$D11)),"-",IF(ISNUMBER(SEARCH("refer",$D11)),"-",IF(C11="sum","",$D11*$E11)))) -> 0
A12: F2 | B12: Extra over Item F1 for setting up on a slope of gradient greater than 20% | C12: nr | D12: Not Required | F12: =IF(ISNUMBER(SEARCH("incl",$D12)),"-",IF(ISNUMBER(SEARCH("not r",$D12)),"-",IF(ISNUMBER(SEARCH("refer",$D12)),"-",IF(C12="sum","",$D12*$E12)))) -> -
A13: F3 | B13: Carry out dynamic probe test from existing ground level to 5m depth | C13: m | D13: 231 | F13: =IF(ISNUMBER(SEARCH("incl",$D13)),"-",IF(ISNUMBER(SEARCH("not r",$D13)),"-",IF(ISNUMBER(SEARCH("refer",$D13)),"-",IF(C13="sum","",$D13*$E13)))) -> 0
A14: F4 | B14: As Item F3 but between 5 and 10m depth | C14: m | D14: 63 | F14: =IF(ISNUMBER(SEARCH("incl",$D14)),"-",IF(ISNUMBER(SEARCH("not r",$D14)),"-",IF(ISNUMBER(SEARCH("refer",$D14)),"-",IF(C14="sum","",$D14*$E14)))) -> 0
A15: F5 | B15: As Item F3 but between 10 and 15m depth | C15: m | D15: Not Required | F15: =IF(ISNUMBER(SEARCH("incl",$D15)),"-",IF(ISNUMBER(SEARCH("not r",$D15)),"-",IF(ISNUMBER(SEARCH("refer",$D15)),"-",IF(C15="sum","",$D15*$E15)))) -> -
A16: F6 | B16: Standing time for dynamic probe test equipment and crew | C16: h | D16: 1 | F16: =IF(ISNUMBER(SEARCH("incl",$D16)),"-",IF(ISNUMBER(SEARCH("not r",$D16)),"-",IF(ISNUMBER(SEARCH("refer",$D16)),"-",IF(C16="sum","",$D16*$E16)))) -> 0
A17: F7 | B17: Provision of dynamic probing equipment and crew for probing as directed by the Investigation Supervisor; maximum depth 15m | C17: day | D17: Not Required | F17: =IF(ISNUMBER(SEARCH("incl",$D17)),"-",IF(ISNUMBER(SEARCH("not r",$D17)),"-",IF(ISNUMBER(SEARCH("refer",$D17)),"-",IF(C17="sum","",$D17*$E17)))) -> -
B18: Cone penetration testing
A19: F8 | B19: Bring static cone penetration test equipment to the site of each test location | C19: nr | D19: Not Required | F19: =IF(ISNUMBER(SEARCH("incl",$D19)),"-",IF(ISNUMBER(SEARCH("not r",$D19)),"-",IF(ISNUMBER(SEARCH("refer",$D19)),"-",IF(C19="sum","",$D19*$E19)))) -> -
A20: F9 | B20: Extra over Item F8 for setting up on a slope of gradient greater than 20% | C20: nr | D20: Not Required | F20: =IF(ISNUMBER(SEARCH("incl",$D20)),"-",IF(ISNUMBER(SEARCH("not r",$D20)),"-",IF(ISNUMBER(SEARCH("refer",$D20)),"-",IF(C20="sum","",$D20*$E20)))) -> -
A21: F10 | B21: Carry out static cone penetration test measuring both cone and sleeve resistance from existing ground level to 10m depth | C21: m | D21: Not Required | F21: =IF(ISNUMBER(SEARCH("incl",$D21)),"-",IF(ISNUMBER(SEARCH("not r",$D21)),"-",IF(ISNUMBER(SEARCH("refer",$D21)),"-",IF(C21="sum","",$D21*$E21)))) -> -
A22: F11 | B22: As Item F10 but between 10 and 20m depth | C22: m | D22: Not Required | F22: =IF(ISNUMBER(SEARCH("incl",$D22)),"-",IF(ISNUMBER(SEARCH("not r",$D22)),"-",IF(ISNUMBER(SEARCH("refer",$D22)),"-",IF(C22="sum","",$D22*$E22)))) -> -
A23: F12 | B23: As Item F10 but between 20 and 30m depth | C23: m | D23: Not Required | F23: =IF(ISNUMBER(SEARCH("incl",$D23)),"-",IF(ISNUMBER(SEARCH("not r",$D23)),"-",IF(ISNUMBER(SEARCH("refer",$D23)),"-",IF(C23="sum","",$D23*$E23)))) -> -
A24: F13 | B24: As Item F10 but between 30 and 40m depth | C24: m | D24: Not Required | F24: =IF(ISNUMBER(SEARCH("incl",$D24)),"-",IF(ISNUMBER(SEARCH("not r",$D24)),"-",IF(ISNUMBER(SEARCH("refer",$D24)),"-",IF(C24="sum","",$D24*$E24)))) -> -
A25: F14 | B25: Extra over Items F10 to F13 for use of piezocone | C25: m | D25: Not Required | F25: =IF(ISNUMBER(SEARCH("incl",$D25)),"-",IF(ISNUMBER(SEARCH("not r",$D25)),"-",IF(ISNUMBER(SEARCH("refer",$D25)),"-",IF(C25="sum","",$D25*$E25)))) -> -
A26: F15 | B26: Extra over Items F10 to F13 for interpretation of CPT/CPTU data | C26: m | D26: Not Required | F26: =IF(ISNUMBER(SEARCH("incl",$D26)),"-",IF(ISNUMBER(SEARCH("not r",$D26)),"-",IF(ISNUMBER(SEARCH("refer",$D26)),"-",IF(C26="sum","",$D26*$E26)))) -> -
A27: F16 | B27: Carry out dissipation test up to 1 hour duration | C27: nr | D27: Not Required | F27: =IF(ISNUMBER(SEARCH("incl",$D27)),"-",IF(ISNUMBER(SEARCH("not r",$D27)),"-",IF(ISNUMBER(SEARCH("refer",$D27)),"-",IF(C27="sum","",$D27*$E27)))) -> -
A28: F17 | B28: Extra over Item F16 for test duration exceeding 1 hour | C28: h | D28: Not Required | F28: =IF(ISNUMBER(SEARCH("incl",$D28)),"-",IF(ISNUMBER(SEARCH("not r",$D28)),"-",IF(ISNUMBER(SEARCH("refer",$D28)),"-",IF(C28="sum","",$D28*$E28)))) -> -
A29: F18 | B29: Standing time for static cone penetration test equipment and crew | C29: h | D29: Not Required | F29: =IF(ISNUMBER(SEARCH("incl",$D29)),"-",IF(ISNUMBER(SEARCH("not r",$D29)),"-",IF(ISNUMBER(SEARCH("refer",$D29)),"-",IF(C29="sum","",$D29*$E29)))) -> -
A30: F19 | B30: Extra over Items F10 to F13 for use of seismic cone | C30: m | D30: Not Required | F30: =IF(ISNUMBER(SEARCH("incl",$D30)),"-",IF(ISNUMBER(SEARCH("not r",$D30)),"-",IF(ISNUMBER(SEARCH("refer",$D30)),"-",IF(C30="sum","",$D30*$E30)))) -> -
... A33: F22 | B33: Standing time for seismic cone test equipment and crew | C33: h | D33: Not Required | F33: =IF(ISNUMBER(SEARCH("incl",$D33)),"-",IF(ISNUMBER(SEARCH("not r",$D33)),"-",IF(ISNUMBER(SEARCH("refer",$D33)),"-",IF(C33="sum","",$D33*$E33)))) -> -
A34: Total Section F carried to summary: | F34: =SUM(F11:F33) -> 0

Sheet Section G
A7: Number | B7: Item description | C7: Unit | D7: Quantity | E7: Rate | F7: Amount
E8: € | F8: €
A9: G | B9: Geophysical testing
B10: Land-based mapping techniques
A11: G1 | B11: Conduct and process Ground Penetrating Radar (GPR) profiles to PAS 128 QL B1P as per the specification | C11: m² | D11: Not Required | F11: =IF(ISNUMBER(SEARCH("incl",$D11)),"-",IF(ISNUMBER(SEARCH("not r",$D11)),"-",IF(ISNUMBER(SEARCH("refer",$D11)),"-",IF(C11="sum","",$D11*$E11)))) -> -
A12: G2 | B12: Conduct and process electro magnetic conductivity (EMC) profiles | C12: ln m | D12: Not Required | F12: =IF(ISNUMBER(SEARCH("incl",$D12)),"-",IF(ISNUMBER(SEARCH("not r",$D12)),"-",IF(ISNUMBER(SEARCH("refer",$D12)),"-",IF(C12="sum","",$D12*$E12)))) -> -
A13: G3 | B13: Conduct and process electrical resistivity tomography (ERT) profiles | C13: ln m | D13: Not Required | F13: =IF(ISNUMBER(SEARCH("incl",$D13)),"-",IF(ISNUMBER(SEARCH("not r",$D13)),"-",IF(ISNUMBER(SEARCH("refer",$D13)),"-",IF(C13="sum","",$D13*$E13)))) -> -
A14: G4 | B14: Conduct and process seismic refraction spreads (P or S wave) | C14: ln m | D14: Not Required | F14: =IF(ISNUMBER(SEARCH("incl",$D14)),"-",IF(ISNUMBER(SEARCH("not r",$D14)),"-",IF(ISNUMBER(SEARCH("refer",$D14)),"-",IF(C14="sum","",$D14*$E14)))) -> -
A15: G5 | B15: Conduct and [rocess surface wave spreads (1D or 2D MASW) | C15: ln m | D15: Not Required | F15: =IF(ISNUMBER(SEARCH("incl",$D15)),"-",IF(ISNUMBER(SEARCH("not r",$D15)),"-",IF(ISNUMBER(SEARCH("refer",$D15)),"-",IF(C15="sum","",$D15*$E15)))) -> -
B16: Borehole geophysical surveying | D16: Not Required
A17: G6 | B17: Establish down-hole geophysical logging equipment and personnel to the site of each exploratory hole and set up at each location | C17: sum | D17: Not Required | F17: =IF(ISNUMBER(SEARCH("incl",$D17)),"-",IF(ISNUMBER(SEARCH("not r",$D17)),"-",IF(ISNUMBER(SEARCH("refer",$D17)),"-",IF(C17="sum","",$D17*$E17)))) -> -
A18: G7 | B18: Conduct and process down the hole calliper, natural gamma, resistivity, sonic, fluid, temperature, conductivity, and fluid flow logging | C18: m | D18: Not Required | F18: =IF(ISNUMBER(SEARCH("incl",$D18)),"-",IF(ISNUMBER(SEARCH("not r",$D18)),"-",IF(ISNUMBER(SEARCH("refer",$D18)),"-",IF(C18="sum","",$D18*$E18)))) -> -
A19: G8 | B19: Conduct and process cross-hole seismic readings at specified intervals | C19: nr | D19: Not Required | F19: =IF(ISNUMBER(SEARCH("incl",$D19)),"-",IF(ISNUMBER(SEARCH("not r",$D19)),"-",IF(ISNUMBER(SEARCH("refer",$D19)),"-",IF(C19="sum","",$D19*$E19)))) -> -
B20: Marine (overwater) geophysical surveying
A21: G9 | B21: Establish geophysical personnel and field equipment and demobilisation on completion | C21: sum | D21: Not Required | F21: =IF(ISNUMBER(SEARCH("incl",$D21)),"-",IF(ISNUMBER(SEARCH("not r",$D21)),"-",IF(ISNUMBER(SEARCH("refer",$D21)),"-",IF(C21="sum","",$D21*$E21)))) -> -
A22: G10 | B22: conduct and process echo sounding, side scan sonar, magnetic, sub-bottom profile surveying | C22: day | D22: Not Required | F22: =IF(ISNUMBER(SEARCH("incl",$D22)),"-",IF(ISNUMBER(SEARCH("not r",$D22)),"-",IF(ISNUMBER(SEARCH("refer",$D22)),"-",IF(C22="sum","",$D22*$E22)))) -> -
A23: Contract specific additional bill items
C24: day | D24: Not Required
A25: Total Section G carried to summary: | F25: =SUM(F11:F24) -> 0

Sheet Section H
A7: Number | B7: Item description | C7: Unit | D7: Quantity | E7: Rate | F7: Amount
E8: € | F8: €
A9: H | B9: In situ testing | K9: length
A10: H1.1 | B10: Standard penetration test in percussive borehole, depth range 0 to 10m | C10: nr | D10: =H10 -> 8 | F10: =IF(ISNUMBER(SEARCH("incl",$D10)),"-",IF(ISNUMBER(SEARCH("not r",$D10)),"-",IF(ISNUMBER(SEARCH("refer",$D10)),"-",IF(C10="sum","",$D10*$E10)))) -> 0 | H10: =I10*K10 -> 8 | I10: 1 | J10: per m | K10: ='Section B'!$H20 -> 8
A11: H1.2 | B11: Standard penetration test in percussive borehole, depth range 10 to 20m | C11: nr | D11: =H11 -> 0 | F11: =IF(ISNUMBER(SEARCH("incl",$D11)),"-",IF(ISNUMBER(SEARCH("not r",$D11)),"-",IF(ISNUMBER(SEARCH("refer",$D11)),"-",IF(C11="sum","",$D11*$E11)))) -> 0 | H11: =I11*K11 -> 0 | I11: 2 | J11: per m | K11: ='Section B'!$H21 -> 0
A12: H1.3 | B12: Standard penetration test in percussive borehole, depth range 20 to 30m | C12: nr | D12: Not required | F12: =IF(ISNUMBER(SEARCH("incl",$D12)),"-",IF(ISNUMBER(SEARCH("not r",$D12)),"-",IF(ISNUMBER(SEARCH("refer",$D12)),"-",IF(C12="sum","",$D12*$E12)))) -> - | H12: =I12*K12 -> 0 | K12: ='Section B'!$H22 -> 0
A13: H1.4 | B13: Standard penetration test in percussive borehole, depth range 30 to 40m | C13: nr | D13: Not required | F13: =IF(ISNUMBER(SEARCH("incl",$D13)),"-",IF(ISNUMBER(SEARCH("not r",$D13)),"-",IF(ISNUMBER(SEARCH("refer",$D13)),"-",IF(C13="sum","",$D13*$E13)))) -> - | H13: =I13*K13 -> 0 | K13: ='Section B'!$H23 -> 0
A14: H2.1 | B14: Standard penetration test in rotary drillhole, depth range 0 to 10m (PROVISIONAL) | C14: nr | D14: =ROUNDUP(H14,0) -> 15 | F14: =IF(ISNUMBER(SEARCH("incl",$D14)),"-",IF(ISNUMBER(SEARCH("not r",$D14)),"-",IF(ISNUMBER(SEARCH("refer",$D14)),"-",IF(C14="sum","",$D14*$E14)))) -> 0 | H14: =K14/I14 -> 15 | I14: 2 | J14: m spacing in OH | K14: ='Section C'!H40 -> 30
A15: H2.2 | B15: Standard penetration test in rotary drillhole, depth range 10 to 20m | C15: nr | D15: Not required | F15: =IF(ISNUMBER(SEARCH("incl",$D15)),"-",IF(ISNUMBER(SEARCH("not r",$D15)),"-",IF(ISNUMBER(SEARCH("refer",$D15)),"-",IF(C15="sum","",$D15*$E15)))) -> -
A16: H2.3 | B16: Standard penetration test in rotary drillhole, depth range 20 to 30m | C16: nr | D16: Not required | F16: =IF(ISNUMBER(SEARCH("incl",$D16)),"-",IF(ISNUMBER(SEARCH("not r",$D16)),"-",IF(ISNUMBER(SEARCH("refer",$D16)),"-",IF(C16="sum","",$D16*$E16)))) -> -
A17: H2.4 | B17: Standard penetration test in rotary drillhole, depth range 30 to 40m | C17: nr | D17: Not required | F17: =IF(ISNUMBER(SEARCH("incl",$D17)),"-",IF(ISNUMBER(SEARCH("not r",$D17)),"-",IF(ISNUMBER(SEARCH("refer",$D17)),"-",IF(C17="sum","",$D17*$E17)))) -> -
A18: H3 | B18: In-situ density testing | C18: nr | D18: Not required | F18: =IF(ISNUMBER(SEARCH("incl",$D18)),"-",IF(ISNUMBER(SEARCH("not r",$D18)),"-",IF(ISNUMBER(SEARCH("refer",$D18)),"-",IF(C18="sum","",$D18*$E18)))) -> -
A19: H3.1 | B19: Small pouring cylinder method | C19: nr | D19: Not required | F19: =IF(ISNUMBER(SEARCH("incl",$D19)),"-",IF(ISNUMBER(SEARCH("not r",$D19)),"-",IF(ISNUMBER(SEARCH("refer",$D19)),"-",IF(C19="sum","",$D19*$E19)))) -> -
A20: H3.2 | B20: Large pouring cylinder method | C20: nr | D20: Not required | F20: =IF(ISNUMBER(SEARCH("incl",$D20)),"-",IF(ISNUMBER(SEARCH("not r",$D20)),"-",IF(ISNUMBER(SEARCH("refer",$D20)),"-",IF(C20="sum","",$D20*$E20)))) -> -
A21: H3.3 | B21: Water replacement method | C21: nr | D21: Not required | F21: =IF(ISNUMBER(SEARCH("incl",$D21)),"-",IF(ISNUMBER(SEARCH("not r",$D21)),"-",IF(ISNUMBER(SEARCH("refer",$D21)),"-",IF(C21="sum","",$D21*$E21)))) -> -
A22: H3.4 | B22: Core cutter method | C22: nr | D22: Not required | F22: =IF(ISNUMBER(SEARCH("incl",$D22)),"-",IF(ISNUMBER(SEARCH("not r",$D22)),"-",IF(ISNUMBER(SEARCH("refer",$D22)),"-",IF(C22="sum","",$D22*$E22)))) -> -
A23: H3.5 | B23: Nuclear gauge method | C23: day | D23: Not required | F23: =IF(ISNUMBER(SEARCH("incl",$D23)),"-",IF(ISNUMBER(SEARCH("not r",$D23)),"-",IF(ISNUMBER(SEARCH("refer",$D23)),"-",IF(C23="sum","",$D23*$E23)))) -> -
A24: H4 | B24: California Bearing Ratio by plate bearing test by plunger method | C24: nr | D24: Not required | F24: =IF(ISNUMBER(SEARCH("incl",$D24)),"-",IF(ISNUMBER(SEARCH("not r",$D24)),"-",IF(ISNUMBER(SEARCH("refer",$D24)),"-",IF(C24="sum","",$D24*$E24)))) -> - | K24: TP | L24: TP No DCP
A25: H4.1 | B25: California Bearing Ratio by TRL DCP method | C25: nr | D25: =H25 -> 11 | F25: =IF(ISNUMBER(SEARCH("incl",$D25)),"-",IF(ISNUMBER(SEARCH("not r",$D25)),"-",IF(ISNUMBER(SEARCH("refer",$D25)),"-",IF(C25="sum","",$D25*$E25)))) -> 0 | H25: =I25*(K25-L25) -> 11 | I25: 1 | J25: per TP minus no DCP | K25: ='Section D'!$H$15+'Section D'!$H$26+'Section D'!$H$27+'Section D'!$H$36 -> 13 | L25: 2
A26: H5 | B26: Vane shear strength test in borehole / trial pit / trench | C26: nr | D26: Not required | F26: =IF(ISNUMBER(SEARCH("incl",$D26)),"-",IF(ISNUMBER(SEARCH("not r",$D26)),"-",IF(ISNUMBER(SEARCH("refer",$D26)),"-",IF(C26="sum","",$D26*$E26)))) -> -
A27: H7 | B27: Hand penetrometer test (set of 3 readings) | C27: nr | D27: Not required | F27: =IF(ISNUMBER(SEARCH("incl",$D27)),"-",IF(ISNUMBER(SEARCH("not r",$D27)),"-",IF(ISNUMBER(SEARCH("refer",$D27)),"-",IF(C27="sum","",$D27*$E27)))) -> - | K27: TP | L27: ST
A28: H8 | B28: Hand vane test (set of 3 readings) | C28: nr | D28: =ROUNDUP(H28,-1) -> 20 | F28: =IF(ISNUMBER(SEARCH("incl",$D28)),"-",IF(ISNUMBER(SEARCH("not r",$D28)),"-",IF(ISNUMBER(SEARCH("refer",$D28)),"-",IF(C28="sum","",$D28*$E28)))) -> 0 | H28: =I28*K28 -> 13 | I28: 1 | J28: per TP/ST | K28: ='Section D'!$H$15+'Section D'!$H$26+'Section D'!$H$27+'Section D'!$H$36 -> 13
B29: Other tests
A30: H9 | B30: In situ geophysical techniques (resistivity and redox potential) for earthing analysis | C30: nr | D30: Not required | F30: =IF(ISNUMBER(SEARCH("incl",$D30)),"-",IF(ISNUMBER(SEARCH("not r",$D30)),"-",IF(ISNUMBER(SEARCH("refer",$D30)),"-",IF(C30="sum","",$D30*$E30)))) -> -
B31: Permeability testing | F31: =IF(ISNUMBER(SEARCH("incl",$D31)),"-",IF(ISNUMBER(SEARCH("not r",$D31)),"-",IF(ISNUMBER(SEARCH("refer",$D31)),"-",IF(C31="sum","",$D31*$E31)))) -> 0
A32: H10 | B32: Set up, execute and dismantle variable head permeability test in cable percussive borehole | C32: hr | D32: Not required | F32: =IF(ISNUMBER(SEARCH("incl",$D32)),"-",IF(ISNUMBER(SEARCH("not r",$D32)),"-",IF(ISNUMBER(SEARCH("refer",$D32)),"-",IF(C32="sum","",$D32*$E32)))) -> -
A33: H11 | B33: Set up, execute and dismantle constant head permeability test in cable percussive borehole | C33: hr | D33: Not required | F33: =IF(ISNUMBER(SEARCH("incl",$D33)),"-",IF(ISNUMBER(SEARCH("not r",$D33)),"-",IF(ISNUMBER(SEARCH("refer",$D33)),"-",IF(C33="sum","",$D33*$E33)))) -> -
A34: H12 | B34: Set up, execute and dismantle variable head permeability test in rotary drillhole | C34: hr | D34: Not required | F34: =IF(ISNUMBER(SEARCH("incl",$D34)),"-",IF(ISNUMBER(SEARCH("not r",$D34)),"-",IF(ISNUMBER(SEARCH("refer",$D34)),"-",IF(C34="sum","",$D34*$E34)))) -> -
A35: H13 | B35: Set up, execute and dismantle constant head permeability test in rotary drillhole | C35: hr | D35: Not required | F35: =IF(ISNUMBER(SEARCH("incl",$D35)),"-",IF(ISNUMBER(SEARCH("not r",$D35)),"-",IF(ISNUMBER(SEARCH("refer",$D35)),"-",IF(C35="sum","",$D35*$E35)))) -> -
A36: H14 | B36: Set up, execute and dismantle variable head permeability test in standpipe or standpipe piezometer (rising or falling head test) | C36: hr | D36: Not required | F36: =IF(ISNUMBER(SEARCH("incl",$D36)),"-",IF(ISNUMBER(SEARCH("not r",$D36)),"-",IF(ISNUMBER(SEARCH("refer",$D36)),"-",IF(C36="sum","",$D36*$E36)))) -> -
A37: H15 | B37: Set up and execute constant head permeability test in standpipe or standpipe piezometer | C37: hr | D37: Not required | F37: =IF(ISNUMBER(SEARCH("incl",$D37)),"-",IF(ISNUMBER(SEARCH("not r",$D37)),"-",IF(ISNUMBER(SEARCH("refer",$D37)),"-",IF(C37="sum","",$D37*$E37)))) -> -
A38: H16 | B38: Set up and execute packer permeability test in rotary borehole (0 to 10m) | C38: hr | D38: Not required | F38: =IF(ISNUMBER(SEARCH("incl",$D38)),"-",IF(ISNUMBER(SEARCH("not r",$D38)),"-",IF(ISNUMBER(SEARCH("refer",$D38)),"-",IF(C38="sum","",$D38*$E38)))) -> -
A39: H17 | B39: Set up and execute packer permeability test in rotary borehole (10 to 20m) | C39: hr | D39: Not required | F39: =IF(ISNUMBER(SEARCH("incl",$D39)),"-",IF(ISNUMBER(SEARCH("not r",$D39)),"-",IF(ISNUMBER(SEARCH("refer",$D39)),"-",IF(C39="sum","",$D39*$E39)))) -> -
B40: Note: rates for permeability test in boreholes or rotary holes to include standing time rate for plant and equipment | F40: =IF(ISNUMBER(SEARCH("incl",$D40)),"-",IF(ISNUMBER(SEARCH("not r",$D40)),"-",IF(ISNUMBER(SEARCH("refer",$D40)),"-",IF(C40="sum","",$D40*$E40)))) -> 0
B41: Soil infiltration test (BRE Digest 365)
A42: H18 | B42: Set up at each test location, excavate trial hole and prepare test area | C42: nr | D42: Not required | F42: =IF(ISNUMBER(SEARCH("incl",$D42)),"-",IF(ISNUMBER(SEARCH("not r",$D42)),"-",IF(ISNUMBER(SEARCH("refer",$D42)),"-",IF(C42="sum","",$D42*$E42)))) -> -
A43: H19 | B43: Backfill test hole with clean imported gravel where excavation side walls are unstable | C43: m³ | D43: Not required | F43: =IF(ISNUMBER(SEARCH("incl",$D43)),"-",IF(ISNUMBER(SEARCH("not r",$D43)),"-",IF(ISNUMBER(SEARCH("refer",$D43)),"-",IF(C43="sum","",$D43*$E43)))) -> -
A44: H20 | B44: Install 50mm standpipe in H18 to allow for monitoring of water levels | C44: nr | D44: Not required | F44: =IF(ISNUMBER(SEARCH("incl",$D44)),"-",IF(ISNUMBER(SEARCH("not r",$D44)),"-",IF(ISNUMBER(SEARCH("refer",$D44)),"-",IF(C44="sum","",$D44*$E44)))) -> -
A45: H21 | B45: Carry out pre-soaking of test areas | C45: nr | D45: Not required | F45: =IF(ISNUMBER(SEARCH("incl",$D45)),"-",IF(ISNUMBER(SEARCH("not r",$D45)),"-",IF(ISNUMBER(SEARCH("refer",$D45)),"-",IF(C45="sum","",$D45*$E45)))) -> -
A46: H22 | B46: Carry out soakaway tests in accordance with BRE Digest 365 (3 cycles) | C46: nr | D46: Not required | F46: =IF(ISNUMBER(SEARCH("incl",$D46)),"-",IF(ISNUMBER(SEARCH("not r",$D46)),"-",IF(ISNUMBER(SEARCH("refer",$D46)),"-",IF(C46="sum","",$D46*$E46)))) -> -
A47: H23 | B47: Provision of water supply for infiltration testing | C47: sum | D47: Not required | F47: =IF(ISNUMBER(SEARCH("incl",$D47)),"-",IF(ISNUMBER(SEARCH("not r",$D47)),"-",IF(ISNUMBER(SEARCH("refer",$D47)),"-",IF(C47="sum","",$D47*$E47)))) -> -
A48: H24 | B48: Protection and temporary fencing of works area as instructed by Investigation Supervisor | C48: nr | D48: Not required | F48: =IF(ISNUMBER(SEARCH("incl",$D48)),"-",IF(ISNUMBER(SEARCH("not r",$D48)),"-",IF(ISNUMBER(SEARCH("refer",$D48)),"-",IF(C48="sum","",$D48*$E48)))) -> -
A49: H25 | B49: Calculation of infiltration rate for each test location | C49: nr | D49: Not required | F49: =IF(ISNUMBER(SEARCH("incl",$D49)),"-",IF(ISNUMBER(SEARCH("not r",$D49)),"-",IF(ISNUMBER(SEARCH("refer",$D49)),"-",IF(C49="sum","",$D49*$E49)))) -> -
B50: Soil infiltration test (EPA Percolation test) | D50: Not required
A51: H26 | B51: Set up at each test location, excavate trial hole and prepare test area | C51: nr | D51: Not required | F51: =IF(ISNUMBER(SEARCH("incl",$D51)),"-",IF(ISNUMBER(SEARCH("not r",$D51)),"-",IF(ISNUMBER(SEARCH("refer",$D51)),"-",IF(C51="sum","",$D51*$E51)))) -> -
A52: H27 | B52: Carry out infiltration tests in accordance with EPA Guidelines (test to be carried out by an approved Engineer / Geologist in accordance with EPA requirements) | C52: nr | D52: Not required | F52: =IF(ISNUMBER(SEARCH("incl",$D52)),"-",IF(ISNUMBER(SEARCH("not r",$D52)),"-",IF(ISNUMBER(SEARCH("refer",$D52)),"-",IF(C52="sum","",$D52*$E52)))) -> -
A53: H28 | B53: Provide report on percolation test (by Chartered Engineer or Professional Geologist) | C53: sum | D53: Not required | F53: =IF(ISNUMBER(SEARCH("incl",$D53)),"-",IF(ISNUMBER(SEARCH("not r",$D53)),"-",IF(ISNUMBER(SEARCH("refer",$D53)),"-",IF(C53="sum","",$D53*$E53)))) -> -
B54: Plate Bearing Test | C54: nr | D54: Not required
A55: H29 | B55: Set up at each plate test location to include kentledge / reaction weight and carry out plate test using a 300mm diameter plate. Test in accordance with NRA SRW CL642 | C55: nr | D55: Not required | F55: =IF(ISNUMBER(SEARCH("incl",$D55)),"-",IF(ISNUMBER(SEARCH("not r",$D55)),"-",IF(ISNUMBER(SEARCH("refer",$D55)),"-",IF(C55="sum","",$D55*$E55)))) -> -
A56: H30 | B56: Set up at each plate test location to include kentledge / reaction weight and carry out plate test using a 450mm diameter plate. Test in accordance with NRA SRW CL642 | C56: nr | D56: Not required | F56: =IF(ISNUMBER(SEARCH("incl",$D56)),"-",IF(ISNUMBER(SEARCH("not r",$D56)),"-",IF(ISNUMBER(SEARCH("refer",$D56)),"-",IF(C56="sum","",$D56*$E56)))) -> -
A57: H31 | B57: Set up at each plate test location to include kentledge / reaction weight and carry out plate test using a 600mm diameter plate. Test in accordance with NRA SRW CL642 | C57: nr | D57: Not required | F57: =IF(ISNUMBER(SEARCH("incl",$D57)),"-",IF(ISNUMBER(SEARCH("not r",$D57)),"-",IF(ISNUMBER(SEARCH("refer",$D57)),"-",IF(C57="sum","",$D57*$E57)))) -> -
A58: H32 | B58: Extra over Items H29-H31 for test durations in excess of 2 hours per location | C58: hr | D58: Not required | F58: =IF(ISNUMBER(SEARCH("incl",$D58)),"-",IF(ISNUMBER(SEARCH("not r",$D58)),"-",IF(ISNUMBER(SEARCH("refer",$D58)),"-",IF(C58="sum","",$D58*$E58)))) -> -
A59: H33 | B59: Provide plate test report with load steelement plot and calculation of Ks and CBR valu to HD 25-26/10 | C59: nr | D59: Not required | F59: =IF(ISNUMBER(SEARCH("incl",$D59)),"-",IF(ISNUMBER(SEARCH("not r",$D59)),"-",IF(ISNUMBER(SEARCH("refer",$D59)),"-",IF(C59="sum","",$D59*$E59)))) -> -
B60: Other specialist tests
A61: H34 | B61: Reading of free product level in borehole using an interface probe | C61: nr | D61: Not required | F61: =IF(ISNUMBER(SEARCH("incl",$D61)),"-",IF(ISNUMBER(SEARCH("not r",$D61)),"-",IF(ISNUMBER(SEARCH("refer",$D61)),"-",IF(C61="sum","",$D61*$E61)))) -> -
A62: H35 | B62: Provide contamination screening test kits (per sample) | C62: nr | D62: Not required | F62: =IF(ISNUMBER(SEARCH("incl",$D62)),"-",IF(ISNUMBER(SEARCH("not r",$D62)),"-",IF(ISNUMBER(SEARCH("refer",$D62)),"-",IF(C62="sum","",$D62*$E62)))) -> -
A63: H36 | B63: Carry out headspace testing on sample by FID or PID methods (PROVISIONAL) | C63: nr | D63: Not required | F63: =IF(ISNUMBER(SEARCH("incl",$D63)),"-",IF(ISNUMBER(SEARCH("not r",$D63)),"-",IF(ISNUMBER(SEARCH("refer",$D63)),"-",IF(C63="sum","",$D63*$E63)))) -> -
A64: H37 | B64: Self boring pressuremeter | C64: day | D64: Not required | F64: =IF(ISNUMBER(SEARCH("incl",$D64)),"-",IF(ISNUMBER(SEARCH("not r",$D64)),"-",IF(ISNUMBER(SEARCH("refer",$D64)),"-",IF(C64="sum","",$D64*$E64)))) -> -
A65: H38 | B65: high pressure dilatometer | C65: day | D65: Not required | F65: =IF(ISNUMBER(SEARCH("incl",$D65)),"-",IF(ISNUMBER(SEARCH("not r",$D65)),"-",IF(ISNUMBER(SEARCH("refer",$D65)),"-",IF(C65="sum","",$D65*$E65)))) -> -
A66: H39 | B66: Menard Presuremeter | C66: day | D66: Not required | F66: =IF(ISNUMBER(SEARCH("incl",$D66)),"-",IF(ISNUMBER(SEARCH("not r",$D66)),"-",IF(ISNUMBER(SEARCH("refer",$D66)),"-",IF(C66="sum","",$D66*$E66)))) -> -
A68: Total H carried to summary: | F68: =SUM(F10:F66) -> 0

Sheet Section I
J2: NEW | K2: ='Section B'!K2 -> BH 1 | L2: ='Section B'!L2 -> BH 2 | M2: ='Section B'!M2 -> 0 | N2: ='Section B'!N2 -> 0 | O2: ='Section B'!O2 -> 0 | P2: ='Section B'!P2 -> 0 | Q2: ='Section B'!Q2 -> 0 | R2: ='Section B'!R2 -> 0 | ... AW2: ='Section B'!AW2 -> 0
J3: BH (m) | K3: ='Section B'!K3 -> 19 | L3: ='Section B'!L3 -> 0 | M3: ='Section B'!M3 -> 0 | N3: ='Section B'!N3 -> 0 | O3: ='Section B'!O3 -> 0 | P3: ='Section B'!P3 -> 0 | Q3: ='Section B'!Q3 -> 0 | R3: ='Section B'!R3 -> 0 | ... AW3: ='Section B'!AW3 -> 0
J4: CP (m) | K4: ='Section B'!K4 -> 8 | L4: ='Section B'!L4 -> 0 | M4: ='Section B'!M4 -> 0 | N4: ='Section B'!N4 -> 0 | O4: ='Section B'!O4 -> 0 | P4: ='Section B'!P4 -> 0 | Q4: ='Section B'!Q4 -> 0 | R4: ='Section B'!R4 -> 0 | ... AW4: ='Section B'!AW4 -> 0
J5: Rot | K5: =K3-K4 -> 11 | L5: =L3-L4 -> 0 | M5: =M3-M4 -> 0 | N5: =N3-N4 -> 0 | O5: =O3-O4 -> 0 | P5: =P3-P4 -> 0 | Q5: =Q3-Q4 -> 0 | R5: =R3-R4 -> 0 | ... AW5: =AW3-AW4 -> 0
I6: INSTRUMENT | J6: Piezo/Standp | L6: S | P6: S | S6: P | U6: S | V6: P | Y6: P | AA6: S | AC6: S | AF6: S | AG6: S | AH6: S | AI6: S | AK6: ='Section B'!AK6 -> 0 | AL6: ='Section B'!AL6 -> 0 | AM6: ='Section B'!AM6 -> 0 | AN6: ='Section B'!AN6 -> 0 | AO6: ='Section B'!AO6 -> 0 | AP6: ='Section B'!AP6 -> 0 | AQ6: ='Section B'!AQ6 -> 0 | AR6: ='Section B'!AR6 -> 0 | ... AW6: ='Section B'!AW6 -> 0
A7: Number | B7: Item description | C7: Unit | D7: Quantity | E7: Rate | F7: Amount | J7: Depth | L7: 9 | P7: 11 | S7: 17 | U7: 9 | V7: 19 | Y7: 14 | AA7: 30 | AC7: 30 | AF7: 30 | AG7: 30 | AH7: 30 | AI7: 30
E8: € | F8: € | H8: Totals | J8: seal below | L8: 1 | P8: 1 | S8: 1 | U8: 1 | V8: 1 | Y8: 1
A9: I | B9: Instrumentation
B10: Standpipes and piezometers
A11: I1 | B11: Backfill exploratory hole with cement/bentonite grout or bentonite pellets | C11: m | D11: =H11 -> -265 | F11: =IF(ISNUMBER(SEARCH("incl",$D11)),"-",IF(ISNUMBER(SEARCH("not r",$D11)),"-",IF(ISNUMBER(SEARCH("refer",$D11)),"-",IF(C11="sum","",$D11*$E11)))) -> 0 | H11: =SUM(K11:AU11) -> -265 | J11: Depth P/SP minus seal below | L11: =IF(L$6="",0,L$3-L$7-L$8) -> -10 | M11: =IF(M$6="",0,M$3-M$7-M$8) -> 0 | N11: =IF(N$6="",0,N$3-N$7-N$8) -> 0 | O11: =IF(O$6="",0,O$3-O$7-O$8) -> 0 | P11: =IF(P$6="",0,P$3-P$7-P$8) -> -12 | Q11: =IF(Q$6="",0,Q$3-Q$7-Q$8) -> 0 | R11: =IF(R$6="",0,R$3-R$7-R$8) -> 0 | S11: =IF(S$6="",0,S$3-S$7-S$8) -> -18 | ... AW11: =IF(AW$6="",0,AW$3-AW$7-AW$8) -> 0
A12: I2 | B12: Provide and install 19mm casagrande piezometer tip | C12: nr | D12: =H12 -> 3 | F12: =IF(ISNUMBER(SEARCH("incl",$D12)),"-",IF(ISNUMBER(SEARCH("not r",$D12)),"-",IF(ISNUMBER(SEARCH("refer",$D12)),"-",IF(C12="sum","",$D12*$E12)))) -> 0 | H12: =SUM(K12:AU12) -> 3 | L12: =IF(L$6="P",1,0) -> 0 | M12: =IF(M$6="P",1,0) -> 0 | N12: =IF(N$6="P",1,0) -> 0 | O12: =IF(O$6="P",1,0) -> 0 | P12: =IF(P$6="P",1,0) -> 0 | Q12: =IF(Q$6="P",1,0) -> 0 | R12: =IF(R$6="P",1,0) -> 0 | S12: =IF(S$6="P",1,0) -> 1 | ... AW12: =IF(AW$6="P",1,0) -> 0
A13: I3 | B13: Provide and install sand cell to I2 | C13: m | D13: =H13 -> 3 | F13: =IF(ISNUMBER(SEARCH("incl",$D13)),"-",IF(ISNUMBER(SEARCH("not r",$D13)),"-",IF(ISNUMBER(SEARCH("refer",$D13)),"-",IF(C13="sum","",$D13*$E13)))) -> 0 | H13: =SUM(K13:AU13) -> 3 | I13: 1 | J13: m/Piezo | L13: =IF(L$6="P",1*$I13,0) -> 0 | M13: =IF(M$6="P",1*$I13,0) -> 0 | N13: =IF(N$6="P",1*$I13,0) -> 0 | O13: =IF(O$6="P",1*$I13,0) -> 0 | P13: =IF(P$6="P",1*$I13,0) -> 0 | Q13: =IF(Q$6="P",1*$I13,0) -> 0 | R13: =IF(R$6="P",1*$I13,0) -> 0 | S13: =IF(S$6="P",1*$I13,0) -> 1 | ... AW13: =IF(AW$6="P",1*$I13,0) -> 0
A14: I4 | B14: Provide and install 19mm casing/piezometer plain pipe | C14: m | D14: =H14 -> 140 | F14: =IF(ISNUMBER(SEARCH("incl",$D14)),"-",IF(ISNUMBER(SEARCH("not r",$D14)),"-",IF(ISNUMBER(SEARCH("refer",$D14)),"-",IF(C14="sum","",$D14*$E14)))) -> 0 | H14: =SUM(K14:AU14) -> 140 | L14: =IF(L$6="P",L$7,0) -> 0 | M14: =IF(M$6="P",M$7,0) -> 0 | N14: =IF(N$6="P",N$7,0) -> 0 | O14: =IF(O$6="P",O$7,0) -> 0 | P14: =IF(P$6="P",P$7,0) -> 0 | Q14: =IF(Q$6="P",Q$7,0) -> 0 | R14: =IF(R$6="P",R$7,0) -> 0 | S14: =IF(S$6="P",S$7,0) -> 17 | ... Z14: =IF(Z$6="P",Z$7,0) -> 0 | AA14: 15 | AB14: =IF(AB$6="P",AB$7,0) -> 0 | AC14: 15 | AD14: =IF(AD$6="P",AD$7,0) -> 0 | AE14: =IF(AE$6="P",AE$7,0) -> 0 | AF14: 15 | AG14: 15 | AH14: 15 | AI14: 15 | AJ14: =IF(AJ$6="P",AJ$7,0) -> 0 | AK14: =IF(AK$6="P",AK$7,0) -> 0 | AL14: =IF(AL$6="P",AL$7,0) -> 0 | AM14: =IF(AM$6="P",AM$7,0) -> 0 | AN14: =IF(AN$6="P",AN$7,0) -> 0 | AO14: =IF(AO$6="P",AO$7,0) -> 0 | AP14: =IF(AP$6="P",AP$7,0) -> 0 | AQ14: =IF(AQ$6="P",AQ$7,0) -> 0 | ... AW14: =IF(AW$6="P",AW$7,0) -> 0
A15: I5 | B15: Provide and install bentonite seals to I4 | C15: m | D15: =H15 -> 2.5 | F15: =IF(ISNUMBER(SEARCH("incl",$D15)),"-",IF(ISNUMBER(SEARCH("not r",$D15)),"-",IF(ISNUMBER(SEARCH("refer",$D15)),"-",IF(C15="sum","",$D15*$E15)))) -> 0 | H15: =SUM(K15:AU15)+S8 -> 2.5 | I15: 0.5 | J15: m above P | L15: =IF(L$6="P",1*$I15,0) -> 0 | M15: =IF(M$6="P",1*$I15,0) -> 0 | N15: =IF(N$6="P",1*$I15,0) -> 0 | O15: =IF(O$6="P",1*$I15,0) -> 0 | P15: =IF(P$6="P",1*$I15,0) -> 0 | Q15: =IF(Q$6="P",1*$I15,0) -> 0 | R15: =IF(R$6="P",1*$I15,0) -> 0 | S15: =IF(S$6="P",1*$I15,0) -> 0.5 | ... AW15: =IF(AW$6="P",1*$I15,0) -> 0
A16: I6 | B16: Provide and install propietary slotted standpipe (50mm internal diameter) | C16: m | D16: =H16 -> 114.5 | F16: =IF(ISNUMBER(SEARCH("incl",$D16)),"-",IF(ISNUMBER(SEARCH("not r",$D16)),"-",IF(ISNUMBER(SEARCH("refer",$D16)),"-",IF(C16="sum","",$D16*$E16)))) -> 0 | H16: =SUM(K16:AU16) -> 114.5 | I16: 1.5 | J16: m from top | L16: =IF(L$6="S",L$7-$I16,0) -> 7.5 | M16: =IF(M$6="S",M$7-$I16,0) -> 0 | N16: =IF(N$6="S",N$7-$I16,0) -> 0 | O16: =IF(O$6="S",O$7-$I16,0) -> 0 | P16: =IF(P$6="S",P$7-$I16,0) -> 9.5 | Q16: =IF(Q$6="S",Q$7-$I16,0) -> 0 | R16: =IF(R$6="S",R$7-$I16,0) -> 0 | S16: =IF(S$6="S",S$7-$I16,0) -> 0 | ... Z16: =IF(Z$6="S",Z$7-$I16,0) -> 0 | AA16: 15 | AB16: =IF(AB$6="S",AB$7-$I16,0) -> 0 | AC16: 15 | AD16: =IF(AD$6="S",AD$7-$I16,0) -> 0 | AE16: =IF(AE$6="S",AE$7-$I16,0) -> 0 | AF16: 15 | AG16: 15 | AH16: 15 | AI16: 15 | AJ16: =IF(AJ$6="S",AJ$7-$I16,0) -> 0 | AK16: =IF(AK$6="S",AK$7-$I16,0) -> 0 | AL16: =IF(AL$6="S",AL$7-$I16,0) -> 0 | AM16: =IF(AM$6="S",AM$7-$I16,0) -> 0 | AN16: =IF(AN$6="S",AN$7-$I16,0) -> 0 | AO16: =IF(AO$6="S",AO$7-$I16,0) -> 0 | AP16: =IF(AP$6="S",AP$7-$I16,0) -> 0 | AQ16: =IF(AQ$6="S",AQ$7-$I16,0) -> 0 | ... AW16: =IF(AW$6="S",AW$7-$I16,0) -> 0
A17: I7 | B17: Provide and install gravel pack to I6 | C17: m | D17: =H17 -> 114.5 | F17: =IF(ISNUMBER(SEARCH("incl",$D17)),"-",IF(ISNUMBER(SEARCH("not r",$D17)),"-",IF(ISNUMBER(SEARCH("refer",$D17)),"-",IF(C17="sum","",$D17*$E17)))) -> 0 | H17: =SUM(K17:AU17) -> 114.5 | J17: as slotted pipe | L17: =L16 -> 7.5 | M17: =M16 -> 0 | N17: =N16 -> 0 | O17: =O16 -> 0 | P17: =P16 -> 9.5 | Q17: =Q16 -> 0 | R17: =R16 -> 0 | S17: =S16 -> 0 | ... AW17: =AW16 -> 0
A18: I8 | B18: Provide and install propietary casing / plain standpipe (50mm internal diameter) | C18: m | D18: =H18 -> 94.5 | F18: =IF(ISNUMBER(SEARCH("incl",$D18)),"-",IF(ISNUMBER(SEARCH("not r",$D18)),"-",IF(ISNUMBER(SEARCH("refer",$D18)),"-",IF(C18="sum","",$D18*$E18)))) -> 0 | H18: =SUM(K18:AU18) -> 94.5 | J18: depth minus slotted | L18: =IF(L6="S",L$7-L$16,0) -> 1.5 | M18: =IF(M6="S",M$7-M$16,0) -> 0 | N18: =IF(N6="S",N$7-N$16,0) -> 0 | O18: =IF(O6="S",O$7-O$16,0) -> 0 | P18: =IF(P6="S",P$7-P$16,0) -> 1.5 | Q18: =IF(Q6="S",Q$7-Q$16,0) -> 0 | R18: =IF(R6="S",R$7-R$16,0) -> 0 | S18: =IF(S6="S",S$7-S$16,0) -> 0 | ... AW18: =IF(AW6="S",AW$7-AW$16,0) -> 0
A19: I9 | B19: Provide and install bentonite seals to I8 | C19: m | D19: =H19 -> 4.5 | F19: =IF(ISNUMBER(SEARCH("incl",$D19)),"-",IF(ISNUMBER(SEARCH("not r",$D19)),"-",IF(ISNUMBER(SEARCH("refer",$D19)),"-",IF(C19="sum","",$D19*$E19)))) -> 0 | H19: =SUM(K19:AU19) -> 4.5 | I19: 0.5 | J19: m above slotted | L19: =IF(L$6="S",1*$I19,0) -> 0.5 | M19: =IF(M$6="S",1*$I19,0) -> 0 | N19: =IF(N$6="S",1*$I19,0) -> 0 | O19: =IF(O$6="S",1*$I19,0) -> 0 | P19: =IF(P$6="S",1*$I19,0) -> 0.5 | Q19: =IF(Q$6="S",1*$I19,0) -> 0 | R19: =IF(R$6="S",1*$I19,0) -> 0 | S19: =IF(S$6="S",1*$I19,0) -> 0 | ... AW19: =IF(AW$6="S",1*$I19,0) -> 0
A20: I10 | B20: Provide and install slotted propietary standpipe (100mm internal diameter) | C20: m | D20: Not Required | F20: =IF(ISNUMBER(SEARCH("incl",$D20)),"-",IF(ISNUMBER(SEARCH("not r",$D20)),"-",IF(ISNUMBER(SEARCH("refer",$D20)),"-",IF(C20="sum","",$D20*$E20)))) -> - | H20: =SUM(K20:AU20) -> 0 | L20: =IF(L$6="W",L$7-$I20,0) -> 0 | M20: =IF(M$6="W",M$7-$I20,0) -> 0 | N20: =IF(N$6="W",N$7-$I20,0) -> 0 | O20: =IF(O$6="W",O$7-$I20,0) -> 0 | P20: =IF(P$6="W",P$7-$I20,0) -> 0 | Q20: =IF(Q$6="W",Q$7-$I20,0) -> 0 | R20: =IF(R$6="W",R$7-$I20,0) -> 0 | S20: =IF(S$6="W",S$7-$I20,0) -> 0 | ... AJ20: =IF(AJ$6="W",AJ$7-$I20,0) -> 0
A21: I11 | B21: Provide and install gravel pack to I10 | C21: m | D21: Not Required | F21: =IF(ISNUMBER(SEARCH("incl",$D21)),"-",IF(ISNUMBER(SEARCH("not r",$D21)),"-",IF(ISNUMBER(SEARCH("refer",$D21)),"-",IF(C21="sum","",$D21*$E21)))) -> - | H21: =SUM(K21:AU21) -> 0 | L21: =L20 -> 0 | M21: =M20 -> 0 | N21: =N20 -> 0 | O21: =O20 -> 0 | P21: =P20 -> 0 | Q21: =Q20 -> 0 | R21: =R20 -> 0 | S21: =S20 -> 0 | ... AJ21: =AJ20 -> 0
A22: I12 | B22: Provide and install casing/plain standpipe (100mm internal diameter) | C22: m | D22: Not Required | F22: =IF(ISNUMBER(SEARCH("incl",$D22)),"-",IF(ISNUMBER(SEARCH("not r",$D22)),"-",IF(ISNUMBER(SEARCH("refer",$D22)),"-",IF(C22="sum","",$D22*$E22)))) -> - | H22: =SUM(K22:AU22) -> 0 | L22: =IF(L10="W",L$7-L$16,0) -> 0 | M22: =IF(M10="W",M$7-M$16,0) -> 0 | N22: =IF(N10="W",N$7-N$16,0) -> 0 | O22: =IF(O10="W",O$7-O$16,0) -> 0 | P22: =IF(P10="W",P$7-P$16,0) -> 0 | Q22: =IF(Q10="W",Q$7-Q$16,0) -> 0 | R22: =IF(R10="W",R$7-R$16,0) -> 0 | S22: =IF(S10="W",S$7-S$16,0) -> 0 | ... AJ22: =IF(AJ10="W",AJ$7-AJ$16,0) -> 0
A23: I13 | B23: Provide and install bentonite seals to I12 | C23: m | D23: Not Required | F23: =IF(ISNUMBER(SEARCH("incl",$D23)),"-",IF(ISNUMBER(SEARCH("not r",$D23)),"-",IF(ISNUMBER(SEARCH("refer",$D23)),"-",IF(C23="sum","",$D23*$E23)))) -> - | H23: =SUM(K23:AU23) -> 0 | L23: =IF(L$6="SW",1*$I23,0) -> 0 | M23: =IF(M$6="SW",1*$I23,0) -> 0 | N23: =IF(N$6="SW",1*$I23,0) -> 0 | O23: =IF(O$6="SW",1*$I23,0) -> 0 | P23: =IF(P$6="SW",1*$I23,0) -> 0 | Q23: =IF(Q$6="SW",1*$I23,0) -> 0 | R23: =IF(R$6="SW",1*$I23,0) -> 0 | S23: =IF(S$6="SW",1*$I23,0) -> 0 | ... AJ23: =IF(AJ$6="SW",1*$I23,0) -> 0
A24: I14 | B24: Provide an install end caps to I6 or I10 | C24: nr | D24: =H24 -> 9 | F24: =IF(ISNUMBER(SEARCH("incl",$D24)),"-",IF(ISNUMBER(SEARCH("not r",$D24)),"-",IF(ISNUMBER(SEARCH("refer",$D24)),"-",IF(C24="sum","",$D24*$E24)))) -> 0 | H24: =N26+O26 -> 9
A25: I15 | B25: Provide and install quick release gas valve to I6 or I10 | C25: nr | D25: Not Required | F25: =IF(ISNUMBER(SEARCH("incl",$D25)),"-",IF(ISNUMBER(SEARCH("not r",$D25)),"-",IF(ISNUMBER(SEARCH("refer",$D25)),"-",IF(C25="sum","",$D25*$E25)))) -> - | H25: =SUM(M25:AU25) -> 0 | L25: Total Instrum | M25: Piezo | N25: Standpipe | O25: Well
A26: I16 | B26: Provide and install protective cover (flush) | C26: nr | D26: =H26 -> 6 | F26: =IF(ISNUMBER(SEARCH("incl",$D26)),"-",IF(ISNUMBER(SEARCH("not r",$D26)),"-",IF(ISNUMBER(SEARCH("refer",$D26)),"-",IF(C26="sum","",$D26*$E26)))) -> 0 | H26: =I26 -> 6 | I26: =$L$26*$J26 -> 6 | J26: 0.5 | K26: all instrum | L26: =SUM(M26:N26) -> 12 | M26: =COUNTIF($K$6:$AW$6,"P") -> 3 | N26: =COUNTIF($K$6:$AW$6,"S") -> 9 | O26: =COUNTIF($K$6:$AW$6,"W") -> 0
A27: I17 | B27: Provide and install protective cover (raised) | C27: nr | D27: =H27 -> 6 | F27: =IF(ISNUMBER(SEARCH("incl",$D27)),"-",IF(ISNUMBER(SEARCH("not r",$D27)),"-",IF(ISNUMBER(SEARCH("refer",$D27)),"-",IF(C27="sum","",$D27*$E27)))) -> 0 | H27: =I27 -> 6 | I27: =$L$26*$J27 -> 6 | J27: 0.5 | K27: all instrum
A28: I18 | B28: Extra over item I16 for heavy duty cover in pavements or highways | C28: nr | D28: Not Required | F28: =IF(ISNUMBER(SEARCH("incl",$D28)),"-",IF(ISNUMBER(SEARCH("not r",$D28)),"-",IF(ISNUMBER(SEARCH("refer",$D28)),"-",IF(C28="sum","",$D28*$E28)))) -> - | H28: =SUM(K28:AU28) -> 0
A29: I19 | B29: Supply and erect protective stock proof fencing around standpipe or piezometer installation | C29: nr | D29: =H29 -> 6 | F29: =IF(ISNUMBER(SEARCH("incl",$D29)),"-",IF(ISNUMBER(SEARCH("not r",$D29)),"-",IF(ISNUMBER(SEARCH("refer",$D29)),"-",IF(C29="sum","",$D29*$E29)))) -> 0 | H29: =I29 -> 6 | I29: =$L$26*$J29 -> 6 | J29: 0.5 | K29: all instrum
A30: I20 | B30: Supply and erect 1.5m high marker posts (3 x 1.5m) | C30: nr | D30: =H30 -> 6 | F30: =IF(ISNUMBER(SEARCH("incl",$D30)),"-",IF(ISNUMBER(SEARCH("not r",$D30)),"-",IF(ISNUMBER(SEARCH("refer",$D30)),"-",IF(C30="sum","",$D30*$E30)))) -> 0 | H30: =I30 -> 6 | I30: =$L$26*$J30 -> 6 | J30: 0.5 | K30: all instrum
B31: Standpipe and piezometer development / purging
A32: I21 | B32: Supply equipment and personnel to carry out purging | C32: sum | D32: Not Required | F32: =IF(ISNUMBER(SEARCH("incl",$D32)),"-",IF(ISNUMBER(SEARCH("not r",$D32)),"-",IF(ISNUMBER(SEARCH("refer",$D32)),"-",IF(C32="sum","",$D32*$E32)))) -> - | H32: =SUM(K32:AU32) -> 0
A33: I22 | B33: Develop standpipe or piezometer by purging (3 well volumes) | C33: h | D33: Not Required | F33: =IF(ISNUMBER(SEARCH("incl",$D33)),"-",IF(ISNUMBER(SEARCH("not r",$D33)),"-",IF(ISNUMBER(SEARCH("refer",$D33)),"-",IF(C33="sum","",$D33*$E33)))) -> - | H33: =SUM(K33:AU33) -> 0
A34: I23 | B34: As item I22 but by airlift pumping | C34: nr | D34: Not Required | F34: =IF(ISNUMBER(SEARCH("incl",$D34)),"-",IF(ISNUMBER(SEARCH("not r",$D34)),"-",IF(ISNUMBER(SEARCH("refer",$D34)),"-",IF(C34="sum","",$D34*$E34)))) -> - | H34: =SUM(K34:AU34) -> 0
A35: I24 | B35: As item I22 but by over pumping | C35: nr | D35: Not Required | F35: =IF(ISNUMBER(SEARCH("incl",$D35)),"-",IF(ISNUMBER(SEARCH("not r",$D35)),"-",IF(ISNUMBER(SEARCH("refer",$D35)),"-",IF(C35="sum","",$D35*$E35)))) -> - | H35: =SUM(K35:AU35) -> 0
A36: I25 | B36: As item I22 but by jetting | C36: nr | D36: Not Required | F36: =IF(ISNUMBER(SEARCH("incl",$D36)),"-",IF(ISNUMBER(SEARCH("not r",$D36)),"-",IF(ISNUMBER(SEARCH("refer",$D36)),"-",IF(C36="sum","",$D36*$E36)))) -> - | H36: =SUM(K36:AU36) -> 0
A37: I26 | B37: Disposal of purged water | C37: litre | D37: Not Required | F37: =IF(ISNUMBER(SEARCH("incl",$D37)),"-",IF(ISNUMBER(SEARCH("not r",$D37)),"-",IF(ISNUMBER(SEARCH("refer",$D37)),"-",IF(C37="sum","",$D37*$E37)))) -> - | H37: =SUM(K37:AU37) -> 0
B38: Inclinometer | H38: =SUM(K38:AU38) -> 0
A39: I27 | B39: Supply and install inclinometer tubing in exploratory hole (not including forming/drilling of borehole) | C39: m | D39: Not Required | F39: =IF(ISNUMBER(SEARCH("incl",$D39)),"-",IF(ISNUMBER(SEARCH("not r",$D39)),"-",IF(ISNUMBER(SEARCH("refer",$D39)),"-",IF(C39="sum","",$D39*$E39)))) -> - | H39: =SUM(K39:AU39) -> 0
A40: I28 | B40: Grout in place inclinometer in cable percussive or rotary borehole | C40: m³ | D40: Not Required | F40: =IF(ISNUMBER(SEARCH("incl",$D40)),"-",IF(ISNUMBER(SEARCH("not r",$D40)),"-",IF(ISNUMBER(SEARCH("refer",$D40)),"-",IF(C40="sum","",$D40*$E40)))) -> - | H40: =SUM(K40:AU40) -> 0
A41: I29 | B41: Provision of calibrated inclinometer read out unit for monitoring during investigation | C41: per week | D41: Not Required | F41: =IF(ISNUMBER(SEARCH("incl",$D41)),"-",IF(ISNUMBER(SEARCH("not r",$D41)),"-",IF(ISNUMBER(SEARCH("refer",$D41)),"-",IF(C41="sum","",$D41*$E41)))) -> - | H41: =SUM(K41:AU41) -> 0
A42: I30 | B42: Carry out base set of inclinometer readings in inclinometer and process | C42: hr | D42: Not Required | F42: =IF(ISNUMBER(SEARCH("incl",$D42)),"-",IF(ISNUMBER(SEARCH("not r",$D42)),"-",IF(ISNUMBER(SEARCH("refer",$D42)),"-",IF(C42="sum","",$D42*$E42)))) -> - | H42: =SUM(K42:AU42) -> 0
A43: I31 | B43: Provide and install protective cover (flush) | C43: nr | D43: Not Required | F43: =IF(ISNUMBER(SEARCH("incl",$D43)),"-",IF(ISNUMBER(SEARCH("not r",$D43)),"-",IF(ISNUMBER(SEARCH("refer",$D43)),"-",IF(C43="sum","",$D43*$E43)))) -> - | H43: =SUM(K43:AU43) -> 0
B44: Slip Indicator | H44: =SUM(K44:AU44) -> 0
A45: I32 | B45: Provdie and install protective cover (raised) slip indicators | C45: nr | D45: Not Required | F45: =IF(ISNUMBER(SEARCH("incl",$D45)),"-",IF(ISNUMBER(SEARCH("not r",$D45)),"-",IF(ISNUMBER(SEARCH("refer",$D45)),"-",IF(C45="sum","",$D45*$E45)))) -> - | H45: =SUM(K45:AU45) -> 0
A46: I33 | B46: Supply and install slip indicator in exploratory borehole, including brass probe (not including forming/drilling of borehole) | C46: m | D46: Not Required | F46: =IF(ISNUMBER(SEARCH("incl",$D46)),"-",IF(ISNUMBER(SEARCH("not r",$D46)),"-",IF(ISNUMBER(SEARCH("refer",$D46)),"-",IF(C46="sum","",$D46*$E46)))) -> - | H46: =SUM(K46:AU46) -> 0
A47: I34 | B47: Provide and install protective cover (flush) | C47: nr | D47: Not Required | F47: =IF(ISNUMBER(SEARCH("incl",$D47)),"-",IF(ISNUMBER(SEARCH("not r",$D47)),"-",IF(ISNUMBER(SEARCH("refer",$D47)),"-",IF(C47="sum","",$D47*$E47)))) -> - | H47: =SUM(K47:AU47) -> 0
A48: I35 | B48: Provide and install protective headwork cover (upraight) | C48: nr | D48: Not Required | F48: =IF(ISNUMBER(SEARCH("incl",$D48)),"-",IF(ISNUMBER(SEARCH("not r",$D48)),"-",IF(ISNUMBER(SEARCH("refer",$D48)),"-",IF(C48="sum","",$D48*$E48)))) -> - | H48: =SUM(K48:AU48) -> 0
A49: Total Section I carried to summary: | F49: =SUM(F11:F48) -> 0

Sheet Section J
A7: Number | B7: Item description | C7: Unit | D7: Quantity | E7: Rate | F7: Amount
E8: € | F8: €
A9: J | B9: Installation monitoring and sampling (during Fieldwork Period)
A10: J1 | B10: Reading of water level in standpipe or standpipe piezometer during fieldwork period | C10: nr | D10: 40 | F10: =IF(ISNUMBER(SEARCH("incl",$D10)),"-",IF(ISNUMBER(SEARCH("not r",$D10)),"-",IF(ISNUMBER(SEARCH("refer",$D10)),"-",IF(C10="sum","",$D10*$E10)))) -> 0
A11: J2 | B11: Ground gas measurement in gas monitoring standpipe during fieldwork period | C11: nr | D11: Not Required | F11: =IF(ISNUMBER(SEARCH("incl",$D11)),"-",IF(ISNUMBER(SEARCH("not r",$D11)),"-",IF(ISNUMBER(SEARCH("refer",$D11)),"-",IF(C11="sum","",$D11*$E11)))) -> -
A12: J3 | B12: Provide Engineer or Geologist to take inclinometer readings as directed by Investigation Supervisor (per installation) | C12: nr | D12: Not Required | F12: =IF(ISNUMBER(SEARCH("incl",$D12)),"-",IF(ISNUMBER(SEARCH("not r",$D12)),"-",IF(ISNUMBER(SEARCH("refer",$D12)),"-",IF(C12="sum","",$D12*$E12)))) -> -
A13: J4 | B13: Provide Engineer or Geologist to take measurement of slip indicator (per installation) | C13: nr | D13: Not Required | F13: =IF(ISNUMBER(SEARCH("incl",$D13)),"-",IF(ISNUMBER(SEARCH("not r",$D13)),"-",IF(ISNUMBER(SEARCH("refer",$D13)),"-",IF(C13="sum","",$D13*$E13)))) -> -
A14: J5 | B14: Provide Engineer/Geologist to take water sample from standpipe or standpipe piezometer (rate not including puriging or micro purging) | C14: nr | D14: Not Required | F14: =IF(ISNUMBER(SEARCH("incl",$D14)),"-",IF(ISNUMBER(SEARCH("not r",$D14)),"-",IF(ISNUMBER(SEARCH("refer",$D14)),"-",IF(C14="sum","",$D14*$E14)))) -> -
A15: J6 | B15: Extra over Item J5 for purging or micro-purging in excess of 3 well volumes | C15: h | D15: Not Required | F15: =IF(ISNUMBER(SEARCH("incl",$D15)),"-",IF(ISNUMBER(SEARCH("not r",$D15)),"-",IF(ISNUMBER(SEARCH("refer",$D15)),"-",IF(C15="sum","",$D15*$E15)))) -> -
A16: J7 | B16: Provide Engineer / Geologist to recover ground gas samplefrom gas monitoring standpipe | C16: nr | D16: Not Required | F16: =IF(ISNUMBER(SEARCH("incl",$D16)),"-",IF(ISNUMBER(SEARCH("not r",$D16)),"-",IF(ISNUMBER(SEARCH("refer",$D16)),"-",IF(C16="sum","",$D16*$E16)))) -> -
A17: J8 | B17: Provide Engineer / Geologist to read free product level in standpipe using an interface probe | C17: nr | D17: Not Required | F17: =IF(ISNUMBER(SEARCH("incl",$D17)),"-",IF(ISNUMBER(SEARCH("not r",$D17)),"-",IF(ISNUMBER(SEARCH("refer",$D17)),"-",IF(C17="sum","",$D17*$E17)))) -> -
B18: Installation monitoring and sampling (post Fieldwork Period)
A19: J9 | B19: Return visit to site following completion of fieldwork for field instrumentation | C19: nr | D19: Not Required | F19: =IF(ISNUMBER(SEARCH("incl",$D19)),"-",IF(ISNUMBER(SEARCH("not r",$D19)),"-",IF(ISNUMBER(SEARCH("refer",$D19)),"-",IF(C19="sum","",$D19*$E19)))) -> -
A20: J10 | B20: Extra over Item J9 for groundwater measurements in standpipe or standpipe piezometer during return visit | C20: nr | D20: Not Required | F20: =IF(ISNUMBER(SEARCH("incl",$D20)),"-",IF(ISNUMBER(SEARCH("not r",$D20)),"-",IF(ISNUMBER(SEARCH("refer",$D20)),"-",IF(C20="sum","",$D20*$E20)))) -> -
A21: J11 | B21: Extra over Item J9 for ground gas measurements in standpipe during return visit | C21: nr | D21: Not Required | F21: =IF(ISNUMBER(SEARCH("incl",$D21)),"-",IF(ISNUMBER(SEARCH("not r",$D21)),"-",IF(ISNUMBER(SEARCH("refer",$D21)),"-",IF(C21="sum","",$D21*$E21)))) -> -
A22: J12 | B22: Extra over Item J9 for set of inclinometer readings per installation during return visit and report results | C22: nr | D22: Not Required | F22: =IF(ISNUMBER(SEARCH("incl",$D22)),"-",IF(ISNUMBER(SEARCH("not r",$D22)),"-",IF(ISNUMBER(SEARCH("refer",$D22)),"-",IF(C22="sum","",$D22*$E22)))) -> -
A23: J13 | B23: Extra over Item J9 to check for ground slippage in slip indicator installation during return visit to site | C23: nr | D23: Not Required | F23: =IF(ISNUMBER(SEARCH("incl",$D23)),"-",IF(ISNUMBER(SEARCH("not r",$D23)),"-",IF(ISNUMBER(SEARCH("refer",$D23)),"-",IF(C23="sum","",$D23*$E23)))) -> -
A24: J14 | B24: Extra over Item J9 for water sample from standpipe or standpipe piezometer during return visit to site, including purging 3 volumes or micro-purging up to 3.0 hours | C24: nr | D24: Not Required | F24: =IF(ISNUMBER(SEARCH("incl",$D24)),"-",IF(ISNUMBER(SEARCH("not r",$D24)),"-",IF(ISNUMBER(SEARCH("refer",$D24)),"-",IF(C24="sum","",$D24*$E24)))) -> -
A25: J15 | B25: Extra over Item J14 for purging or micro-purging in excess of 3.0 hours | C25: h | D25: Not Required | F25: =IF(ISNUMBER(SEARCH("incl",$D25)),"-",IF(ISNUMBER(SEARCH("not r",$D25)),"-",IF(ISNUMBER(SEARCH("refer",$D25)),"-",IF(C25="sum","",$D25*$E25)))) -> -
A26: J16 | B26: Extra over Item J9 for ground gas sample from gas monitoring standpipe during return visit to site | C26: nr | D26: Not Required | F26: =IF(ISNUMBER(SEARCH("incl",$D26)),"-",IF(ISNUMBER(SEARCH("not r",$D26)),"-",IF(ISNUMBER(SEARCH("refer",$D26)),"-",IF(C26="sum","",$D26*$E26)))) -> -
A27: J17 | B27: Extra over Item J9 for reading of free product level in standpipe using an interface probe during return visit to site | C27: nr | D27: Not Required | F27: =IF(ISNUMBER(SEARCH("incl",$D27)),"-",IF(ISNUMBER(SEARCH("not r",$D27)),"-",IF(ISNUMBER(SEARCH("refer",$D27)),"-",IF(C27="sum","",$D27*$E27)))) -> -
A28: J18 | B28: Provision of equipment to facilitate measuring of free product in Item J17 | C28: sum | D28: Not Required | F28: =IF(ISNUMBER(SEARCH("incl",$D28)),"-",IF(ISNUMBER(SEARCH("not r",$D28)),"-",IF(ISNUMBER(SEARCH("refer",$D28)),"-",IF(C28="sum","",$D28*$E28)))) -> -
A29: J19 | B29: Provide and install data logger to measure groundwater levels in standpipes | C29: nr | D29: Not Required | F29: =IF(ISNUMBER(SEARCH("incl",$D29)),"-",IF(ISNUMBER(SEARCH("not r",$D29)),"-",IF(ISNUMBER(SEARCH("refer",$D29)),"-",IF(C29="sum","",$D29*$E29)))) -> -
A30: J20 | B30: Provide baro logger to monitor air pressure for item J19 | C30: nr | D30: Not Required | F30: =IF(ISNUMBER(SEARCH("incl",$D30)),"-",IF(ISNUMBER(SEARCH("not r",$D30)),"-",IF(ISNUMBER(SEARCH("refer",$D30)),"-",IF(C30="sum","",$D30*$E30)))) -> -
A31: J21 | B31: Provide Engineer / Geologist to visit site to download and process data logger and baro logger | C31: day | D31: Not Required | F31: =IF(ISNUMBER(SEARCH("incl",$D31)),"-",IF(ISNUMBER(SEARCH("not r",$D31)),"-",IF(ISNUMBER(SEARCH("refer",$D31)),"-",IF(C31="sum","",$D31*$E31)))) -> -
B32: Surface water body sampling and testing
A33: J22 | B33: Surface water body sample taken during fieldwork period | C33: nr | D33: Not Required | F33: =IF(ISNUMBER(SEARCH("incl",$D33)),"-",IF(ISNUMBER(SEARCH("not r",$D33)),"-",IF(ISNUMBER(SEARCH("refer",$D33)),"-",IF(C33="sum","",$D33*$E33)))) -> -
A34: J23 | B34: Surface water body sample taken during return visit to site | C34: nr | D34: Not Required | F34: =IF(ISNUMBER(SEARCH("incl",$D34)),"-",IF(ISNUMBER(SEARCH("not r",$D34)),"-",IF(ISNUMBER(SEARCH("refer",$D34)),"-",IF(C34="sum","",$D34*$E34)))) -> -
A35: J24 | B35: Determination of dissolved oxygen, conductivity, pH and temperature of surface water body during fieldwork period | C35: nr | D35: Not Required | F35: =IF(ISNUMBER(SEARCH("incl",$D35)),"-",IF(ISNUMBER(SEARCH("not r",$D35)),"-",IF(ISNUMBER(SEARCH("refer",$D35)),"-",IF(C35="sum","",$D35*$E35)))) -> -
A36: J25 | B36: Determination of dissolved oxygen, conductivity, pH and temperature of surface water body during return visit to site | C36: nr | D36: Not Required | F36: =IF(ISNUMBER(SEARCH("incl",$D36)),"-",IF(ISNUMBER(SEARCH("not r",$D36)),"-",IF(ISNUMBER(SEARCH("refer",$D36)),"-",IF(C36="sum","",$D36*$E36)))) -> -
A37: Total Section J carried to summary: | F37: =SUM(F10:F36) -> 0

Sheet Section K
A7: Number | B7: Item description | C7: Unit | D7: Quantity | E7: Rate | F7: Amount
E8: € | F8: €
A9: K | B9: Geotechnical laboratory testing
A10: K1 | B10: Classification | K10: Hole | L10: CP | M10: TP
A11: K1.1 | B11: Moisture content | C11: nr | D11: =ROUNDDOWN(G11,-1) -> 0 | E11: 5 | F11: =IF(ISNUMBER(SEARCH("incl",$D11)),"-",IF(ISNUMBER(SEARCH("not r",$D11)),"-",IF(ISNUMBER(SEARCH("refer",$D11)),"-",IF(C11="sum","",$D11*$E11)))) -> 0 | G11: =H11*K11+(J11*K11) -> 3.75 | H11: 1 | I11: per hole plus | J11: 0.25 | K11: =L11+M11 -> 3 | L11: ='Section B'!$H$11+'Section B'!$H$13 -> 1 | M11: ='Section D'!$H$15+'Section D'!$H$26+'Section D'!$H$36 -> 2
A12: K1.2 | B12: Liquid limit, plastic limit and plasticity index | C12: nr | D12: =ROUNDDOWN(G12,-1) -> 0 | E12: 40 | F12: =IF(ISNUMBER(SEARCH("incl",$D12)),"-",IF(ISNUMBER(SEARCH("not r",$D12)),"-",IF(ISNUMBER(SEARCH("refer",$D12)),"-",IF(C12="sum","",$D12*$E12)))) -> 0 | G12: =H12*K12+(J12*K12) -> 3.75 | H12: 1 | I12: per hole plus | J12: 0.25 | K12: =L12+M12 -> 3 | L12: ='Section B'!$H$11+'Section B'!$H$13 -> 1 | M12: ='Section D'!$H$15+'Section D'!$H$26+'Section D'!$H$36 -> 2
A13: K1.3 | B13: Volumetric shrinkage | C13: nr | D13: Not Required | F13: =IF(ISNUMBER(SEARCH("incl",$D13)),"-",IF(ISNUMBER(SEARCH("not r",$D13)),"-",IF(ISNUMBER(SEARCH("refer",$D13)),"-",IF(C13="sum","",$D13*$E13)))) -> -
A14: K1.4 | B14: Linear shrinkage | C14: nr | D14: Not Required | F14: =IF(ISNUMBER(SEARCH("incl",$D14)),"-",IF(ISNUMBER(SEARCH("not r",$D14)),"-",IF(ISNUMBER(SEARCH("refer",$D14)),"-",IF(C14="sum","",$D14*$E14)))) -> -
A15: K1.5 | B15: Density by linear measurement | C15: nr | D15: Not Required | F15: =IF(ISNUMBER(SEARCH("incl",$D15)),"-",IF(ISNUMBER(SEARCH("not r",$D15)),"-",IF(ISNUMBER(SEARCH("refer",$D15)),"-",IF(C15="sum","",$D15*$E15)))) -> -
A16: K1.6 | B16: Density by immersion in water or water displacement | C16: nr | D16: Not Required | F16: =IF(ISNUMBER(SEARCH("incl",$D16)),"-",IF(ISNUMBER(SEARCH("not r",$D16)),"-",IF(ISNUMBER(SEARCH("refer",$D16)),"-",IF(C16="sum","",$D16*$E16)))) -> -
A17: K1.7 | B17: Dry density and saturation moisture content for chalk | C17: nr | D17: Not Required | F17: =IF(ISNUMBER(SEARCH("incl",$D17)),"-",IF(ISNUMBER(SEARCH("not r",$D17)),"-",IF(ISNUMBER(SEARCH("refer",$D17)),"-",IF(C17="sum","",$D17*$E17)))) -> -
A18: K1.8 | B18: Particle density by gas jar or pycnometer | C18: nr | D18: Not Required | F18: =IF(ISNUMBER(SEARCH("incl",$D18)),"-",IF(ISNUMBER(SEARCH("not r",$D18)),"-",IF(ISNUMBER(SEARCH("refer",$D18)),"-",IF(C18="sum","",$D18*$E18)))) -> - | K18: Hole | L18: CP | M18: TP
A19: K1.9 | B19: Particle size distribution by wet sieving | C19: nr | D19: =ROUNDUP(G19,0) -> 4 | E19: 40 | F19: =IF(ISNUMBER(SEARCH("incl",$D19)),"-",IF(ISNUMBER(SEARCH("not r",$D19)),"-",IF(ISNUMBER(SEARCH("refer",$D19)),"-",IF(C19="sum","",$D19*$E19)))) -> 160 | G19: =H19*K19+(J19*K19) -> 3.75 | H19: 1 | I19: per hole plus | J19: 0.25 | K19: =L19+M19 -> 3 | L19: ='Section B'!$H$11+'Section B'!$H$13 -> 1 | M19: ='Section D'!$H$15+'Section D'!$H$26+'Section D'!$H$36 -> 2
A20: K1.10 | B20: Particle size distribution by dry sieving | C20: nr | D20: Not Required | F20: =IF(ISNUMBER(SEARCH("incl",$D20)),"-",IF(ISNUMBER(SEARCH("not r",$D20)),"-",IF(ISNUMBER(SEARCH("refer",$D20)),"-",IF(C20="sum","",$D20*$E20)))) -> -
A21: K1.11 | B21: Sedimentation by pipette | C21: nr | D21: Not Required | F21: =IF(ISNUMBER(SEARCH("incl",$D21)),"-",IF(ISNUMBER(SEARCH("not r",$D21)),"-",IF(ISNUMBER(SEARCH("refer",$D21)),"-",IF(C21="sum","",$D21*$E21)))) -> -
A22: K1.12 | B22: Sedimentation by hydrometer | C22: nr | D22: =ROUNDDOWN(G22,0) -> 2 | E22: 40 | F22: =IF(ISNUMBER(SEARCH("incl",$D22)),"-",IF(ISNUMBER(SEARCH("not r",$D22)),"-",IF(ISNUMBER(SEARCH("refer",$D22)),"-",IF(C22="sum","",$D22*$E22)))) -> 80 | G22: =G19*H22 -> 2.8125 | H22: 0.75 | I22: of Sieves
A23: K2 | B23: Chemical and electrochemical | F23: =IF(ISNUMBER(SEARCH("incl",$D23)),"-",IF(ISNUMBER(SEARCH("not r",$D23)),"-",IF(ISNUMBER(SEARCH("refer",$D23)),"-",IF(C23="sum","",$D23*$E23)))) -> 0 | J23: Hole | K23: CP | L23: TP
A24: K2.1 | B24: Organic matter content | C24: nr | D24: =ROUNDUP(G24,0) -> 1 | E24: 40 | F24: =IF(ISNUMBER(SEARCH("incl",$D24)),"-",IF(ISNUMBER(SEARCH("not r",$D24)),"-",IF(ISNUMBER(SEARCH("refer",$D24)),"-",IF(C24="sum","",$D24*$E24)))) -> 40 | G24: =H24*J24 -> 0.3 | H24: 0.1 | I24: of holes | J24: =K24+L24 -> 3 | K24: ='Section B'!$H$11+'Section B'!$H$13 -> 1 | L24: ='Section D'!$H$15+'Section D'!$H$26+'Section D'!$H$36 -> 2
A25: K2.2 | B25: Mass loss on ignition | C25: nr | D25: Not Required | F25: =IF(ISNUMBER(SEARCH("incl",$D25)),"-",IF(ISNUMBER(SEARCH("not r",$D25)),"-",IF(ISNUMBER(SEARCH("refer",$D25)),"-",IF(C25="sum","",$D25*$E25)))) -> -
A26: K2.3 | B26: Sulphate content of acid extract from soil | C26: nr | D26: Not Required | F26: =IF(ISNUMBER(SEARCH("incl",$D26)),"-",IF(ISNUMBER(SEARCH("not r",$D26)),"-",IF(ISNUMBER(SEARCH("refer",$D26)),"-",IF(C26="sum","",$D26*$E26)))) -> - | G26: =H26*L26 -> 1 | H26: 1 | I26: per Rot | K26: ='Section B'!$H$10+'Section B'!$H$11+'Section B'!$H$13 -> 1 | L26: ='Section C'!$H$28+'Section C'!$H$29+'Section C'!$H$81 -> 1
A27: K2.4 | B27: Sulphate content of water extract from soil | C27: nr | D27: =G27 -> 6 | E27: 20 | F27: =IF(ISNUMBER(SEARCH("incl",$D27)),"-",IF(ISNUMBER(SEARCH("not r",$D27)),"-",IF(ISNUMBER(SEARCH("refer",$D27)),"-",IF(C27="sum","",$D27*$E27)))) -> 120 | G27: 6 | H27: SAY (1/struct)
A28: K2.5 | B28: Sulphate content of groundwater | C28: nr | D28: =ROUNDUP(G28,0) -> 6 | E28: 20 | F28: =IF(ISNUMBER(SEARCH("incl",$D28)),"-",IF(ISNUMBER(SEARCH("not r",$D28)),"-",IF(ISNUMBER(SEARCH("refer",$D28)),"-",IF(C28="sum","",$D28*$E28)))) -> 120 | G28: 6 | H28: SAY (1/struct)
A29: K2.6 | B29: Carbonate content by rapid titration | C29: nr | D29: Not Required | F29: =IF(ISNUMBER(SEARCH("incl",$D29)),"-",IF(ISNUMBER(SEARCH("not r",$D29)),"-",IF(ISNUMBER(SEARCH("refer",$D29)),"-",IF(C29="sum","",$D29*$E29)))) -> - | H29: SAY
A30: K2.7 | B30: Carbonate content by gravimetric method | C30: nr | D30: Not Required | F30: =IF(ISNUMBER(SEARCH("incl",$D30)),"-",IF(ISNUMBER(SEARCH("not r",$D30)),"-",IF(ISNUMBER(SEARCH("refer",$D30)),"-",IF(C30="sum","",$D30*$E30)))) -> -
A31: K2.8 | B31: Water soluble chloride content | C31: nr | D31: =G31 -> 6 | E31: 20 | F31: =IF(ISNUMBER(SEARCH("incl",$D31)),"-",IF(ISNUMBER(SEARCH("not r",$D31)),"-",IF(ISNUMBER(SEARCH("refer",$D31)),"-",IF(C31="sum","",$D31*$E31)))) -> 120 | G31: =G27 -> 6 | I31: As sulphate | K31: Rot
A32: K2.9 | B32: Acid soluble chloride content | C32: nr | D32: Not Required | E32: 20 | F32: =IF(ISNUMBER(SEARCH("incl",$D32)),"-",IF(ISNUMBER(SEARCH("not r",$D32)),"-",IF(ISNUMBER(SEARCH("refer",$D32)),"-",IF(C32="sum","",$D32*$E32)))) -> - | G32: 0 | H32: =I32*K32 -> 0.65 | I32: 0.65 | J32: Rot | K32: ='Section C'!$H$29+'Section C'!$H$30+'Section C'!$H$31+'Section C'!$H$32 -> 1
A33: K2.10 | B33: Total sulphur content | C33: nr | D33: Not Required | E33: 20 | F33: =IF(ISNUMBER(SEARCH("incl",$D33)),"-",IF(ISNUMBER(SEARCH("not r",$D33)),"-",IF(ISNUMBER(SEARCH("refer",$D33)),"-",IF(C33="sum","",$D33*$E33)))) -> - | G33: 0 | H33: =I33*K33 -> 0.25 | I33: 0.25 | J33: Rot | K33: ='Section C'!$H$29+'Section C'!$H$30+'Section C'!$H$31+'Section C'!$H$32 -> 1
A34: K2.11 | B34: Total dissolved solids | C34: nr | D34: Not Required | F34: =IF(ISNUMBER(SEARCH("incl",$D34)),"-",IF(ISNUMBER(SEARCH("not r",$D34)),"-",IF(ISNUMBER(SEARCH("refer",$D34)),"-",IF(C34="sum","",$D34*$E34)))) -> -
A35: K2.12 | B35: pH value | C35: nr | D35: =ROUNDUP(G35,0) -> 12 | E35: 20 | F35: =IF(ISNUMBER(SEARCH("incl",$D35)),"-",IF(ISNUMBER(SEARCH("not r",$D35)),"-",IF(ISNUMBER(SEARCH("refer",$D35)),"-",IF(C35="sum","",$D35*$E35)))) -> 240 | G35: =G27+G28+G32 -> 12 | H35: as all SO4 | I35: (soil,GW and rock)
A36: K2.13 | B36: Resistivity | C36: nr | D36: Not Required | F36: =IF(ISNUMBER(SEARCH("incl",$D36)),"-",IF(ISNUMBER(SEARCH("not r",$D36)),"-",IF(ISNUMBER(SEARCH("refer",$D36)),"-",IF(C36="sum","",$D36*$E36)))) -> -
A37: K2.14 | B37: Redox potential | C37: nr | D37: Not Required | F37: =IF(ISNUMBER(SEARCH("incl",$D37)),"-",IF(ISNUMBER(SEARCH("not r",$D37)),"-",IF(ISNUMBER(SEARCH("refer",$D37)),"-",IF(C37="sum","",$D37*$E37)))) -> -
A38: K3 | B38: Compaction related | F38: =IF(ISNUMBER(SEARCH("incl",$D38)),"-",IF(ISNUMBER(SEARCH("not r",$D38)),"-",IF(ISNUMBER(SEARCH("refer",$D38)),"-",IF(C38="sum","",$D38*$E38)))) -> 0
A39: K3.1 | B39: Dry density/moisture content relationship using 2.5 kg rammer | C39: nr | D39: 5 | E39: 40 | F39: =IF(ISNUMBER(SEARCH("incl",$D39)),"-",IF(ISNUMBER(SEARCH("not r",$D39)),"-",IF(ISNUMBER(SEARCH("refer",$D39)),"-",IF(C39="sum","",$D39*$E39)))) -> 200
A40: K3.2 | B40: Dry density/moisture content relationship using 4.5 kg rammer | C40: nr | D40: Not Required | F40: =IF(ISNUMBER(SEARCH("incl",$D40)),"-",IF(ISNUMBER(SEARCH("not r",$D40)),"-",IF(ISNUMBER(SEARCH("refer",$D40)),"-",IF(C40="sum","",$D40*$E40)))) -> -
A41: K3.3 | B41: Dry density/moisture content relationship using vibrating hammer | C41: nr | D41: 5 | E41: 40 | F41: =IF(ISNUMBER(SEARCH("incl",$D41)),"-",IF(ISNUMBER(SEARCH("not r",$D41)),"-",IF(ISNUMBER(SEARCH("refer",$D41)),"-",IF(C41="sum","",$D41*$E41)))) -> 200
A42: K3.4 | B42: Extra over Items K3.1, K3.2 and K3.3 for use of CBR mould | C42: nr | D42: Not Required | F42: =IF(ISNUMBER(SEARCH("incl",$D42)),"-",IF(ISNUMBER(SEARCH("not r",$D42)),"-",IF(ISNUMBER(SEARCH("refer",$D42)),"-",IF(C42="sum","",$D42*$E42)))) -> -
A43: K3.6 | B43: Moisture Condition Value at natural moisture content | C43: nr | D43: 10 | E43: 40 | F43: =IF(ISNUMBER(SEARCH("incl",$D43)),"-",IF(ISNUMBER(SEARCH("not r",$D43)),"-",IF(ISNUMBER(SEARCH("refer",$D43)),"-",IF(C43="sum","",$D43*$E43)))) -> 400
A44: K3.7 | B44: Moisture Condition Value/moisture content relationship (five points) | C44: nr | D44: 10 | E44: 100 | F44: =IF(ISNUMBER(SEARCH("incl",$D44)),"-",IF(ISNUMBER(SEARCH("not r",$D44)),"-",IF(ISNUMBER(SEARCH("refer",$D44)),"-",IF(C44="sum","",$D44*$E44)))) -> 1000
A45: K3.8 | B45: Chalk crushing value | C45: nr | D45: Not Required | F45: =IF(ISNUMBER(SEARCH("incl",$D45)),"-",IF(ISNUMBER(SEARCH("not r",$D45)),"-",IF(ISNUMBER(SEARCH("refer",$D45)),"-",IF(C45="sum","",$D45*$E45)))) -> -
A46: K3.9 | B46: California Bearing Ratio on re-compacted disturbed sample | C46: nr | D46: Not Required | F46: =IF(ISNUMBER(SEARCH("incl",$D46)),"-",IF(ISNUMBER(SEARCH("not r",$D46)),"-",IF(ISNUMBER(SEARCH("refer",$D46)),"-",IF(C46="sum","",$D46*$E46)))) -> -
A47: K3.9.1 | B47: Extra over for recompacting a soil sample to a specified moisture content | C47: nr | D47: 3 | E47: 10 | F47: =IF(ISNUMBER(SEARCH("incl",$D47)),"-",IF(ISNUMBER(SEARCH("not r",$D47)),"-",IF(ISNUMBER(SEARCH("refer",$D47)),"-",IF(C47="sum","",$D47*$E47)))) -> 30
A48: K3.10 | B48: Extra over Item K3.9 for soaking | C48: day | D48: Not Required | F48: =IF(ISNUMBER(SEARCH("incl",$D48)),"-",IF(ISNUMBER(SEARCH("not r",$D48)),"-",IF(ISNUMBER(SEARCH("refer",$D48)),"-",IF(C48="sum","",$D48*$E48)))) -> -
A49: K4 | B49: Compressibility, permeability and durability
A50: K4.1 | B50: One-dimensional consolidation properties, test period 5 days | C50: nr | D50: =G50 -> 2 | F50: =IF(ISNUMBER(SEARCH("incl",$D50)),"-",IF(ISNUMBER(SEARCH("not r",$D50)),"-",IF(ISNUMBER(SEARCH("refer",$D50)),"-",IF(C50="sum","",$D50*$E50)))) -> 0 | G50: 2 | H50: assumed
A51: K4.2 | B51: Extra over Item K4.1 for test period in excess of 5 days | C51: day | D51: =G51 -> 2 | F51: =IF(ISNUMBER(SEARCH("incl",$D51)),"-",IF(ISNUMBER(SEARCH("not r",$D51)),"-",IF(ISNUMBER(SEARCH("refer",$D51)),"-",IF(C51="sum","",$D51*$E51)))) -> 0 | G51: 2 | H51: assumed
A52: K4.3 | B52: Measurements of swelling pressure, test period 2 days | C52: nr | D52: Not Required | F52: =IF(ISNUMBER(SEARCH("incl",$D52)),"-",IF(ISNUMBER(SEARCH("not r",$D52)),"-",IF(ISNUMBER(SEARCH("refer",$D52)),"-",IF(C52="sum","",$D52*$E52)))) -> -
A53: K4.4 | B53: Measurement of swelling, test period 2 days | C53: nr | D53: Not Required | F53: =IF(ISNUMBER(SEARCH("incl",$D53)),"-",IF(ISNUMBER(SEARCH("not r",$D53)),"-",IF(ISNUMBER(SEARCH("refer",$D53)),"-",IF(C53="sum","",$D53*$E53)))) -> -
A54: K4.5 | B54: Measurement of settlement on saturation, test period 1 day | C54: nr | D54: Not Required | F54: =IF(ISNUMBER(SEARCH("incl",$D54)),"-",IF(ISNUMBER(SEARCH("not r",$D54)),"-",IF(ISNUMBER(SEARCH("refer",$D54)),"-",IF(C54="sum","",$D54*$E54)))) -> -
A55: K4.6 | B55: Extra over Items K4.3 to K4.5 for test period in excess of 2 or 1 day (s) | C55: day | D55: Not Required | F55: =IF(ISNUMBER(SEARCH("incl",$D55)),"-",IF(ISNUMBER(SEARCH("not r",$D55)),"-",IF(ISNUMBER(SEARCH("refer",$D55)),"-",IF(C55="sum","",$D55*$E55)))) -> -
A56: K4.7 | B56: Permeability by constant head method | C56: nr | D56: Not Required | F56: =IF(ISNUMBER(SEARCH("incl",$D56)),"-",IF(ISNUMBER(SEARCH("not r",$D56)),"-",IF(ISNUMBER(SEARCH("refer",$D56)),"-",IF(C56="sum","",$D56*$E56)))) -> -
A57: K4.8 | B57: Dispersibility by pinhole method | C57: nr | D57: Not Required | F57: =IF(ISNUMBER(SEARCH("incl",$D57)),"-",IF(ISNUMBER(SEARCH("not r",$D57)),"-",IF(ISNUMBER(SEARCH("refer",$D57)),"-",IF(C57="sum","",$D57*$E57)))) -> -
A58: K4.9 | B58: Dispersibility by crumb method | C58: nr | D58: Not Required | F58: =IF(ISNUMBER(SEARCH("incl",$D58)),"-",IF(ISNUMBER(SEARCH("not r",$D58)),"-",IF(ISNUMBER(SEARCH("refer",$D58)),"-",IF(C58="sum","",$D58*$E58)))) -> -
A59: K4.10 | B59: Dispersibility by dispersion method | C59: nr | D59: Not Required | F59: =IF(ISNUMBER(SEARCH("incl",$D59)),"-",IF(ISNUMBER(SEARCH("not r",$D59)),"-",IF(ISNUMBER(SEARCH("refer",$D59)),"-",IF(C59="sum","",$D59*$E59)))) -> -
A60: K4.11 | B60: Frost heave of soil | C60: nr | D60: Not Required | F60: =IF(ISNUMBER(SEARCH("incl",$D60)),"-",IF(ISNUMBER(SEARCH("not r",$D60)),"-",IF(ISNUMBER(SEARCH("refer",$D60)),"-",IF(C60="sum","",$D60*$E60)))) -> -
A61: K5 | B61: Consolidation and permeability in hydraulic cells | C61: nr | D61: Not Required | F61: =IF(ISNUMBER(SEARCH("incl",$D61)),"-",IF(ISNUMBER(SEARCH("not r",$D61)),"-",IF(ISNUMBER(SEARCH("refer",$D61)),"-",IF(C61="sum","",$D61*$E61)))) -> -
A62: K5.1 | B62: Consolidation properties of a 76mm diameter specimen using a hydraulic cell, test period 4 days | C62: nr | D62: Not Required | F62: =IF(ISNUMBER(SEARCH("incl",$D62)),"-",IF(ISNUMBER(SEARCH("not r",$D62)),"-",IF(ISNUMBER(SEARCH("refer",$D62)),"-",IF(C62="sum","",$D62*$E62)))) -> -
A63: K5.2 | B63: As Item K5.1 but using a 100mm diameter specimen | C63: nr | D63: Not Required | F63: =IF(ISNUMBER(SEARCH("incl",$D63)),"-",IF(ISNUMBER(SEARCH("not r",$D63)),"-",IF(ISNUMBER(SEARCH("refer",$D63)),"-",IF(C63="sum","",$D63*$E63)))) -> -
... A75: K5.14 | B75: Extra over Item K5.13 for test period in excess of 4 days | C75: day | D75: Not Required | F75: =IF(ISNUMBER(SEARCH("incl",$D75)),"-",IF(ISNUMBER(SEARCH("not r",$D75)),"-",IF(ISNUMBER(SEARCH("refer",$D75)),"-",IF(C75="sum","",$D75*$E75)))) -> -
A76: K6 | B76: Shear strength (total stress) | F76: =IF(ISNUMBER($D76)=FALSE,"-",IF(E76=0,"",D76*E76)) -> -
A77: K6.1 | B77: Shear strength by the laboratory vane method (set of 3) | C77: nr | D77: Not Required | F77: =IF(ISNUMBER(SEARCH("incl",$D77)),"-",IF(ISNUMBER(SEARCH("not r",$D77)),"-",IF(ISNUMBER(SEARCH("refer",$D77)),"-",IF(C77="sum","",$D77*$E77)))) -> -
A78: K6.2 | B78: Shear strength by hand vane (set of 3) | C78: nr | D78: Not Required | F78: =IF(ISNUMBER(SEARCH("incl",$D78)),"-",IF(ISNUMBER(SEARCH("not r",$D78)),"-",IF(ISNUMBER(SEARCH("refer",$D78)),"-",IF(C78="sum","",$D78*$E78)))) -> -
A79: K6.3 | B79: Shear strength by hand penetrometer (set of 3) | C79: nr | D79: Not Required | F79: =IF(ISNUMBER(SEARCH("incl",$D79)),"-",IF(ISNUMBER(SEARCH("not r",$D79)),"-",IF(ISNUMBER(SEARCH("refer",$D79)),"-",IF(C79="sum","",$D79*$E79)))) -> -
A80: K6.4 | B80: Shear strength of a set of three 60mm × 60mm square specimens by direct shear, test duration not exceeding 1 day per specimen | C80: nr | D80: Not Required | F80: =IF(ISNUMBER(SEARCH("incl",$D80)),"-",IF(ISNUMBER(SEARCH("not r",$D80)),"-",IF(ISNUMBER(SEARCH("refer",$D80)),"-",IF(C80="sum","",$D80*$E80)))) -> -
A81: K6.5 | B81: Extra over Item K6.4 for test durations in excess of 1 day per specimen | C81: sp.day | D81: Not Required | F81: =IF(ISNUMBER(SEARCH("incl",$D81)),"-",IF(ISNUMBER(SEARCH("not r",$D81)),"-",IF(ISNUMBER(SEARCH("refer",$D81)),"-",IF(C81="sum","",$D81*$E81)))) -> -
A82: K6.6 | B82: Shear strength of a single 300mm × 300mm square specimen by direct shear, test duration not exceeding 1 day | C82: nr | D82: Not Required | F82: =IF(ISNUMBER(SEARCH("incl",$D82)),"-",IF(ISNUMBER(SEARCH("not r",$D82)),"-",IF(ISNUMBER(SEARCH("refer",$D82)),"-",IF(C82="sum","",$D82*$E82)))) -> -
A83: K6.7 | B83: Extra over Item K6.6 for test durations in excess of 1 day | C83: day | D83: Not Required | F83: =IF(ISNUMBER(SEARCH("incl",$D83)),"-",IF(ISNUMBER(SEARCH("not r",$D83)),"-",IF(ISNUMBER(SEARCH("refer",$D83)),"-",IF(C83="sum","",$D83*$E83)))) -> -
A84: K6.8 | B84: Residual shear strength of a set of three 60mm × 60mm square specimens by direct shear, test duration not exceeding 4 days per specimen | C84: nr | D84: Not Required | F84: =IF(ISNUMBER(SEARCH("incl",$D84)),"-",IF(ISNUMBER(SEARCH("not r",$D84)),"-",IF(ISNUMBER(SEARCH("refer",$D84)),"-",IF(C84="sum","",$D84*$E84)))) -> -
A85: K6.9 | B85: Extra over Item K6.8 for test durations in excess of 4 days per specimen | C85: sp.day | D85: Not Required | F85: =IF(ISNUMBER(SEARCH("incl",$D85)),"-",IF(ISNUMBER(SEARCH("not r",$D85)),"-",IF(ISNUMBER(SEARCH("refer",$D85)),"-",IF(C85="sum","",$D85*$E85)))) -> -
A86: K6.10 | B86: Residual shear strength of a 300mm square specimen by direct shear, test duration not exceeding 4 days | C86: nr | D86: Not Required | F86: =IF(ISNUMBER(SEARCH("incl",$D86)),"-",IF(ISNUMBER(SEARCH("not r",$D86)),"-",IF(ISNUMBER(SEARCH("refer",$D86)),"-",IF(C86="sum","",$D86*$E86)))) -> -
A87: K6.11 | B87: Extra over Item K6. 10 for test duration in excess day of 4 days | C87: day | D87: Not Required | F87: =IF(ISNUMBER(SEARCH("incl",$D87)),"-",IF(ISNUMBER(SEARCH("not r",$D87)),"-",IF(ISNUMBER(SEARCH("refer",$D87)),"-",IF(C87="sum","",$D87*$E87)))) -> -
A88: K6.12 | B88: Residual shear strength using the small ring shear apparatus at three normal pressures, test duration not exceeding 4 days | C88: nr | D88: Not Required | F88: =IF(ISNUMBER(SEARCH("incl",$D88)),"-",IF(ISNUMBER(SEARCH("not r",$D88)),"-",IF(ISNUMBER(SEARCH("refer",$D88)),"-",IF(C88="sum","",$D88*$E88)))) -> -
... A90: K6.14 | B90: Unconfined compressive strength of 38mm diameter specimen | C90: nr | D90: Not Required | F90: =IF(ISNUMBER(SEARCH("incl",$D90)),"-",IF(ISNUMBER(SEARCH("not r",$D90)),"-",IF(ISNUMBER(SEARCH("refer",$D90)),"-",IF(C90="sum","",$D90*$E90)))) -> -
A91: K6.15 | B91: Undrained shear strength of a set of three 38mm diameter specimens in triaxial compression without the measurement of pore pressure | C91: nr | D91: =G91 -> 2 | E91: 60 | F91: =IF(ISNUMBER(SEARCH("incl",$D91)),"-",IF(ISNUMBER(SEARCH("not r",$D91)),"-",IF(ISNUMBER(SEARCH("refer",$D91)),"-",IF(C91="sum","",$D91*$E91)))) -> 120 | G91: 2 | H91: assumed
A92: K6.16 | B92: Undrained strength of a single 100mm diameter specimen in triaxial compression without the measurement of pore pressure | C92: nr | D92: Not Required | F92: =IF(ISNUMBER(SEARCH("incl",$D92)),"-",IF(ISNUMBER(SEARCH("not r",$D92)),"-",IF(ISNUMBER(SEARCH("refer",$D92)),"-",IF(C92="sum","",$D92*$E92)))) -> -
A93: K6.17 | B93: Undrained shear strength of a single 100mm diameter specimen in triaxial compression with multi-stage loading and without measurement of pore pressure | C93: nr | D93: =G93 -> 2 | E93: 60 | F93: =IF(ISNUMBER(SEARCH("incl",$D93)),"-",IF(ISNUMBER(SEARCH("not r",$D93)),"-",IF(ISNUMBER(SEARCH("refer",$D93)),"-",IF(C93="sum","",$D93*$E93)))) -> 120 | G93: 2 | H93: assumed
A94: K7 | B94: Shear strength (effective stress)
A95: K7.1 | B95: Consolidated undrained triaxial compression test with measurement of pore pressure (set of three 38mm specimens), test duration not exceeding 4 days per specimen | C95: nr | D95: Not Required | F95: =IF(ISNUMBER(SEARCH("incl",$D95)),"-",IF(ISNUMBER(SEARCH("not r",$D95)),"-",IF(ISNUMBER(SEARCH("refer",$D95)),"-",IF(C95="sum","",$D95*$E95)))) -> -
A96: K7.2 | B96: As K7.1 but single-stage or multi-stage test using 100mm diameter specimen | C96: nr | D96: Not Required | F96: =IF(ISNUMBER(SEARCH("incl",$D96)),"-",IF(ISNUMBER(SEARCH("not r",$D96)),"-",IF(ISNUMBER(SEARCH("refer",$D96)),"-",IF(C96="sum","",$D96*$E96)))) -> -
A97: K7.3 | B97: Consolidated drained triaxial compression test with measurement of volume change (set of three 38mm specimens), test duration not exceeding 4 days per specimen | C97: nr | D97: Not Required | F97: =IF(ISNUMBER(SEARCH("incl",$D97)),"-",IF(ISNUMBER(SEARCH("not r",$D97)),"-",IF(ISNUMBER(SEARCH("refer",$D97)),"-",IF(C97="sum","",$D97*$E97)))) -> -
A98: K7.4 | B98: As Item K7.3 but single-stage or multi-stage test using 100mm diameter specimen, test duration not exceeding 4 days | C98: nr | D98: Not Required | F98: =IF(ISNUMBER(SEARCH("incl",$D98)),"-",IF(ISNUMBER(SEARCH("not r",$D98)),"-",IF(ISNUMBER(SEARCH("refer",$D98)),"-",IF(C98="sum","",$D98*$E98)))) -> -
A99: K7.5 | B99: Extra over Items K7.1 and K7.3 for test duration in excess of 4 days per specimen | C99: sp.day | D99: Not Required | F99: =IF(ISNUMBER(SEARCH("incl",$D99)),"-",IF(ISNUMBER(SEARCH("not r",$D99)),"-",IF(ISNUMBER(SEARCH("refer",$D99)),"-",IF(C99="sum","",$D99*$E99)))) -> -
A100: K7.6 | B100: Extra over Items K7.2 and K7.4 for test duration in excess of 4 days | C100: day | D100: Not Required | F100: =IF(ISNUMBER(SEARCH("incl",$D100)),"-",IF(ISNUMBER(SEARCH("not r",$D100)),"-",IF(ISNUMBER(SEARCH("refer",$D100)),"-",IF(C100="sum","",$D100*$E100)))) -> -
A101: K8 | B101: Rock testing
A102: K8.1 | B102: Natural water content of rock sample | C102: nr | D102: Not Required | F102: =IF(ISNUMBER(SEARCH("incl",$D102)),"-",IF(ISNUMBER(SEARCH("not r",$D102)),"-",IF(ISNUMBER(SEARCH("refer",$D102)),"-",IF(C102="sum","",$D102*$E102)))) -> -
A103: K8.2 | B103: Porosity/density using saturation and calliper techniques | C103: nr | D103: Not Required | F103: =IF(ISNUMBER(SEARCH("incl",$D103)),"-",IF(ISNUMBER(SEARCH("not r",$D103)),"-",IF(ISNUMBER(SEARCH("refer",$D103)),"-",IF(C103="sum","",$D103*$E103)))) -> -
A104: K8.3 | B104: Porosity/density using saturation and buoyancy | C104: nr | D104: Not Required | F104: =IF(ISNUMBER(SEARCH("incl",$D104)),"-",IF(ISNUMBER(SEARCH("not r",$D104)),"-",IF(ISNUMBER(SEARCH("refer",$D104)),"-",IF(C104="sum","",$D104*$E104)))) -> -
A105: K8.4 | B105: Slake durability index | C105: nr | D105: Not Required | F105: =IF(ISNUMBER(SEARCH("incl",$D105)),"-",IF(ISNUMBER(SEARCH("not r",$D105)),"-",IF(ISNUMBER(SEARCH("refer",$D105)),"-",IF(C105="sum","",$D105*$E105)))) -> -
A106: K8.5 | B106: Soundness by magnesium sulphate | C106: nr | D106: Not Required | F106: =IF(ISNUMBER(SEARCH("incl",$D106)),"-",IF(ISNUMBER(SEARCH("not r",$D106)),"-",IF(ISNUMBER(SEARCH("refer",$D106)),"-",IF(C106="sum","",$D106*$E106)))) -> -
A107: K8.6 | B107: Magnesium sulphate test | C107: nr | D107: Not Required | F107: =IF(ISNUMBER(SEARCH("incl",$D107)),"-",IF(ISNUMBER(SEARCH("not r",$D107)),"-",IF(ISNUMBER(SEARCH("refer",$D107)),"-",IF(C107="sum","",$D107*$E107)))) -> -
A108: K8.7 | B108: Shore scleroscope | C108: nr | D108: Not Required | F108: =IF(ISNUMBER(SEARCH("incl",$D108)),"-",IF(ISNUMBER(SEARCH("not r",$D108)),"-",IF(ISNUMBER(SEARCH("refer",$D108)),"-",IF(C108="sum","",$D108*$E108)))) -> -
A109: K8.8 | B109: Schmidt rebound hardness | C109: nr | D109: Not Required | F109: =IF(ISNUMBER(SEARCH("incl",$D109)),"-",IF(ISNUMBER(SEARCH("not r",$D109)),"-",IF(ISNUMBER(SEARCH("refer",$D109)),"-",IF(C109="sum","",$D109*$E109)))) -> -
A110: K8.9 | B110: Resistance to fragmentation | C110: nr | D110: Not Required | F110: =IF(ISNUMBER(SEARCH("incl",$D110)),"-",IF(ISNUMBER(SEARCH("not r",$D110)),"-",IF(ISNUMBER(SEARCH("refer",$D110)),"-",IF(C110="sum","",$D110*$E110)))) -> -
A111: K8.10 | B111: Aggregate abrasion value | C111: nr | D111: Not Required | F111: =IF(ISNUMBER(SEARCH("incl",$D111)),"-",IF(ISNUMBER(SEARCH("not r",$D111)),"-",IF(ISNUMBER(SEARCH("refer",$D111)),"-",IF(C111="sum","",$D111*$E111)))) -> -
A112: K8.11 | B112: Polished stone value | C112: nr | D112: Not Required | F112: =IF(ISNUMBER(SEARCH("incl",$D112)),"-",IF(ISNUMBER(SEARCH("not r",$D112)),"-",IF(ISNUMBER(SEARCH("refer",$D112)),"-",IF(C112="sum","",$D112*$E112)))) -> -
A113: K8.12 | B113: Aggregate frost heave | C113: nr | D113: Not Required | F113: =IF(ISNUMBER(SEARCH("incl",$D113)),"-",IF(ISNUMBER(SEARCH("not r",$D113)),"-",IF(ISNUMBER(SEARCH("refer",$D113)),"-",IF(C113="sum","",$D113*$E113)))) -> -
A114: K8.13 | B114: Resistance to freezing and thawing | C114: nr | D114: Not Required | F114: =IF(ISNUMBER(SEARCH("incl",$D114)),"-",IF(ISNUMBER(SEARCH("not r",$D114)),"-",IF(ISNUMBER(SEARCH("refer",$D114)),"-",IF(C114="sum","",$D114*$E114)))) -> - | J114: BOQ | K114: TOTAL | O114: Rot
A115: K8.14 | B115: Uniaxial compressive strength | C115: nr | D115: =G115 -> 8 | E115: 50 | F115: =IF(ISNUMBER(SEARCH("incl",$D115)),"-",IF(ISNUMBER(SEARCH("not r",$D115)),"-",IF(ISNUMBER(SEARCH("refer",$D115)),"-",IF(C115="sum","",$D115*$E115)))) -> 400 | G115: 8 | H115: SAY 1/STRUC | J115: =ROUNDUP(K115,0) -> 2 | K115: =L115*O115+(N115*O115) -> 1.25 | L115: 1 | M115: per Rot plus | N115: 0.25 | O115: ='Section C'!$H$29+'Section C'!$H$30+'Section C'!$H$31+'Section C'!$H$32 -> 1
A116: K8.15 | B116: Deformability in uniaxial compression | C116: nr | D116: Not Required | F116: =IF(ISNUMBER(SEARCH("incl",$D116)),"-",IF(ISNUMBER(SEARCH("not r",$D116)),"-",IF(ISNUMBER(SEARCH("refer",$D116)),"-",IF(C116="sum","",$D116*$E116)))) -> -
A117: K8.16 | B117: Indirect tensile strength by Brazilian test | C117: nr | D117: Not Required | F117: =IF(ISNUMBER(SEARCH("incl",$D117)),"-",IF(ISNUMBER(SEARCH("not r",$D117)),"-",IF(ISNUMBER(SEARCH("refer",$D117)),"-",IF(C117="sum","",$D117*$E117)))) -> -
A118: K8.17 | B118: Triaxial compression without measurements of porewater pressure | C118: nr | D118: Not Required | F118: =IF(ISNUMBER(SEARCH("incl",$D118)),"-",IF(ISNUMBER(SEARCH("not r",$D118)),"-",IF(ISNUMBER(SEARCH("refer",$D118)),"-",IF(C118="sum","",$D118*$E118)))) -> - | O118: Rot
...

Sheet Section L
A7: Number | B7: Item description | C7: Unit | D7: Quantity | E7: Rate | F7: Amount
E8: € | F8: €
A9: L | B9: Geoenvironmental laboratory testing
B10: Contamination testing of soil, groundwater, gas and fill material) | G10: TAKE SAY | K10: Samples
A11: L.1 | B11: Tests Suite E | C11: nr | D11: =G11 -> 3 | F11: =IF(ISNUMBER(SEARCH("incl",$D11)),"-",IF(ISNUMBER(SEARCH("not r",$D11)),"-",IF(ISNUMBER(SEARCH("refer",$D11)),"-",IF(C11="sum","",$D11*$E11)))) -> 0 | G11: 3 | H11: =I11*K11 -> 0.3 | I11: 1 | J11: samples | K11: ='Section E'!H25 -> 0.3 | M11: E=soil | O11: Taken from Spec Schedule 2 ("Contam", S1.20.3)
A12: L.2 | B12: Tests Suite F | C12: nr | D12: =G12 -> 3 | F12: =IF(ISNUMBER(SEARCH("incl",$D12)),"-",IF(ISNUMBER(SEARCH("not r",$D12)),"-",IF(ISNUMBER(SEARCH("refer",$D12)),"-",IF(C12="sum","",$D12*$E12)))) -> 0 | G12: 3 | H12: =I12*K12 -> 0.3 | I12: 1 | J12: samples | K12: ='Section E'!H26 -> 0.3 | M12: F is water | O12: Taken from Spec Schedule 2 ("WAC", S1.20.5)
A13: L.3 | B13: Tests Suite G | C13: nr | D13: not required | E13: N/A | F13: =IF(ISNUMBER(SEARCH("incl",$D13)),"-",IF(ISNUMBER(SEARCH("not r",$D13)),"-",IF(ISNUMBER(SEARCH("refer",$D13)),"-",IF(C13="sum","",$D13*$E13)))) -> - | M13: G=Gas
A14: L.4 | B14: Tests Suite H | C14: nr | D14: not required | E14: N/A | F14: =IF(ISNUMBER(SEARCH("incl",$D14)),"-",IF(ISNUMBER(SEARCH("not r",$D14)),"-",IF(ISNUMBER(SEARCH("refer",$D14)),"-",IF(C14="sum","",$D14*$E14)))) -> - | M14: H=WAC
A15: L.5 | B15: Tests Suite I | C15: nr | D15: =G15 -> 4 | F15: =IF(ISNUMBER(SEARCH("incl",$D15)),"-",IF(ISNUMBER(SEARCH("not r",$D15)),"-",IF(ISNUMBER(SEARCH("refer",$D15)),"-",IF(C15="sum","",$D15*$E15)))) -> 0 | G15: 4 | H15: =I15*K15 -> 0.45 | I15: 1 | J15: samples | K15: ='Section E'!H29 -> 0.45 | M15: I=WAC | O15: assumed equal to Suite F (both from Schedule 1.20.5)
A16: L.6 | B16: Tests Suite J | C16: nr | D16: not required | E16: N/A | F16: =IF(ISNUMBER(SEARCH("incl",$D16)),"-",IF(ISNUMBER(SEARCH("not r",$D16)),"-",IF(ISNUMBER(SEARCH("refer",$D16)),"-",IF(C16="sum","",$D16*$E16)))) -> -
A17: Total Section L carried to summary: | F17: =SUM(F11:F15) -> 0

Sheet Summary
A7: Summary of Bill of Quantities
C8: €
A9: A. | B9: General items, provisional services and additional items | C9: =TOTAL_A -> 1500
A10: B. | B10: Percussion boring | C10: =TOTAL_B -> 0
A11: C. | B11: Rotary drilling | C11: =TOTAL_C -> 0
A12: D. | B12: Pitting and trenching | C12: =TOTAL_D -> 0
A13: E. | B13: Sampling and monitoring during intrusive investigation | C13: =TOTAL_E -> 0
A14: F. | B14: Probing and cone penetration testing | C14: =TOTAL_F -> 0
A15: G. | B15: Geophysical testing | C15: =TOTAL_G -> 0
A16: H. | B16: In situ testing | C16: =TOTAL_H -> 0
A17: I. | B17: Instrumentation | C17: =TOTAL_I -> 0
A18: J. | B18: Installation monitoring and sampling | C18: =TOTAL_J -> 0
A19: K. | B19: Geotechnical laboratory testing | C19: =TOTAL_K -> 3750
A20: L. | B20: Geoenvironmental laboratory testing | C20: =TOTAL_L -> 0
A21: Total Tender | C21: =SUM(C9:C20) -> 5250

Sheet Appendices
A7: Appendix A. Rates for Ground Practitioners and other Personnel
A9: Item | B9: Item description | C9: Unit | D9: Rate
D10: €
A11: 1 | B11: Technician | C11: h
A12: 2 | B12: Engineer / Geologist | C12: h
A13: 3 | B13: Chartered Engineer / Professional Geologist | C13: h
A14: 4 | B14: Chartered Engineer / Professional Geologist (10 years’ experience post charter) | C14: h
A15: 5 | B15: Chartered Engineer / Professional Geologist (20 years’ experience post charter) | C15: h
A16: 6 | B16: Expenses incurred by staff on site visits or who are resident by agreement with the Investigation Supervisor | C16: day
A17: 7 | B17: Rate per kilometre from Contractor's premises and return for Items 1 and 2 | C17: km
A18: 8 | B18: As above but for items 3, 4 and 5 | C18: km
A19: 9 | B19: All other expenses incurred in conjunction with a site visit where a return journey is made on the same day for Items 1 and 2 | C19: visit
A20: 10 | B20: As above but for items 3, 4 and 5 | C20: visit
A21: 11 | B21: All other expenses incurred in connection with visit where an overnight stay is necessary for Items 1and 2 | C21: overnight
A22: 12 | B22: As above but for Items 3, 4, and 5 | C22: overnight
A25: Appendix B. Long-term sample storage
A27: Item | B27: Item description | C27: Unit | D27: Rate/month
D28: €
A29: Geotechnical samples
A30: 1 | B30: Cable percussive borehole or dynamic sample | C30: nr
A31: 2 | B31: Rotary drilling core (core box) | C31: nr
A32: 3 | B32: Rotary drilling core sub-sample | C32: nr
A33: 4 | B33: Bulk sample | C33: nr
A34: 5 | B34: Large bulk sample | C34: nr
A35: 6 | B35: Open-tube samples (thick-wall sampler) | C35: nr
A36: 7 | B36: Open-tube samples (thin-wall sampler) | C36: nr
A37: 8 | B37: Piston sample | C37: nr
A38: 9 | B38: Groundwater sample | C38: nr
A39: 10 | B39: Hardcore aggregate bulk sample (not including drying at 40 degrees) | C39: nr
A40: Contamination samples
A41: 13 | B41: Soil sample in plastic tub | C41: nr
A42: 14 | B42: Soil sample in glass jar | C42: nr
A43: 15 | B43: Groundwater sample | C43: nr
A44: 16 | B44: Gas sample | C44: nr
A45: Where samples comprise more than one container, the rate entered shall be per container.

Sheet Log Schedule
A1: Hole Number | B1: CP/RC | C1: Total Depth | D1: CP Scheduled | F1: Scheduled CP Depth | G1: 0-10 | H1: 10 to 20 | I1: 20-30 | L1: Scheduled RC Depth | M1: RC - CP | N1: 0-10 | O1: 10-20m | P1: 20-30 | R1: RC Scheduled | T1: Draft Log Received CP/RC or N/A | V1: Log Comments Sent CP/RC | W1: Lab Schedule Received CP/RC or N/A | Y1: Lab Schedule Sent CP/RC or N/A | AA1: Comments
A2: BH 1 | B2: CP/RC | C2: =F2+L2 -> 19 | D2: =IF(C2>0, 1, 0) -> 1 | F2: 8 | G2: =IF(F2>10, 10, F2) -> 8 | H2: =IF(F2>20,10,MAX(0,F2-10)) -> 0 | I2: =IF(F2>30,10,MAX(0,F2-20)) -> 0 | L2: 11 | M2: =MAX(0,L2-F2) -> 3 | N2: =MAX(0,IF(L2<10,L2-F2,IF(L2>0, IF(F2>10, 0,(10-F2))))) -> 2 | O2: =IF(F2>20,0,IF(F2>10,IF(20>=F2>=10,MIN(20-F2,L2-F2),MIN(10,MIN(0,L2-F2))),IF(L2>20,10,MAX(0,L2-10)))) -> 1 | P2: =IF(F2>20, IF(L2>30,10,MAX(0,L2-20)+20-F2),IF(L2>30,10,MAX(0,L2-20) )) -> 0 | R2: =IF(L2>0, 1, 0) -> 1 | T2: N/A | U2: RC | V2: CP | W2: CP | X2: N/A | Y2: CP | AT2: =IF(10<F2<20,20-F2,(IF(F2<10,10,0))) -> 10
A3: BH 2 | B3: CP/RC | C3: =F3+L3 -> 6 | D3: =IF(C3>0, 1, 0) -> 1 | F3: 3 | G3: =IF(F3>10, 10, F3) -> 3 | H3: =IF(F3>20,10,MAX(0,F3-10)) -> 0 | I3: =IF(F3>30,10,MAX(0,F3-20)) -> 0 | L3: 3 | M3: =MAX(0,L3-F3) -> 0 | N3: =MAX(0,IF(L3<10,L3-F3,IF(L3>0, IF(F3>10, 0,(10-F3))))) -> 0 | O3: =IF(F3>20,0,IF(F3>10,IF(20>=F3>=10,MIN(20-F3,L3-F3),MIN(10,MIN(0,L3-F3))),IF(L3>20,10,MAX(0,L3-10)))) -> 0 | P3: =IF(F3>20, IF(L3>30,10,MAX(0,L3-20)+20-F3),IF(L3>30,10,MAX(0,L3-20) )) -> 0 | R3: =IF(L3>0, 1, 0) -> 1 | T3: CP | U3: N/A | W3: N/A | Z3: RC | AT3: Do Not Delete
C4: 0 | D4: =IF(C4>0, 1, 0) -> 0 | G4: =IF(F4>10, 10, F4) -> 0 | H4: =IF(F4>20,10,MAX(0,F4-10)) -> 0 | I4: =IF(F4>30,10,MAX(0,F4-20)) -> 0 | M4: =MAX(0,L4-F4) -> 0 | N4: =MAX(0,IF(L4<10,L4-F4,IF(L4>0, IF(F4>10, 0,(10-F4))))) -> 0 | O4: =IF(F4>20,0,IF(F4>10,IF(20>=F4>=10,MIN(20-F4,L4-F4),MIN(10,MIN(0,L4-F4))),IF(L4>20,10,MAX(0,L4-10)))) -> 0 | P4: =IF(F4>20, IF(L4>30,10,MAX(0,L4-20)+20-F4),IF(L4>30,10,MAX(0,L4-20) )) -> 0 | R4: =IF(L4>0, 1, 0) -> 0 | X4: RC | Y4: N/A
C5: =F5+L5 -> 0 | D5: =IF(C5>0, 1, 0) -> 0 | G5: =IF(F5>10, 10, F5) -> 0 | H5: =IF(F5>20,10,MAX(0,F5-10)) -> 0 | I5: =IF(F5>30,10,MAX(0,F5-20)) -> 0 | M5: =MAX(0,L5-F5) -> 0 | N5: =MAX(0,IF(L5<10,L5-F5,IF(L5>0, IF(F5>10, 0,(10-F5))))) -> 0 | O5: =IF(F5>20,0,IF(F5>10,IF(20>=F5>=10,MIN(20-F5,L5-F5),MIN(10,MIN(0,L5-F5))),IF(L5>20,10,MAX(0,L5-10)))) -> 0 | P5: =IF(F5>20, IF(L5>30,10,MAX(0,L5-20)+20-F5),IF(L5>30,10,MAX(0,L5-20) )) -> 0 | R5: =IF(L5>0, 1, 0) -> 0
C6: =F6+L6 -> 0 | D6: =IF(C6>0, 1, 0) -> 0 | G6: =IF(F6>10, 10, F6) -> 0 | H6: =IF(F6>20,10,MAX(0,F6-10)) -> 0 | I6: =IF(F6>30,10,MAX(0,F6-20)) -> 0 | M6: =MAX(0,L6-F6) -> 0 | N6: =MAX(0,IF(L6<10,L6-F6,IF(L6>0, IF(F6>10, 0,(10-F6))))) -> 0 | O6: =IF(F6>20,0,IF(F6>10,IF(20>=F6>=10,MIN(20-F6,L6-F6),MIN(10,MIN(0,L6-F6))),IF(L6>20,10,MAX(0,L6-10)))) -> 0 | P6: =IF(F6>20, IF(L6>30,10,MAX(0,L6-20)+20-F6),IF(L6>30,10,MAX(0,L6-20) )) -> 0 | R6: =IF(L6>0, 1, 0) -> 0 | Z6: N/A
C7: =F7+L7 -> 0 | D7: =IF(C7>0, 1, 0) -> 0 | G7: =IF(F7>10, 10, F7) -> 0 | H7: =IF(F7>20,10,MAX(0,F7-10)) -> 0 | I7: =IF(F7>30,10,MAX(0,F7-20)) -> 0 | M7: =MAX(0,L7-F7) -> 0 | N7: =MAX(0,IF(L7<10,L7-F7,IF(L7>0, IF(F7>10, 0,(10-F7))))) -> 0 | O7: =IF(F7>20,0,IF(F7>10,IF(20>=F7>=10,MIN(20-F7,L7-F7),MIN(10,MIN(0,L7-F7))),IF(L7>20,10,MAX(0,L7-10)))) -> 0 | P7: =IF(F7>20, IF(L7>30,10,MAX(0,L7-20)+20-F7),IF(L7>30,10,MAX(0,L7-20) )) -> 0 | R7: =IF(L7>0, 1, 0) -> 0
C8: =F8+L8 -> 0 | D8: =IF(C8>0, 1, 0) -> 0 | G8: =IF(F8>10, 10, F8) -> 0 | H8: =IF(F8>20,10,MAX(0,F8-10)) -> 0 | I8: =IF(F8>30,10,MAX(0,F8-20)) -> 0 | M8: =MAX(0,L8-F8) -> 0 | N8: =MAX(0,IF(L8<10,L8-F8,IF(L8>0, IF(F8>10, 0,(10-F8))))) -> 0 | O8: =IF(F8>20,0,IF(F8>10,IF(20>=F8>=10,MIN(20-F8,L8-F8),MIN(10,MIN(0,L8-F8))),IF(L8>20,10,MAX(0,L8-10)))) -> 0 | P8: =IF(F8>20, IF(L8>30,10,MAX(0,L8-20)+20-F8),IF(L8>30,10,MAX(0,L8-20) )) -> 0 | R8: =IF(L8>0, 1, 0) -> 0
C9: =F9+L9 -> 0 | D9: =IF(C9>0, 1, 0) -> 0 | G9: =IF(F9>10, 10, F9) -> 0 | H9: =IF(F9>20,10,MAX(0,F9-10)) -> 0 | I9: =IF(F9>30,10,MAX(0,F9-20)) -> 0 | M9: =MAX(0,L9-F9) -> 0 | N9: =MAX(0,IF(L9<10,L9-F9,IF(L9>0, IF(F9>10, 0,(10-F9))))) -> 0 | O9: =IF(F9>20,0,IF(F9>10,IF(20>=F9>=10,MIN(20-F9,L9-F9),MIN(10,MIN(0,L9-F9))),IF(L9>20,10,MAX(0,L9-10)))) -> 0 | P9: =IF(F9>20, IF(L9>30,10,MAX(0,L9-20)+20-F9),IF(L9>30,10,MAX(0,L9-20) )) -> 0 | R9: =IF(L9>0, 1, 0) -> 0
C10: =F10+L10 -> 0 | D10: =IF(C10>0, 1, 0) -> 0 | G10: =IF(F10>10, 10, F10) -> 0 | H10: =IF(F10>20,10,MAX(0,F10-10)) -> 0 | I10: =IF(F10>30,10,MAX(0,F10-20)) -> 0 | M10: =MAX(0,L10-F10) -> 0 | N10: =MAX(0,IF(L10<10,L10-F10,IF(L10>0, IF(F10>10, 0,(10-F10))))) -> 0 | O10: =IF(F10>20,0,IF(F10>10,IF(20>=F10>=10,MIN(20-F10,L10-F10),MIN(10,MIN(0,L10-F10))),IF(L10>20,10,MAX(0,L10-10)))) -> 0 | P10: =IF(F10>20, IF(L10>30,10,MAX(0,L10-20)+20-F10),IF(L10>30,10,MAX(0,L10-20) )) -> 0 | R10: =IF(L10>0, 1, 0) -> 0
C11: =F11+L11 -> 0 | D11: =IF(C11>0, 1, 0) -> 0 | G11: =IF(F11>10, 10, F11) -> 0 | H11: =IF(F11>20,10,MAX(0,F11-10)) -> 0 | I11: =IF(F11>30,10,MAX(0,F11-20)) -> 0 | M11: =MAX(0,L11-F11) -> 0 | N11: =MAX(0,IF(L11<10,L11-F11,IF(L11>0, IF(F11>10, 0,(10-F11))))) -> 0 | O11: =IF(F11>20,0,IF(F11>10,IF(20>=F11>=10,MIN(20-F11,L11-F11),MIN(10,MIN(0,L11-F11))),IF(L11>20,10,MAX(0,L11-10)))) -> 0 | P11: =IF(F11>20, IF(L11>30,10,MAX(0,L11-20)+20-F11),IF(L11>30,10,MAX(0,L11-20) )) -> 0 | R11: =IF(L11>0, 1, 0) -> 0
C12: =F12+L12 -> 0 | D12: =IF(C12>0, 1, 0) -> 0 | G12: =IF(F12>10, 10, F12) -> 0 | H12: =IF(F12>20,10,MAX(0,F12-10)) -> 0 | I12: =IF(F12>30,10,MAX(0,F12-20)) -> 0 | M12: =MAX(0,L12-F12) -> 0 | N12: =MAX(0,IF(L12<10,L12-F12,IF(L12>0, IF(F12>10, 0,(10-F12))))) -> 0 | O12: =IF(F12>20,0,IF(F12>10,IF(20>=F12>=10,MIN(20-F12,L12-F12),MIN(10,MIN(0,L12-F12))),IF(L12>20,10,MAX(0,L12-10)))) -> 0 | P12: =IF(F12>20, IF(L12>30,10,MAX(0,L12-20)+20-F12),IF(L12>30,10,MAX(0,L12-20) )) -> 0 | R12: =IF(L12>0, 1, 0) -> 0
C13: =F13+L13 -> 0 | D13: =IF(C13>0, 1, 0) -> 0 | G13: =IF(F13>10, 10, F13) -> 0 | H13: =IF(F13>20,10,MAX(0,F13-10)) -> 0 | I13: =IF(F13>30,10,MAX(0,F13-20)) -> 0 | M13: =MAX(0,L13-F13) -> 0 | N13: =MAX(0,IF(L13<10,L13-F13,IF(L13>0, IF(F13>10, 0,(10-F13))))) -> 0 | O13: =IF(F13>20,0,IF(F13>10,IF(20>=F13>=10,MIN(20-F13,L13-F13),MIN(10,MIN(0,L13-F13))),IF(L13>20,10,MAX(0,L13-10)))) -> 0 | P13: =IF(F13>20, IF(L13>30,10,MAX(0,L13-20)+20-F13),IF(L13>30,10,MAX(0,L13-20) )) -> 0 | R13: =IF(L13>0, 1, 0) -> 0
C14: =F14+L14 -> 0 | D14: =IF(C14>0, 1, 0) -> 0 | G14: =IF(F14>10, 10, F14) -> 0 | H14: =IF(F14>20,10,MAX(0,F14-10)) -> 0 | I14: =IF(F14>30,10,MAX(0,F14-20)) -> 0 | M14: =MAX(0,L14-F14) -> 0 | N14: =MAX(0,IF(L14<10,L14-F14,IF(L14>0, IF(F14>10, 0,(10-F14))))) -> 0 | O14: =IF(F14>20,0,IF(F14>10,IF(20>=F14>=10,MIN(20-F14,L14-F14),MIN(10,MIN(0,L14-F14))),IF(L14>20,10,MAX(0,L14-10)))) -> 0 | P14: =IF(F14>20, IF(L14>30,10,MAX(0,L14-20)+20-F14),IF(L14>30,10,MAX(0,L14-20) )) -> 0 | R14: =IF(L14>0, 1, 0) -> 0
C15: =F15+L15 -> 0 | D15: =IF(C15>0, 1, 0) -> 0 | G15: =IF(F15>10, 10, F15) -> 0 | H15: =IF(F15>20,10,MAX(0,F15-10)) -> 0 | I15: =IF(F15>30,10,MAX(0,F15-20)) -> 0 | M15: =MAX(0,L15-F15) -> 0 | N15: =MAX(0,IF(L15<10,L15-F15,IF(L15>0, IF(F15>10, 0,(10-F15))))) -> 0 | O15: =IF(F15>20,0,IF(F15>10,IF(20>=F15>=10,MIN(20-F15,L15-F15),MIN(10,MIN(0,L15-F15))),IF(L15>20,10,MAX(0,L15-10)))) -> 0 | P15: =IF(F15>20, IF(L15>30,10,MAX(0,L15-20)+20-F15),IF(L15>30,10,MAX(0,L15-20) )) -> 0 | R15: =IF(L15>0, 1, 0) -> 0
C16: =F16+L16 -> 0 | D16: =IF(C16>0, 1, 0) -> 0 | G16: =IF(F16>10, 10, F16) -> 0 | H16: =IF(F16>20,10,MAX(0,F16-10)) -> 0 | I16: =IF(F16>30,10,MAX(0,F16-20)) -> 0 | M16: =MAX(0,L16-F16) -> 0 | N16: =MAX(0,IF(L16<10,L16-F16,IF(L16>0, IF(F16>10, 0,(10-F16))))) -> 0 | O16: =IF(F16>20,0,IF(F16>10,IF(20>=F16>=10,MIN(20-F16,L16-F16),MIN(10,MIN(0,L16-F16))),IF(L16>20,10,MAX(0,L16-10)))) -> 0 | P16: =IF(F16>20, IF(L16>30,10,MAX(0,L16-20)+20-F16),IF(L16>30,10,MAX(0,L16-20) )) -> 0 | R16: =IF(L16>0, 1, 0) -> 0
C17: =F17+L17 -> 0 | D17: =IF(C17>0, 1, 0) -> 0 | G17: =IF(F17>10, 10, F17) -> 0 | H17: =IF(F17>20,10,MAX(0,F17-10)) -> 0 | I17: =IF(F17>30,10,MAX(0,F17-20)) -> 0 | M17: =MAX(0,L17-F17) -> 0 | N17: =MAX(0,IF(L17<10,L17-F17,IF(L17>0, IF(F17>10, 0,(10-F17))))) -> 0 | O17: =IF(F17>20,0,IF(F17>10,IF(20>=F17>=10,MIN(20-F17,L17-F17),MIN(10,MIN(0,L17-F17))),IF(L17>20,10,MAX(0,L17-10)))) -> 0 | P17: =IF(F17>20, IF(L17>30,10,MAX(0,L17-20)+20-F17),IF(L17>30,10,MAX(0,L17-20) )) -> 0 | R17: =IF(L17>0, 1, 0) -> 0
C18: =F18+L18 -> 0 | D18: =IF(C18>0, 1, 0) -> 0 | G18: =IF(F18>10, 10, F18) -> 0 | H18: =IF(F18>20,10,MAX(0,F18-10)) -> 0 | I18: =IF(F18>30,10,MAX(0,F18-20)) -> 0 | M18: =MAX(0,L18-F18) -> 0 | N18: =MAX(0,IF(L18<10,L18-F18,IF(L18>0, IF(F18>10, 0,(10-F18))))) -> 0 | O18: =IF(F18>20,0,IF(F18>10,IF(20>=F18>=10,MIN(20-F18,L18-F18),MIN(10,MIN(0,L18-F18))),IF(L18>20,10,MAX(0,L18-10)))) -> 0 | P18: =IF(F18>20, IF(L18>30,10,MAX(0,L18-20)+20-F18),IF(L18>30,10,MAX(0,L18-20) )) -> 0 | R18: =IF(L18>0, 1, 0) -> 0
... C27: =F27+L27 -> 0 | D27: =IF(C27>0, 1, 0) -> 0 | G27: =IF(F27>10, 10, F27) -> 0 | H27: =IF(F27>20,10,MAX(0,F27-10)) -> 0 | I27: =IF(F27>30,10,MAX(0,F27-20)) -> 0 | M27: =MAX(0,L27-F27) -> 0 | N27: =MAX(0,IF(L27<10,L27-F27,IF(L27>0, IF(F27>10, 0,(10-F27))))) -> 0 | O27: =IF(F27>20,0,IF(F27>10,IF(20>=F27>=10,MIN(20-F27,L27-F27),MIN(10,MIN(0,L27-F27))),IF(L27>20,10,MAX(0,L27-10)))) -> 0 | P27: =IF(F27>20, IF(L27>30,10,MAX(0,L27-20)+20-F27),IF(L27>30,10,MAX(0,L27-20) )) -> 0 | R27: =IF(L27>0, 1, 0) -> 0
C28: Total BH | D28: =SUM(D2:D27) -> 2 | E28: Total CP Depth | F28: =SUM(F2:F27) -> 11 | G28: =SUM(G2:G27) -> 11 | H28: =SUM(H2:H27) -> 0 | I28: =SUM(I2:I27) -> 0 | K28: Total RC Depth | L28: =SUM(L2:L27) -> 14 | M28: =SUM(M2:M27) -> 3 | N28: =SUM(N2:N27) -> 2 | O28: =SUM(O2:O27) -> 1 | P28: =SUM(P2:P27) -> 0 | Q28: Total RC | R28: =SUM(R2:R27) -> 2
J30: These will work as long as RC > CP when logged in by human & RC≤30.
A34: Trial Pit Number | C34: Schedule Depth | D34: Scheduled | E34: Insitu Tests | F34: Recorded TP Depth | G34: 0-3 | H34: 3 to 4.5 | T34: Draft TP Log Received | V34: Log Comments Sent TP | W34: Lab Schedule Received | X34: Lab Schedule Sent | AA34: Comments
A35: TP 01 | B35: TP | C35: 4.5 | D35: =IF(C35>0, 1, 0) -> 1 | E35: DCP | F35: 2.8 | G35: =IF(F35>3, 3, F35) -> 2.8 | H35: =IF(F35>4.5,4.5,MAX(0,F35-3)) -> 0 | T35: TP | V35: Yes | W35: Yes | AA35: No DCP log Received
A36: TP 02 | C36: 4.5 | D36: =IF(C36>0, 1, 0) -> 1 | G36: =IF(F36>3, 3, F36) -> 0 | H36: =IF(F36>4.5,4.5,MAX(0,F36-3)) -> 0 | X36: Yes
D37: =IF(C37>0, 1, 0) -> 0 | G37: =IF(F37>3, 3, F37) -> 0 | H37: =IF(F37>4.5,4.5,MAX(0,F37-3)) -> 0
D38: =IF(C38>0, 1, 0) -> 0 | G38: =IF(F38>3, 3, F38) -> 0 | H38: =IF(F38>4.5,4.5,MAX(0,F38-3)) -> 0
D39: =IF(C39>0, 1, 0) -> 0 | G39: =IF(F39>3, 3, F39) -> 0 | H39: =IF(F39>4.5,4.5,MAX(0,F39-3)) -> 0
D40: =IF(C40>0, 1, 0) -> 0 | G40: =IF(F40>3, 3, F40) -> 0 | H40: =IF(F40>4.5,4.5,MAX(0,F40-3)) -> 0
D41: =IF(C41>0, 1, 0) -> 0 | G41: =IF(F41>3, 3, F41) -> 0 | H41: =IF(F41>4.5,4.5,MAX(0,F41-3)) -> 0
D42: =IF(C42>0, 1, 0) -> 0 | G42: =IF(F42>3, 3, F42) -> 0 | H42: =IF(F42>4.5,4.5,MAX(0,F42-3)) -> 0
D43: =IF(C43>0, 1, 0) -> 0 | G43: =IF(F43>3, 3, F43) -> 0 | H43: =IF(F43>4.5,4.5,MAX(0,F43-3)) -> 0
D44: =IF(C44>0, 1, 0) -> 0 | G44: =IF(F44>3, 3, F44) -> 0 | H44: =IF(F44>4.5,4.5,MAX(0,F44-3)) -> 0
D45: =IF(C45>0, 1, 0) -> 0 | G45: =IF(F45>3, 3, F45) -> 0 | H45: =IF(F45>4.5,4.5,MAX(0,F45-3)) -> 0
C46: Total TP | D46: =SUM(D35:D45) -> 2 | E46: Total TP Depth | F46: =SUM(F35:F45) -> 2.8 | G46: =SUM(G35:G45) -> 2.8 | H46: =SUM(H35:H45) -> 0
B52: Important Notes
B53: Items requiring manual input
B54: U100
B55: Standpipes
B56: Dynamic Probes
B57: Window Samples
