Workbook

Sheet Section A
A2: Number | B2: Item description | C2: Unit | D2: Quantity | E2: Rate | F2: Amount
E3: € | F3: €
A4: A | B4: General items, provisional services and additional items
A5: A1 | B5: Offices and stores for the Contractor | C5: sum | D5: 1 | E5: 25000 | F5: =IFERROR(IF(ISNUMBER(D5),D5*E5,"-"),"") -> 25000
A6: A2 | B6: Establish on site all plant, equipment and services for a Green Category site | C6: Refer to Items A2.1-2.9 | D6: Refer to Items A2.1-2.9 | E6: =IF(ISNUMBER(D6),"","N/A") -> N/A
A7: A2.1 | B7: Establish on site cable percussion ('shell & auger') boring plant and equipment for a Green Category site (Stage 1 - NON TRACK) | C7: sum | D7: 1 | E7: 5000 | F7: =IFERROR(IF(ISNUMBER(D7),D7*E7,"-"),"") -> 5000
A8: A2.1A | B8: Establish on site cable percussion ('shell & auger') boring plant and equipment for a Green Category site (Stage 2 - NON TRACK) | C8: sum | D8: 1 | E8: 5000 | F8: =IFERROR(IF(ISNUMBER(D8),D8*E8,"-"),"") -> 5000
A9: A2.1.1 | B9: Establish on site cable percussion ('shell & auger') boring plant and equipment for a Green Category site (Stage 1 - NIGHT TIME ON TRACK) | C9: sum | D9: 1 | E9: 25000 | F9: =IFERROR(IF(ISNUMBER(D9),D9*E9,"-"),"") -> 25000
A10: A2.2 | B10: Establish on site rotary drilling plant and equipment for a Green Category site (Stage 1 - NON TRACK) | C10: sum | D10: 1 | E10: 5000 | F10: =IFERROR(IF(ISNUMBER(D10),D10*E10,"-"),"") -> 5000
A11: A2.2A | B11: Establish on site rotary drilling plant and equipment for a Green Category site (Stage 2 - NON TRACK) | C11: sum | D11: 1 | E11: 5000 | F11: =IFERROR(IF(ISNUMBER(D11),D11*E11,"-"),"") -> 5000
A12: A2.2.1 | B12: Establish on site rotary drilling plant and equipment for a Green Category site (Stage 1 - NIGHT TIME ON TRACK) | C12: sum | D12: 1 | E12: 25000 | F12: =IFERROR(IF(ISNUMBER(D12),D12*E12,"-"),"") -> 25000
A13: A2.3 | B13: Establish on site Geobor S rotary drilling plant and equipment for a Green Category site | C13: sum | D13: 1 | E13: 2500 | F13: =IFERROR(IF(ISNUMBER(D13),D13*E13,"-"),"") -> 2500
A14: A2.3.1 | B14: Establish on site Geobor S rotary drilling plant and equipment for a Green Category site (Stage 1 - NIGHT TIME ON TRACK) | C14: sum | D14: 1 | E14: 2500 | F14: =IFERROR(IF(ISNUMBER(D14),D14*E14,"-"),"") -> 2500
A15: A2.4 | B15: Establish on site trial pitting and trenching plant and equipment for a Green Category site (Stage 1 - NIGHT TIME ON TRACK) | C15: sum | D15: 1 | E15: 25000 | F15: =IFERROR(IF(ISNUMBER(D15),D15*E15,"-"),"") -> 25000
A16: A2.5 | B16: Establish on site in situ test and sampling equipment for a Green Category site (Stages 1 to 4 - NON TRACK) | C16: sum | D16: 1 | E16: 7500 | F16: =IFERROR(IF(ISNUMBER(D16),D16*E16,"-"),"") -> 7500
A17: A2.5A | B17: Establish on site in situ test and sampling equipment for a Green Category site (Stages 1 to 4 - NIGHT TIME ON TRACK) | C17: sum | D17: 1 | E17: 15000 | F17: =IFERROR(IF(ISNUMBER(D17),D17*E17,"-"),"") -> 15000
A18: A2.6 | B18: Establish on site cone penetration testing (CPT) plant and equipment for a Green Category site | C18: sum | D18: Not Required | E18: =IF(ISNUMBER(D18),"","N/A") -> N/A
A19: A2.7 | B19: Establish on site dynamic sampling and probing plant and equipment for a Green Category site (Stage 1 - NON TRACK) | C19: sum | D19: 1 | E19: 2500 | F19: =IFERROR(IF(ISNUMBER(D19),D19*E19,"-"),"") -> 2500
A20: A2.7A | B20: Establish on site dynamic sampling and probing plant and equipment for a Green Category site (Stage 3 - NIGHT TIME ON TRACK) | C20: sum | D20: 1 | E20: 15000 | F20: =IFERROR(IF(ISNUMBER(D20),D20*E20,"-"),"") -> 15000
A21: A2.8 | B21: Establish on site geophysical survey equipment for a Green Category site (Stage 1) | C21: sum | D21: 1 | E21: 1500 | F21: =IFERROR(IF(ISNUMBER(D21),D21*E21,"-"),"") -> 1500
A22: A2.9 | B22: Establish on site instrumentation equipment as required for a Green Category site (Stage 1) | C22: sum | D22: 1 | E22: 2000 | F22: =IFERROR(IF(ISNUMBER(D22),D22*E22,"-"),"") -> 2000
A23: A2.9.1 | B23: Extra over Item A2.1 - A2.9 for working within Irish Rail property | C23: sum | D23: 1 | E23: 25000 | F23: =IFERROR(IF(ISNUMBER(D23),D23*E23,"-"),"") -> 25000
A24: A3.1 | B24: Extra over item A2.1 - A2.9 for a yellow category site | C24: sum | D24: 1 | E24: 5000 | F24: =IFERROR(IF(ISNUMBER(D24),D24*E24,"-"),"") -> 5000
A25: A3.2 | B25: As Item A3.1 but for a Red Category site | C25: provisional sum | E25: =IF(ISNUMBER(D25),"","N/A") -> N/A | F25: 1000
A26: A4.1 | B26: Maintain on site all site safety equipment for a Yellow Category site | C26: sum | D26: 1 | E26: 2500 | F26: =IFERROR(IF(ISNUMBER(D26),D26*E26,"-"),"") -> 2500
A27: A4.2 | B27: Maintain on site all site safety equipment for a Red Category site | C27: provisional sum | E27: =IF(ISNUMBER(D27),"","N/A") -> N/A | F27: 1000
A28: A5.1 | B28: Decontamination of equipment during and at end of intrusive investigation for a Yellow Category site | C28: sum | D28: 1 | E28: 2500 | F28: =IFERROR(IF(ISNUMBER(D28),D28*E28,"-"),"") -> 2500
A29: A5.2 | B29: Decontamination of equipment during and at end of intrusive investigation for a Red Category site | C29: provisional sum | D29: Not Required | E29: =IF(ISNUMBER(D29),"","N/A") -> N/A
A30: A6 | B30: Appropriate storage, transport and off-site disposal of excess contaminated arising’s from borehole, trial pit or slit trench to EPA regulated landfill site (includes any PPE equipment but excludes laboratory testing on suspected contaminated materials). Note item to be remeasured with delivery dockets and records maintained by the Contractor | C30: provisional sum | D30: 1 | E30: =IF(ISNUMBER(D30),"","N/A") | F30: 1000
A31: A6.1 | B31: Contractor's uplift on Item A6 | C31: % | E31: 1000 | F31: 100
A32: A7 | B32: Provide professional attendance to meet the contract requirements | C32: sum | D32: 1 | E32: 5000 | F32: =IFERROR(IF(ISNUMBER(D32),D32*E32,"-"),"") -> 5000
A33: A7.1 | B33: Provide Technician | C33: per day | D33: Included in A7 | E33: n/a
A34: A7.2 | B34: Provide Engineer / Geologist (as per item 2.3 of Specification) | C34: per day | D34: Included in A7 | E34: =IF(ISNUMBER(D34),"","N/A") -> N/A
A35: A7.3 | B35: Provide Chartered Engineer / Professional Geologist (as item 2.3 of Specification) | C35: per day | D35: Included in A7 | E35: =IF(ISNUMBER(D35),"","N/A") -> N/A
A36: A7.4 | B36: Provide Chartered Engineer / Professional Geologist (+10 years experience post charter) | C36: per day | D36: Included in A7 | E36: =IF(ISNUMBER(D36),"","N/A") -> N/A
A37: A7.5 | B37: Provide Chartered Engineer / Professional Geologist (+20 years experience post charter) | C37: per day | D37: Included in A7 | E37: =IF(ISNUMBER(D37),"","N/A") -> N/A
A38: A8 | B38: Set out the location at each exploratory hole or point | C38: nr | D38: 601 | E38: 10 | F38: =IFERROR(IF(ISNUMBER(D38),D38*E38,"-"),"") -> 6010
A39: A8.1 | B39: Establish the location and elevation (X, Y, Z) of the ground at each 'as-built' exploratory hole or point (NON TRACK) | C39: nr | D39: 90 | E39: 10 | F39: =IFERROR(IF(ISNUMBER(D39),D39*E39,"-"),"") -> 900
A40: A8.2 | B40: Establish the location and elevation (X, Y, Z) of the ground at each 'as-built' exploratory hole or point (NIGHT TIME ON TRACK) | C40: nr | D40: 511 | E40: 10 | F40: =IFERROR(IF(ISNUMBER(D40),D40*E40,"-"),"") -> 5110
A41: A9 | B41: Preparation of Health and Safety documentation and Safety Risk Assessment for Work on or near the track (IE as PSCS). | C41: sum | D41: 1 | E41: 2500 | F41: =IFERROR(IF(ISNUMBER(D41),D41*E41,"-"),"") -> 2500
A42: A9.1 | B42: Preparation of Health and Safety documentation and Safety Risk Assessment for Works outside the railway boundary (Contractor as PSCS) | C42: sum | D42: 1 | E42: 5000 | F42: =IFERROR(IF(ISNUMBER(D42),D42*E42,"-"),"") -> 5000
A43: A10 | B43: Facilities for the Investigation Supervisor (As noted in Schedule 3) | C43: per week | D43: 24 | E43: 1500 | F43: =IFERROR(IF(ISNUMBER(D43),D43*E43,"-"),"") -> 36000
A44: A11 | B44: Vehicle(s) for the Investigation Supervisor | C44: vehicle wk | D44: Not Required | E44: =IF(ISNUMBER(D44),"","N/A") -> N/A
A45: A11.1 | B45: Provision of fuel and tolls for A11 (to be reimbursed under the contract) | C45: provisional sum | D45: Not Required | E45: =IF(ISNUMBER(D45),"","N/A") -> N/A
A46: A11.2 | B46: Contractors uplift on item A11 and A11.1 | C46: % uplift | D46: Not Required
A47: A12 | B47: Provision of phone and internet for the Investigation Supervisor (to be reimbursed under the contract) | C47: provisional sum | D47: Not Required | E47: =IF(ISNUMBER(D47),"","N/A") -> N/A
A48: A12.1 | B48: Contractors Uplift on item A12 | C48: % uplift | D48: Not Required | E48: =IF(ISNUMBER(D48),"","N/A") -> N/A
A49: A13 | B49: Deliver selected cores and samples specified Client address (address to be advised) | C49: provisional sum | D49: Not Required | E49: =IF(ISNUMBER(D49),"","N/A") -> N/A
A50: A14 | B50: Special additional testing and sampling required by Investigation Supervisor | C50: provisional sum | D50: Not Required | E50: =IF(ISNUMBER(D50),"","N/A") -> N/A
A51: A15 | B51: Traffic safety and management to include preparation of traffic management drawings for investigations on roads or pavement areas | C51: sum | D51: 1 | E51: 10000 | F51: =IFERROR(IF(ISNUMBER(D51),D51*E51,"-"),"") -> 10000
A52: A16 | B52: Provision of road opening licences and road damage bonds | C52: sum | D52: 1 | E52: 25000 | F52: =IFERROR(IF(ISNUMBER(D52),D52*E52,"-"),"") -> 25000
A53: A17 | B53: Contractors uplift on items A15 and A16 | C53: % uplift | E53: 25000 | F53: =F52*0.15 -> 3750
A54: A18 | B54: One master copy of Desk Study Report | C54: sum | D54: Not Required | E54: =IF(ISNUMBER(D54),"","N/A") -> N/A
A55: A18.1 | B55: Additional hard copy of Desk Study Report | C55: nr | D55: Not Required | E55: =IF(ISNUMBER(D55),"","N/A") -> N/A
A56: A18.2 | B56: Electronic copy of Desk Study Report (PDF) | C56: sum | D56: Not Required | E56: =IF(ISNUMBER(D56),"","N/A") -> N/A
A57: A19 | B57: One master copy of the Ground Investigation Report (Factual) | C57: sum | D57: 1 | E57: 10000 | F57: =IFERROR(IF(ISNUMBER(D57),D57*E57,"-"),"") -> 10000
A58: A19.1 | B58: Additional copy of the Ground Investigation Report (Factual) | C58: nr | D58: Not Required | E58: =IF(ISNUMBER(D58),"","N/A") -> N/A
A59: A19.2 | B59: Electronic copy of Ground Investigation Report | C59: sum | D59: 1 | E59: 50 | F59: =IFERROR(IF(ISNUMBER(D59),D59*E59,"-"),"") -> 50
A60: A20 | B60: One master copy of Geophysical Report | C60: sum | D60: 1 | E60: 500 | F60: =IFERROR(IF(ISNUMBER(D60),D60*E60,"-"),"") -> 500
A61: A20.1 | B61: Additional hard copy of Geophysical Report | C61: nr | D61: Not Required | E61: =IF(ISNUMBER(D61),"","N/A") -> N/A
A62: A20.2 | B62: Electronic copy of Geophysical Report (PDF) | C62: sum | D62: 1 | E62: 50 | F62: =IFERROR(IF(ISNUMBER(D62),D62*E62,"-"),"") -> 50
A63: A21 | B63: One master copy of Geotechnical Interpretive Report | C63: sum | D63: Not Required | E63: =IF(ISNUMBER(D63),"","N/A") -> N/A
A64: A21.1 | B64: Additional copy of Geotechnical Interpretive Report | C64: nr | D64: Not Required | E64: =IF(ISNUMBER(D64),"","N/A") -> N/A
A65: A21.2 | B65: Electronic copy of Geotechnical Interpretive Report | C65: sum | D65: Not Required | E65: =IF(ISNUMBER(D65),"","N/A") -> N/A
A66: A22 | B66: Digital field/engineering logs in AGS transfer format | C66: sum | D66: 1 | E66: 250 | F66: =IFERROR(IF(ISNUMBER(D66),D66*E66,"-"),"") -> 250
A67: A23 | B67: Digital laboratory test data in AGS transfer files | C67: sum | D67: 1 | E67: 250 | F67: =IFERROR(IF(ISNUMBER(D67),D67*E67,"-"),"") -> 250
A68: A24 | B68: Digital copy of trial pit, slit trench or core photographs as per Specification | C68: sum | D68: 1 | E68: 250 | F68: 10
A69: A25 | B69: Storage of all samples following completion of Stage 4 fieldworks | C69: wk | D69: 12 | E69: 50 | F69: =IFERROR(IF(ISNUMBER(D69),D69*E69,"-"),"") -> 600
A70: A26 | B70: Storage of core boxes following completion of Stage 4 fieldworks | C70: wk | D70: 12 | E70: 50 | F70: =IFERROR(IF(ISNUMBER(D70),D70*E70,"-"),"") -> 600
A71: A27 | B71: Provision of water supply for the fieldworks | C71: sum | D71: included in A2.1 to A2.2.1 | E71: =IF(ISNUMBER(D71),"","N/A") -> N/A
A72: A28 | B72: Provision of Insurances (including Iarnrod Eireann and CIE as named insured) | C72: sum | D72: 1 | E72: 5000 | F72: =IFERROR(IF(ISNUMBER(D72),D72*E72,"-"),"") -> 5000
A73: A29 | B73: Provision of Performance Bond | C73: sum | D73: 1 | E73: 25000 | F73: =IFERROR(IF(ISNUMBER(D73),D73*E73,"-"),"") -> 25000
A74: A30 | B74: Perform the role of PSCS | C74: sum | D74: 1 | E74: 1000 | F74: =IFERROR(IF(ISNUMBER(D74),D74*E74,"-"),"") -> 1000
A75: A30.1 | B75: Provide liaison with PSCS where another party is performing the role of PSCS | C75: sum | D75: 1 | E75: 500 | F75: =IFERROR(IF(ISNUMBER(D75),D75*E75,"-"),"") -> 500
A76: A31 | B76: Contractor liaison with external bodies, stakeholders and landowners: Waterways Ireland, Dublin City Council, Fingal County Council, Kildare County Council, landowners, other contractors etc. | C76: sum | D76: 1 | E76: 500 | F76: =IFERROR(IF(ISNUMBER(D76),D76*E76,"-"),"") -> 500
A77: A32 - Additional Items | B77: Extra over item for provision of necessary COVID19 social distancing and precaution measures during Ground Investigation as outlined in Item A9 | C77: sum | D77: 1 | E77: 7500 | F77: =IFERROR(IF(ISNUMBER(D77),D77*E77,"-"),"") -> 7500
A78: A33 | B78: Provision of Lighting for Night Time & Tunnel Works | C78: sum | D78: 1 | E78: 10000 | F78: =IFERROR(IF(ISNUMBER(D78),D78*E78,"-"),"") -> 10000
A79: A34 | B79: Provision of PTS track safety training for field staff working on Irish Rail property | C79: sum | D79: 1 | E79: 7500 | F79: =IFERROR(IF(ISNUMBER(D79),D79*E79,"-"),"") -> 7500
A80: A35 | B80: Provision of Track Possession or Permit to Access permits from Irish Rail for working. (Cost of Lookouts and TSC are excluded from this contract and are not borne by the Contractor) | C80: sum | D80: 1 | E80: 2000 | F80: =IFERROR(IF(ISNUMBER(D80),D80*E80,"-"),"") -> 2000
A81: A36 | B81: Contractor liaison with / submissions to with Irish Rail as required (method statements, coordination and scheduling of possessions, licensing for works to structure, etc.) | C81: sum | D81: 1 | E81: 2500 | F81: =IFERROR(IF(ISNUMBER(D81),D81*E81,"-"),"") -> 2500
A82: A37 | B82: Obtain permission and notify re: temporary closures to public rights-of-way where required (towpaths, etc.) | C82: sum | D82: 1 | E82: 1000 | F82: =IFERROR(IF(ISNUMBER(D82),D82*E82,"-"),"") -> 1000
B83: Total Section A carried to summary: | F83: =SUM(F5:F82) -> 380680

Sheet Section B
A2: Number | B2: Item description | C2: Unit | D2: Quantity | E2: Rate | F2: Amount
B3: Non-Track Works | E3: € | F3: €
A4: B | B4: Cable Percussion Boring (cable tool or percussive boring using minimum of 200mm diameter casing)
A5: B1 | B5: Move boring plant and equipment to the site of each exploratory hole and set up (cable percussive only) | C5: Refer to items B1.1 and B1.2 | D5: Refer to items B1.1 and B1.2 | E5: =IF(ISNUMBER(D5),"","N/A") -> N/A | F5: =IFERROR(IF(ISNUMBER(D5),D5*E5,"-"),"") -> -
A6: B1.1.1 | B6: Move boring plant and equipment to the site of each exploratory hole, set up, dismantle on completion and reinstate (cable percussive only) | C6: nr | D6: Not Required | E6: =IF(ISNUMBER(D6),"","N/A") -> N/A | F6: =IFERROR(IF(ISNUMBER(D6),D6*E6,"-"),"") -> -
A7: B1.1.2 | B7: Move boring plant and equipment to the site of each exploratory hole over safety barrier or other fence or wall, set up, dismantle on completion and reinstate (cable percussive only) | C7: nr | D7: Not Required | E7: =IF(ISNUMBER(D7),"","N/A") -> N/A | F7: =IFERROR(IF(ISNUMBER(D7),D7*E7,"-"),"") -> - | Z7: Addressed
A8: B1.2.1 | B8: Move boring plant and equipment to the site of each exploratory hole, set up, dismantle on completion and reinstate (where borehole is to be followed on with rotary drilling) | C8: nr | D8: Not Required | E8: =IF(ISNUMBER(D8),"","N/A") -> N/A | F8: =IFERROR(IF(ISNUMBER(D8),D8*E8,"-"),"") -> -
A9: B1.2.1.1 | B9: Move boring plant and equipment to the site of each exploratory hole, set up, dismantle on completion and reinstate (where borehole is to be followed on with rotary drilling) | C9: nr | D9: 47 | E9: 250 | F9: =IFERROR(IF(ISNUMBER(D9),D9*E9,"-"),"") -> 11750
A10: B1.2.1.2 | B10: Extra Over Item B1.2.1.1 Set up borehole in road area to include erection of traffic management systems (works supervised by Engineer/Geologist with valid CSCS Card for Signing, Lighting and Guarding at Roadworks) | C10: nr | D10: 22 | E10: 500 | F10: =IFERROR(IF(ISNUMBER(D10),D10*E10,"-"),"") -> 11000
A11: B1.2.2 | B11: Move boring plant and equipment to the site of each exploratory hole over safety barrier or other fence or wall, set up, dismantle on completion and reinstate (where borehole is to be followed on with rotary drilling) | C11: nr | D11: Not Required | E11: =IF(ISNUMBER(D11),"","N/A") -> N/A | F11: =IFERROR(IF(ISNUMBER(D11),D11*E11,"-"),"") -> -
A12: B1.2.2.1 | B12: Extra Over Items B1.1-B1.2 for moving locations where distance travelled is > 5km | C12: nr | D12: 5 | E12: 500 | F12: =IFERROR(IF(ISNUMBER(D12),D12*E12,"-"),"") -> 2500
A13: B2 | B13: Extra over Item B1 for setting up on a slope of gradient greater than 20% | C13: Refer to items B2.1 and B2.2 | D13: Refer to items B2.1 and B2.2 | E13: =IF(ISNUMBER(D13),"","N/A") -> N/A | F13: =IFERROR(IF(ISNUMBER(D13),D13*E13,"-"),"") -> -
A14: B2.1 | B14: Extra over Item B1.1 for setting up on a slope of gradient greater than 20% | C14: nr | D14: Not Required | E14: =IF(ISNUMBER(D14),"","N/A") -> N/A | F14: =IFERROR(IF(ISNUMBER(D14),D14*E14,"-"),"") -> -
A15: B2.2 | B15: Extra over Item B1.2 for setting up on a slope of gradient greater than 20% | C15: nr | D15: Not Required | E15: =IF(ISNUMBER(D15),"","N/A") -> N/A | F15: =IFERROR(IF(ISNUMBER(D15),D15*E15,"-"),"") -> -
A16: B3 | B16: Hand digging and CAT scan at borehole location to confirm absence of utility ducts (maximum depth of 1.2m or lesser if ground is assessed as potentially unstable) | C16: nr | D16: 25 | E16: 200 | F16: =IFERROR(IF(ISNUMBER(D16),D16*E16,"-"),"") -> 5000
A17: B3.1 | B17: Break out obstructions where present when hand digging at exploratory hole location for Item B3. | C17: m3 | D17: 15 | E17: 50 | F17: =IFERROR(IF(ISNUMBER(D17),D17*E17,"-"),"") -> 750
A18: B3.2 | B18: Hand digging and CAT scan at borehole location to confirm absence of utility ducts (maximum depth of 1.20m or lesser if ground is assessed as potentially unstable) in road areas | C18: nr | D18: 22 | E18: 250 | F18: =IFERROR(IF(ISNUMBER(D18),D18*E18,"-"),"") -> 5500
A19: B4 | B19: Advance borehole between existing ground level and 10 m depth | C19: m | D19: 470 | E19: 30 | F19: =IFERROR(IF(ISNUMBER(D19),D19*E19,"-"),"") -> 14100
A20: B5 | B20: As Item B4 but between 10 m and 20 m depth | C20: m | D20: 165 | E20: 35 | F20: =IFERROR(IF(ISNUMBER(D20),D20*E20,"-"),"") -> 5775
A21: B6 | B21: As Item B4 but between 20 m and 30 m depth | C21: m | D21: 20 | E21: 40 | F21: =IFERROR(IF(ISNUMBER(D21),D21*E21,"-"),"") -> 800
A22: B7 | B22: As Item B4 but between 30 m and 40 m depth | C22: m | D22: Not Required | E22: =IF(ISNUMBER(D22),"","N/A") -> N/A | F22: =IFERROR(IF(ISNUMBER(D22),D22*E22,"-"),"") -> -
A23: B8 | B23: As Item B4 but between 40 m and 50 m depth | C23: m | D23: Not Required | E23: =IF(ISNUMBER(D23),"","N/A") -> N/A | F23: =IFERROR(IF(ISNUMBER(D23),D23*E23,"-"),"") -> -
A24: B9 | B24: Advance borehole through hard stratum or obstruction | C24: h | D24: 108 | E24: 50 | F24: =IFERROR(IF(ISNUMBER(D24),D24*E24,"-"),"") -> 5400
A25: B10 | B25: Provide aquifer protection measures at a single aquiclude/aquifer boundary or cross-contamination control measures at a single soil boundary in a borehole | C25: nr | D25: Included in B1 to B1.2.2 | E25: =IF(ISNUMBER(D25),"","N/A") -> N/A | F25: =IFERROR(IF(ISNUMBER(D25),D25*E25,"-"),"") -> -
A26: B11 | B26: Backfill borehole with cement/bentonite grout or bentonite pellets (where standpipe piezometer is not installed) | C26: m³ | D26: Included in B1 to B1.2.2 | E26: =IF(ISNUMBER(D26),"","N/A") -> N/A | F26: =IFERROR(IF(ISNUMBER(D26),D26*E26,"-"),"") -> -
A27: B12 | B27: Standing time for borehole plant, equipment and crew (excl briefings and setup/dismantling of equipment) | C27: h | D27: 47 | E27: 75 | F27: =IFERROR(IF(ISNUMBER(D27),D27*E27,"-"),"") -> 3525
B28: Dynamic sampling (Window and Windowless Sampling)
A29: B13 | B29: Move dynamic sampling equipment to the site of each exploratory hole and set up | C29: nr | D29: 9 | E29: 250 | F29: =IFERROR(IF(ISNUMBER(D29),D29*E29,"-"),"") -> 2250
A30: B14 | B30: Extra over Item B13 for setting up on a slope of gradient greater than 20% | C30: nr | D30: Not Required | E30: =IF(ISNUMBER(D30),"","N/A") -> N/A | F30: =IFERROR(IF(ISNUMBER(D30),D30*E30,"-"),"") -> -
A31: B15 | B31: Hand digging and CAT scan at dynamic sampling location to confirm absence of utility ducts (maximum depth of 1.2m or lesser if ground is assessed as potentially unstable) | C31: nr | D31: 9 | E31: 250 | F31: =IFERROR(IF(ISNUMBER(D31),D31*E31,"-"),"") -> 2250
A32: B16 | B32: Break out surface obstruction where present | C32: h | D32: 3 | E32: 75 | F32: =IFERROR(IF(ISNUMBER(D32),D32*E32,"-"),"") -> 225
A33: B17 | B33: Advance dynamic sample hole between existing ground level and 5 m depth | C33: m | D33: 45 | E33: 15 | F33: =IFERROR(IF(ISNUMBER(D33),D33*E33,"-"),"") -> 675
A34: B18 | B34: As Item B15 but between 5 and 10 m depth | C34: m | D34: 45 | E34: 20 | F34: =IFERROR(IF(ISNUMBER(D34),D34*E34,"-"),"") -> 900
A35: B19 | B35: Dynamic sampling >10m as instructed by the Investigation Supervisor | C35: m | D35: Not Required | E35: =IF(ISNUMBER(D35),"","N/A") -> N/A | F35: =IFERROR(IF(ISNUMBER(D35),D35*E35,"-"),"") -> -
A36: B20 | B36: Standing time for dynamic sampling equipment and crew (excl briefings and setup/dismantling of equipment) | C36: hr | D36: 3 | E36: 75 | F36: =IFERROR(IF(ISNUMBER(D36),D36*E36,"-"),"") -> 225
A37: B21 | B37: Backfill dynamic sample borehole with cement/bentonite grout or bentonite pellets (where standpipe or piezometer is not installed) | C37: m³ | D37: 1 | E37: 25 | F37: =IFERROR(IF(ISNUMBER(D37),D37*E37,"-"),"") -> 25
B38: Reinstatement of Cable Percussive Borehole and Dynamic Sample Borehole
A39: B22 | B39: Reinstatement of gravel hardstanding | C39: m² | D39: Included in B1.1 & B1.2 | E39: =IF(ISNUMBER(D39),"","N/A") -> N/A | F39: =IFERROR(IF(ISNUMBER(D39),D39*E39,"-"),"") -> -
A40: B23 | B40: Reinstatement of asphalt / bituminous pavement | C40: m² | D40: Included in D53 | E40: =IF(ISNUMBER(D40),"","N/A") -> N/A | F40: =IFERROR(IF(ISNUMBER(D40),D40*E40,"-"),"") -> -
A41: B24 | B41: Reinstatement of grass areas | C41: m² | D41: Included in B1.1 & B1.2 | E41: =IF(ISNUMBER(D41),"","N/A") -> N/A | F41: =IFERROR(IF(ISNUMBER(D41),D41*E41,"-"),"") -> -
A42: B25 | B42: Provision of stock proof fencing to borehole or dynamic sample work area | C42: nr | D42: Not Required | E42: =IF(ISNUMBER(D42),"","N/A") -> N/A | F42: =IFERROR(IF(ISNUMBER(D42),D42*E42,"-"),"") -> -
A43: B26 | B43: Disposal of excess or surplus inert arisings from cable percussion boring or dynamic sampling (where standpipe or piezometer is not installed) | C43: m³ | D43: Included in B1 to B1.2.2 | E43: =IF(ISNUMBER(D43),"","N/A") -> N/A | F43: =IFERROR(IF(ISNUMBER(D43),D43*E43,"-"),"") -> -
A44: B27 | B44: Reinstatement or concrete footpath and concrete pavements | C44: m³ | D44: 25 | E44: 50 | F44: =IFERROR(IF(ISNUMBER(D44),D44*E44,"-"),"") -> 1250
B45: Total Section B carried to summary: | F45: =IF(SUM(F5:F43)=0,"",SUM(F5:F44)) -> 73900

Sheet Section B.1
A2: Number | B2: Item description | C2: Unit | D2: Quantity | E2: Rate | F2: Amount
B3: On-Track Works | E3: € | F3: €
A4: B | B4: Cable Percussion Boring (cable tool or percussive boring using minimum of 200mm diameter casing)
A5: B1 | B5: Move boring plant and equipment to the site of each exploratory hole and set up (cable percussive only) | C5: Refer to items B1.1 and B1.2 | D5: Refer to items B1.1 and B1.2 | E5: =IF(ISNUMBER(D5),"","N/A") -> N/A | F5: =IFERROR(IF(ISNUMBER(D5),D5*E5,"-"),"") -> -
A6: B1.1.1 | B6: Move boring plant and equipment to the site of each exploratory hole, set up, dismantle on completion and reinstate (cable percussive only) | C6: nr | D6: Not Required | E6: =IF(ISNUMBER(D6),"","N/A") -> N/A | F6: =IFERROR(IF(ISNUMBER(D6),D6*E6,"-"),"") -> -
A7: B1.1.2 | B7: Move boring plant and equipment to the site of each exploratory hole over safety barrier or other fence or wall, set up, dismantle on completion and reinstate (cable percussive only) | C7: nr | D7: Not Required | E7: =IF(ISNUMBER(D7),"","N/A") -> N/A | F7: =IFERROR(IF(ISNUMBER(D7),D7*E7,"-"),"") -> -
A8: B1.2.1.1 | B8: Move boring plant and equipment to the site of each exploratory hole, set up, dismantle on completion and reinstate (where borehole is to be followed on with rotary drilling) | C8: nr | D8: 12 | E8: 1500 | F8: =IFERROR(IF(ISNUMBER(D8),D8*E8,"-"),"") -> 18000
A9: B1.2.1.2 | B9: Extra Over Item B1.1 Set up borehole in trackside area to include compliance with Irish Rail requirements (works supervised by Engineer/Geologist with valid PTS card / works by crew with valid PTS cards) | C9: nr | D9: 12 | E9: 1500 | F9: =IFERROR(IF(ISNUMBER(D9),D9*E9,"-"),"") -> 18000
A10: B1.2.2 | B10: Move boring plant and equipment to the site of each exploratory hole over safety barrier or other fence or wall, set up, dismantle on completion and reinstate (where borehole is to be followed on with rotary drilling) | C10: nr | D10: Not Required | E10: =IF(ISNUMBER(D10),"","N/A") -> N/A | F10: =IFERROR(IF(ISNUMBER(D10),D10*E10,"-"),"") -> -
A11: B2 | B11: Extra over Item B1 for setting up on a slope of gradient greater than 20% | C11: Refer to items B2.1 and B2.2 | D11: Refer to items B2.1 and B2.2 | E11: =IF(ISNUMBER(D11),"","N/A") -> N/A | F11: =IFERROR(IF(ISNUMBER(D11),D11*E11,"-"),"") -> -
A12: B2.1 | B12: Extra over Item B1.1 for setting up on a slope of gradient greater than 20% | C12: nr | D12: Not Required | E12: =IF(ISNUMBER(D12),"","N/A") -> N/A | F12: =IFERROR(IF(ISNUMBER(D12),D12*E12,"-"),"") -> -
A13: B2.2 | B13: Extra over Item B1.2 for setting up on a slope of gradient greater than 20% | C13: nr | D13: Not Required | E13: =IF(ISNUMBER(D13),"","N/A") -> N/A | F13: =IFERROR(IF(ISNUMBER(D13),D13*E13,"-"),"") -> -
A14: B3 | B14: Hand digging and CAT scan at borehole location to confirm absence of utility ducts (maximum depth of 1.2m or lesser if ground is assessed as potentially unstable) | C14: nr | D14: Not Required | E14: =IF(ISNUMBER(D14),"","N/A") -> N/A | F14: =IFERROR(IF(ISNUMBER(D14),D14*E14,"-"),"") -> -
A15: B3.1 | B15: Break out obstructions where present when hand digging at exploratory hole location for Item B3. | C15: m3 | D15: Not Required | E15: =IF(ISNUMBER(D15),"","N/A") -> N/A | F15: =IFERROR(IF(ISNUMBER(D15),D15*E15,"-"),"") -> -
A16: B3.2 | B16: Hand digging and CAT scan at borehole location to confirm absence of utility ducts (maximum depth of 1.20m or lesser if ground is assessed as potentially unstable) in trackside areas | C16: nr | D16: 12 | E16: 500 | F16: =IFERROR(IF(ISNUMBER(D16),D16*E16,"-"),"") -> 6000
A17: B4 | B17: Advance borehole between existing ground level and 10 m depth | C17: m | D17: 120 | E17: 30 | F17: =IFERROR(IF(ISNUMBER(D17),D17*E17,"-"),"") -> 3600
A18: B5 | B18: As Item B4 but between 10 m and 20 m depth | C18: m | D18: 20 | E18: 35 | F18: =IFERROR(IF(ISNUMBER(D18),D18*E18,"-"),"") -> 700
A19: B6 | B19: As Item B4 but between 20 m and 30 m depth | C19: m | D19: Not Required | E19: =IF(ISNUMBER(D19),"","N/A") -> N/A | F19: =IFERROR(IF(ISNUMBER(D19),D19*E19,"-"),"") -> -
A20: B7 | B20: As Item B4 but between 30 m and 40 m depth | C20: m | D20: Not Required | E20: =IF(ISNUMBER(D20),"","N/A") -> N/A | F20: =IFERROR(IF(ISNUMBER(D20),D20*E20,"-"),"") -> -
A21: B8 | B21: As Item B4 but between 40 m and 50 m depth | C21: m | D21: Not Required | E21: =IF(ISNUMBER(D21),"","N/A") -> N/A | F21: =IFERROR(IF(ISNUMBER(D21),D21*E21,"-"),"") -> -
A22: B9 | B22: Advance borehole through hard stratum or obstruction | C22: h | D22: 12 | E22: 50 | F22: =IFERROR(IF(ISNUMBER(D22),D22*E22,"-"),"") -> 600
A23: B10 | B23: Provide aquifer protection measures at a single aquiclude/aquifer boundary or cross-contamination control measures at a single soil boundary in a borehole | C23: nr | D23: Included in B1 to B1.2.2 | E23: =IF(ISNUMBER(D23),"","N/A") -> N/A | F23: =IFERROR(IF(ISNUMBER(D23),D23*E23,"-"),"") -> -
A24: B11 | B24: Backfill borehole with cement/bentonite grout or bentonite pellets (where standpipe piezometer is not installed) | C24: m³ | D24: Included in B1 to B1.2.2 | E24: =IF(ISNUMBER(D24),"","N/A") -> N/A | F24: =IFERROR(IF(ISNUMBER(D24),D24*E24,"-"),"") -> -
A25: B12 | B25: Standing time for borehole plant, equipment and crew (excl briefings and setup/dismantling of equipment) | C25: h | D25: 12 | E25: 150 | F25: =IFERROR(IF(ISNUMBER(D25),D25*E25,"-"),"") -> 1800
B26: Dynamic sampling (Window and Windowless Sampling) Night Works On Track
A27: B13 | B27: Move dynamic sampling equipment to the site of each exploratory hole and set up | C27: nr | D27: 144 | E27: 500 | F27: =IFERROR(IF(ISNUMBER(D27),D27*E27,"-"),"") -> 72000
A28: B14 | B28: Extra over Item B13 for setting up on a slope of gradient greater than 20% | C28: nr | D28: Not Required | F28: =IFERROR(IF(ISNUMBER(D28),D28*E28,"-"),"") -> -
A29: B15 | B29: Hand digging and CAT scan at dynamic sampling location to confirm absence of utility ducts (maximum depth of 1.2m or lesser if ground is assessed as potentially unstable). Include use of 100mm sleeve each location cleared of services for in advance of drilling as per S1.9.3 of Volume A (i). | C29: nr | D29: 144 | E29: 250 | F29: =IFERROR(IF(ISNUMBER(D29),D29*E29,"-"),"") -> 36000
A30: B16 | B30: Break out surface obstruction where present | C30: h | D30: 65 | E30: 50 | F30: =IFERROR(IF(ISNUMBER(D30),D30*E30,"-"),"") -> 3250
A31: B17 | B31: Advance dynamic sample hole between existing ground level and 5 m depth | C31: m | D31: 720 | E31: 20 | F31: =IFERROR(IF(ISNUMBER(D31),D31*E31,"-"),"") -> 14400
A32: B18 | B32: As Item B15 but between 5 and 10 m depth | C32: m | D32: 270 | E32: 25 | F32: =IFERROR(IF(ISNUMBER(D32),D32*E32,"-"),"") -> 6750
A33: B19 | B33: Dynamic sampling >10m as instructed by the Investigation Supervisor | C33: m | D33: Not Required | E33: =IF(ISNUMBER(D33),"","N/A") -> N/A | F33: =IFERROR(IF(ISNUMBER(D33),D33*E33,"-"),"") -> -
A34: B20 | B34: Standing time for dynamic sampling equipment and crew (excl briefings and setup/dismantling of equipment) | C34: hr | D34: 85 | E34: 250 | F34: =IFERROR(IF(ISNUMBER(D34),D34*E34,"-"),"") -> 21250
A35: B21 | B35: Backfill dynamic sample borehole with cement/bentonite grout or bentonite pellets (where standpipe or piezometer is not installed) | C35: m³ | D35: 12 | E35: 25 | F35: =IFERROR(IF(ISNUMBER(D35),D35*E35,"-"),"") -> 300
B36: Reinstatement of Cable Percussive Borehole and Dynamic Sample Borehole
A37: B22 | B37: Reinstatement of gravel hardstanding | C37: m² | D37: Included in B1.1 & B1.2 | E37: =IF(ISNUMBER(D37),"","N/A") -> N/A | F37: =IFERROR(IF(ISNUMBER(D37),D37*E37,"-"),"") -> -
A38: B23 | B38: Reinstatement of asphalt / bituminous pavement | C38: m² | D38: Included in D53 | E38: =IF(ISNUMBER(D38),"","N/A") -> N/A | F38: =IFERROR(IF(ISNUMBER(D38),D38*E38,"-"),"") -> -
A39: B24 | B39: Reinstatement of grass areas | C39: m² | D39: Included in B1.1 & B1.2 | E39: =IF(ISNUMBER(D39),"","N/A") -> N/A | F39: =IFERROR(IF(ISNUMBER(D39),D39*E39,"-"),"") -> -
A40: B25 | B40: Provision of stock proof fencing to borehole or dynamic sample work area | C40: nr | D40: Not Required | E40: =IF(ISNUMBER(D40),"","N/A") -> N/A | F40: =IFERROR(IF(ISNUMBER(D40),D40*E40,"-"),"") -> -
A41: B26 | B41: Disposal of excess or surplus inert arisings from cable percussion boring or dynamic sampling (where standpipe or piezometer is not installed) | C41: m³ | D41: Included in B1 to B1.2.2 | E41: =IF(ISNUMBER(D41),"","N/A") -> N/A | F41: =IFERROR(IF(ISNUMBER(D41),D41*E41,"-"),"") -> -
A42: B27 | B42: Reinstatement or concrete footpath and concrete pavements | C42: m³ | D42: 15 | E42: 100 | F42: =IFERROR(IF(ISNUMBER(D42),D42*E42,"-"),"") -> 1500
A43: B28 | B43: Backfill and reinstate exploratory hole locations with arisings/excavated materials and ballast in accordance with Iarnród Éireann Standards and as outlined in the Specification. | C43: nr | D43: 156 | E43: 50 | F43: =IFERROR(IF(ISNUMBER(D43),D43*E43,"-"),"") -> 7800
B44: Total Section B.1 carried to summary: | F44: =IF(SUM(F5:F41)=0,"",SUM(F5:F43)) -> 211950

Sheet Section C
A2: Number | B2: Item description | C2: Unit | D2: Quantity | E2: Rate | F2: Amount
B3: Non-Track Works | E3: € | F3: €
A4: C | B4: Rotary drilling
B5: Hand augering
A6: C1 | B6: Bring hand auger equipment to the position of each exploratory hole | C6: nr | D6: Not Required | E6: =IF(ISNUMBER(D6),"","N/A") -> N/A | F6: =IFERROR(IF(ISNUMBER(D6),D6*E6,"-"),"") -> -
A7: C2 | B7: Bore with hand auger from existing ground level to 2m depth | C7: m | D7: Not Required | E7: =IF(ISNUMBER(D7),"","N/A") -> N/A | F7: =IFERROR(IF(ISNUMBER(D7),D7*E7,"-"),"") -> -
A8: C3 | B8: As Item C2 but between 2 and 4m depth | C8: m | D8: Not Required | E8: =IF(ISNUMBER(D8),"","N/A") -> N/A | F8: =IFERROR(IF(ISNUMBER(D8),D8*E8,"-"),"") -> -
A9: C4 | B9: Standing time for hand auger equipment and crew | C9: h | D9: Not Required | E9: =IF(ISNUMBER(D9),"","N/A") -> N/A | F9: =IFERROR(IF(ISNUMBER(D9),D9*E9,"-"),"") -> -
A10: C5 | B10: Provision of hand augering equipment and crew for augering as directed by the Investigation Supervisor maximum depth 4m | C10: day | D10: Not Required | E10: =IF(ISNUMBER(D10),"","N/A") -> N/A | F10: =IFERROR(IF(ISNUMBER(D10),D10*E10,"-"),"") -> -
A11: C6 | B11: Backfill hand auger hole with cement/bentonite grout or bentonite pellets | C11: m | D11: Not Required | E11: =IF(ISNUMBER(D11),"","N/A") -> N/A | F11: =IFERROR(IF(ISNUMBER(D11),D11*E11,"-"),"") -> -
F12: =IFERROR(IF(ISNUMBER(D12),D12*E12,"-"),"") -> -
B13: Continuous flight and hollow-stem flight augering | F13: =IFERROR(IF(ISNUMBER(D13),D13*E13,"-"),"") -> -
A14: C7 | B14: Move mechanical augering plant and equipment to the site of each exploratory hole and set up. | C14: nr | D14: Not Required | E14: =IF(ISNUMBER(D14),"","N/A") -> N/A | F14: =IFERROR(IF(ISNUMBER(D14),D14*E14,"-"),"") -> -
A15: C7.1 | B15: Hand digging and CAT scan at rotary drillhole location to confirm absence of utility ducts ( maximum depth of 1.2m or lesser if ground is assessed as potentially unstable). | C15: nr | D15: Not Required | E15: =IF(ISNUMBER(D15),"","N/A") -> N/A | F15: =IFERROR(IF(ISNUMBER(D15),D15*E15,"-"),"") -> -
A16: C8 | B16: Extra over Item C7 for setting up on a slope of gradient greater than 20% | C16: nr | D16: Not Required | E16: =IF(ISNUMBER(D16),"","N/A") -> N/A | F16: =IFERROR(IF(ISNUMBER(D16),D16*E16,"-"),"") -> -
A17: C9 | B17: Break out obstructions where present when hand digging at auger hole location for Item C7.1. | C17: m3 | D17: Not Required | E17: =IF(ISNUMBER(D17),"","N/A") -> N/A | F17: =IFERROR(IF(ISNUMBER(D17),D17*E17,"-"),"") -> -
A18: C10 | B18: Standing time for rotary auger equipment and crew. | C18: h | D18: Not Required | E18: =IF(ISNUMBER(D18),"","N/A") -> N/A | F18: =IFERROR(IF(ISNUMBER(D18),D18*E18,"-"),"") -> -
A19: C11 | B19: Auger in materials other than hard strata at the specified diameter between existing ground level and 10m depth. | C19: m | D19: Not Required | E19: =IF(ISNUMBER(D19),"","N/A") -> N/A | F19: =IFERROR(IF(ISNUMBER(D19),D19*E19,"-"),"") -> -
A20: C12 | B20: As Item C11 but between 10 and 20m depth. | C20: m | D20: Not Required | E20: =IF(ISNUMBER(D20),"","N/A") -> N/A | F20: =IFERROR(IF(ISNUMBER(D20),D20*E20,"-"),"") -> -
A21: C13 | B21: As Item C11 but between 20 and 30m depth. | C21: m | D21: Not Required | E21: =IF(ISNUMBER(D21),"","N/A") -> N/A | F21: =IFERROR(IF(ISNUMBER(D21),D21*E21,"-"),"") -> -
A22: C14 | B22: Backfill auger hole with cement/bentonite grout or bentonite pellets | C22: m | D22: Not Required | E22: =IF(ISNUMBER(D22),"","N/A") -> N/A | F22: =IFERROR(IF(ISNUMBER(D22),D22*E22,"-"),"") -> -
F23: =IFERROR(IF(ISNUMBER(D23),D23*E23,"-"),"") -> -
B24: Rotary drilling with and without core recovery | F24: =IFERROR(IF(ISNUMBER(D24),D24*E24,"-"),"") -> -
A25: C15 | B25: Move rotary drilling plant and equipment to the site of each exploratory drillhole and set up. | C25: nr | D25: Refer to C15.1.1 to C15.2.2 & C15.3 | E25: =IF(ISNUMBER(D25),"","N/A") -> N/A | F25: =IFERROR(IF(ISNUMBER(D25),D25*E25,"-"),"") -> -
A26: C15.1.1 | B26: Move rotary drilling plant and equipment to the site of each exploratory drillhole, set up, dismantle on completion and reinstate (rotary follow-on) | C26: nr | D26: 47 | E26: 300 | F26: =IFERROR(IF(ISNUMBER(D26),D26*E26,"-"),"") -> 14100
A27: C15.1.2 | B27: Move rotary drilling plant and equipment to the site of each exploratory drillhole over safety barrier or other fence or wall, set up, dismantle on completion and reinstate (rotary follow-on). | C27: nr | D27: Not Required | E27: N/A | F27: =IFERROR(IF(ISNUMBER(D27),D27*E27,"-"),"") -> -
A28: C15.1.2.1 | B28: Move rotary drilling plant and equipment to the site of each exploratory drillhole over safety barrier or other fence or wall, set up, dismantle on completion and reinstate (rotary follow-on) | C28: nr | D28: Not Required | E28: N/A | F28: =IFERROR(IF(ISNUMBER(D28),D28*E28,"-"),"") -> -
A29: C15.2.1 | B29: Move rotary drilling plant and equipment to the site of each exploratory drillhole, set up, dismantle on completion and reinstate (rotary only). | C29: nr | D29: 3 | E29: 300 | F29: =IFERROR(IF(ISNUMBER(D29),D29*E29,"-"),"") -> 900
A30: C15.2.2 | B30: Move rotary drilling plant and equipment to the site of each exploratory drillhole, over safety barrier or other fence or wall, set up, dismantle on completion and reinstate (rotary only). | C30: nr | D30: Not Required | E30: N/A | F30: =IFERROR(IF(ISNUMBER(D30),D30*E30,"-"),"") -> -
A31: B15.2.3 (NT) | B31: Extra Over Item B1.2.1.1 Set up borehole in road area to include erection of traffic management systems (works supervised by Engineer/Geologist with valid CSCS Card for Signing, Lighting and Guarding at Roadworks) | C31: nr | D31: Not Required | E31: N/A | F31: =IFERROR(IF(ISNUMBER(D31),D31*E31,"-"),"") -> -
A32: C15.3 | B32: Hand digging and CAT scan at rotary drillhole location to confirm absence of utility ducts ( maximum depth of 1.2m or lesser if ground is assessed as potentially unstable) for rotary only borehole | C32: nr | D32: Not Required | E32: =IF(ISNUMBER(D32),"","N/A") -> N/A | F32: =IFERROR(IF(ISNUMBER(D32),D32*E32,"-"),"") -> -
A33: C16 | B33: Extra over Item C15 for setting up on a slope of gradient greater than 20%. | C33: nr | D33: Not Required | E33: N/A | F33: =IFERROR(IF(ISNUMBER(D33),D33*E33,"-"),"") -> -
A34: C17 | B34: Extra over Item C15 for setting up drilling plant for inclined drillhole | C34: nr | E34: =IF(ISNUMBER(D35),"","N/A") | F34: =IFERROR(IF(ISNUMBER(D34),D34*E34,"-"),"") -> -
A35: C18 | B35: Break out obstructions where present when hand digging at exploratory hole location for C15.3. | C35: m3 | D35: 3.5 | E35: 50 | F35: =IFERROR(IF(ISNUMBER(D35),D35*E35,"-"),"") -> 175
A36: C19 | B36: Standing time for rotary drilling plant, equipment and crew (excl briefings and setup/dismantling of equipment) | C36: h | D36: 50 | E36: 75 | F36: =IFERROR(IF(ISNUMBER(D36),D36*E36,"-"),"") -> 3750
A37: C20 | B37: Provide aquifer protection measures at a single aquiclude/aquifer boundary in a drillhole | C37: nr | D37: Not Required | E37: =IF(ISNUMBER(D37),"","N/A") -> N/A | F37: =IFERROR(IF(ISNUMBER(D37),D37*E37,"-"),"") -> -
B39: Drilling without cores
A40: C21 | B40: Rotary drill in materials other than hard strata at the specified diameter, from which cores are not required, between existing ground level and 10m depth. | C40: m | D40: Not Required | E40: =IF(ISNUMBER(D40),"","N/A") -> N/A | F40: =IFERROR(IF(ISNUMBER(D40),D40*E40,"-"),"") -> -
A41: C22 | B41: As Item C21 but between 10 and 20m depth. | C41: m | D41: Not Required | E41: =IF(ISNUMBER(D41),"","N/A") -> N/A | F41: =IFERROR(IF(ISNUMBER(D41),D41*E41,"-"),"") -> -
A42: C23 | B42: As Item C21 but between 20 and 30m depth | C42: m | D42: Not Required | E42: =IF(ISNUMBER(D42),"","N/A") -> N/A | F42: =IFERROR(IF(ISNUMBER(D42),D42*E42,"-"),"") -> -
A43: C24 | B43: As Item C21 but between 30 and 40m depth | C43: m | D43: Not Required | E43: =IF(ISNUMBER(D43),"","N/A") -> N/A | F43: =IFERROR(IF(ISNUMBER(D43),D43*E43,"-"),"") -> -
A44: C25 | B44: As Item C21 but between 40 and 50m depth | C44: m | D44: Not Required | E44: =IF(ISNUMBER(D44),"","N/A") -> N/A | F44: =IFERROR(IF(ISNUMBER(D44),D44*E44,"-"),"") -> -
A45: C26 | B45: Extra over Items C21 to C25 for inclined rotary drillhole | C45: m | D45: Not Required | E45: =IF(ISNUMBER(D45),"","N/A") -> N/A | F45: =IFERROR(IF(ISNUMBER(D45),D45*E45,"-"),"") -> -
A46: C27 | B46: Rotary drill in hard strata at the specified diameter, from which cores are not required, between existing ground level and 10m depth. | C46: m | D46: Not Required | E46: =IF(ISNUMBER(D46),"","N/A") -> N/A | F46: =IFERROR(IF(ISNUMBER(D46),D46*E46,"-"),"") -> -
A47: C28 | B47: As Item C27 but between 10 and 20m depth | C47: m | D47: Not Required | E47: =IF(ISNUMBER(D47),"","N/A") -> N/A | F47: =IFERROR(IF(ISNUMBER(D47),D47*E47,"-"),"") -> -
A48: C29 | B48: As Item C27 but between 20 and 30m depth | C48: m | D48: Not Required | E48: =IF(ISNUMBER(D48),"","N/A") -> N/A | F48: =IFERROR(IF(ISNUMBER(D48),D48*E48,"-"),"") -> -
A49: C30 | B49: As Item C27 but between 30 and 40m depth | C49: m | D49: Not Required | E49: =IF(ISNUMBER(D49),"","N/A") -> N/A | F49: =IFERROR(IF(ISNUMBER(D49),D49*E49,"-"),"") -> -
A50: C31 | B50: As Item C27 but between 40 and 50m depth | C50: m | D50: Not Required | E50: =IF(ISNUMBER(D50),"","N/A") -> N/A | F50: =IFERROR(IF(ISNUMBER(D50),D50*E50,"-"),"") -> -
A51: C32 | B51: Extra over Items C27 to C31 for inclined drillhole | C51: m | D51: Included in C15 to C15.2 | E51: =IF(ISNUMBER(D51),"","N/A") -> N/A | F51: =IFERROR(IF(ISNUMBER(D51),D51*E51,"-"),"") -> -
A52: C33 | B52: Backfill rotary drillhole with cement/bentonite grout or bentonite pellets (where standpipe or piezometer is not installed). | C52: m3 | E52: =IF(ISNUMBER(D52),"","N/A") -> N/A | F52: =IFERROR(IF(ISNUMBER(D52),D52*E52,"-"),"") -> -
B54: Drilling to obtain cores
A55: C34 | B55: Rotary drill in materials other than hard strata to obtain cores of the specified diameter between existing ground level and 10m depth. | C55: m | D55: 30 | E55: 150 | F55: =IFERROR(IF(ISNUMBER(D55),D55*E55,"-"),"") -> 4500
A56: C35 | B56: As Item C34 but between 10 and 20m depth. | C56: m | D56: Not Required | E56: =IF(ISNUMBER(D56),"","N/A") -> N/A | F56: =IFERROR(IF(ISNUMBER(D56),D56*E55,"-"),"") -> -
A57: C36 | B57: As Item C34 but between 20 and 30m depth | C57: m | D57: Not Required | E57: =IF(ISNUMBER(D57),"","N/A") -> N/A | F57: =IFERROR(IF(ISNUMBER(D57),D57*E57,"-"),"") -> -
A58: C37 | B58: As Item C34 but between 30 and 40m depth | C58: m | D58: Not Required | E58: =IF(ISNUMBER(D58),"","N/A") -> N/A | F58: =IFERROR(IF(ISNUMBER(D58),D58*E58,"-"),"") -> -
A59: C38 | B59: As Item C34 but between 40 and 50m depth | C59: m | D59: Not Required | E59: =IF(ISNUMBER(D59),"","N/A") -> N/A | F59: =IFERROR(IF(ISNUMBER(D59),D59*E59,"-"),"") -> -
A60: C39 | B60: Extra over Items C34 to C38 for use of semi-rigid core liner | C60: m | D60: Not Required | E60: =IF(ISNUMBER(D60),"","N/A") -> N/A | F60: =IFERROR(IF(ISNUMBER(D60),D60*E60,"-"),"") -> -
A61: C40 | B61: Extra over Items C34 to C38 for coring inclined rotary drillhole | C61: m | D61: Not Required | E61: =IF(ISNUMBER(D61),"","N/A") -> N/A | F61: =IFERROR(IF(ISNUMBER(D61),D61*E61,"-"),"") -> -
A62: C41 | B62: Rotary drill in hard strata to obtain cores of the specified diameter between existing ground level and 10m depth | C62: m | D62: 30 | E62: 100 | F62: =IFERROR(IF(ISNUMBER(D62),D62*E62,"-"),"") -> 3000
A63: C42 | B63: As Item C41 but between 10 and 20m depth | C63: m | D63: 258 | E63: 100 | F63: =IFERROR(IF(ISNUMBER(D63),D63*E63,"-"),"") -> 25800
A64: C43 | B64: As Item C41 but between 20 and 30m depth | C64: m | D64: 155 | E64: 150 | F64: =IFERROR(IF(ISNUMBER(D64),D64*E64,"-"),"") -> 23250
A65: C44 | B65: As Item C41 but between 30 and 40m depth | C65: m | D65: Not Required | E65: =IF(ISNUMBER(D65),"","N/A") -> N/A | F65: =IFERROR(IF(ISNUMBER(D65),D65*E65,"-"),"") -> -
A66: C45 | B66: As Item C41 but between 40 and 50m depth | C66: m | D66: Not Required | E66: =IF(ISNUMBER(D66),"","N/A") -> N/A | F66: =IFERROR(IF(ISNUMBER(D66),D66*E66,"-"),"") -> -
A67: C46 | B67: Extra over Items C41 to C45 for use of semi-rigid liner | C67: m | D67: Not Required | E67: =IF(ISNUMBER(D67),"","N/A") -> N/A | F67: =IFERROR(IF(ISNUMBER(D67),D67*E67,"-"),"") -> -
A68: C47 | B68: Extra over Items C41 to C45 for coring inclined rotary drillhole | C68: m | D68: Included in C15 to C15.2 | E68: =IF(ISNUMBER(D68),"","N/A") -> N/A | F68: =IFERROR(IF(ISNUMBER(D68),D68*E68,"-"),"") -> -
A69: C48 | B69: Backfill rotary drillhole with cement/bentonite grout or bentonite pellets (where standpipe or piezometer is not installed) | C69: m3 | D69: Not Required | E69: =IF(ISNUMBER(D69),"","N/A") -> N/A | F69: =IFERROR(IF(ISNUMBER(D69),D69*E69,"-"),"") -> -
A70: C49 | B70: Core box to be retained by the client | C70: nr | E70: =IF(ISNUMBER(D70),"","N/A") -> N/A | F70: =IFERROR(IF(ISNUMBER(D70),D70*E70,"-"),"") -> -
F71: =IFERROR(IF(ISNUMBER(D71),D71*E71,"-"),"") -> -
B72: Rotary percussive drilling (Odex / Symmetrix) | D72: Not Required | F72: =IFERROR(IF(ISNUMBER(D72),D72*E72,"-"),"") -> -
A73: C50 | B73: Move rotary percussive drilling plant and equipment to the site of each drill hole and set up | C73: nr | D73: Not Required | E73: =IF(ISNUMBER(D73),"","N/A") -> N/A | F73: =IFERROR(IF(ISNUMBER(D73),D73*E73,"-"),"") -> -
A74: C51 | B74: Extra over Item C50 for setting up on a slope of gradient greater than 20% | C74: nr | D74: Not Required | E74: =IF(ISNUMBER(D74),"","N/A") -> N/A | F74: =IFERROR(IF(ISNUMBER(D74),D74*E74,"-"),"") -> -
A75: C52 | B75: Rotary percussive drill at the specified diameter in any material between existing ground level and 10m depth | C75: m | D75: Not Required | E75: =IF(ISNUMBER(D75),"","N/A") -> N/A | F75: =IFERROR(IF(ISNUMBER(D75),D75*E75,"-"),"") -> -
A76: C53 | B76: As Item C52 but between 10 and 20m depth | C76: m | D76: Not Required | E76: =IF(ISNUMBER(D76),"","N/A") -> N/A | F76: =IFERROR(IF(ISNUMBER(D76),D76*E76,"-"),"") -> -
A77: C54 | B77: As Item C52 but between 20 and 30m depth | C77: m | D77: Not Required | E77: =IF(ISNUMBER(D77),"","N/A") -> N/A | F77: =IFERROR(IF(ISNUMBER(D77),D77*E77,"-"),"") -> -
A78: C55 | B78: As Item C52 but between 30 and 40m depth | C78: m | D78: Not Required | E78: =IF(ISNUMBER(D78),"","N/A") -> N/A | F78: =IFERROR(IF(ISNUMBER(D78),D78*E78,"-"),"") -> -
A79: C56 | B79: As Item C52 but between 40 and 50m depth | C79: m | D79: Not Required | E79: =IF(ISNUMBER(D79),"","N/A") -> N/A | F79: =IFERROR(IF(ISNUMBER(D79),D79*E79,"-"),"") -> -
A80: C57 | B80: Standing time for rotary percussive drilling plant, equipment and crew (excl briefings and setup/dismantling of equipment) | C80: h | D80: Not Required | E80: =IF(ISNUMBER(D80),"","N/A") -> N/A | F80: =IFERROR(IF(ISNUMBER(D80),D80*E80,"-"),"") -> -
A81: C58 | B81: Backfill rotary percussive drillhole with cement/bentonite grout or bentonite pellets (where standpipe or piezometer is not installed) | C81: m | D81: Not Required | E81: =IF(ISNUMBER(D81),"","N/A") -> N/A | F81: =IFERROR(IF(ISNUMBER(D81),D81*E81,"-"),"") -> -
F82: =IFERROR(IF(ISNUMBER(D82),D82*E82,"-"),"") -> -
B83: Geobor S Rotary Drilling | F83: =IFERROR(IF(ISNUMBER(D84),D84*E83,"-"),"") -> 0
A84: C59 | B84: Move drilling plant and equipment to the site of each exploratory drillhole and set up equipment (including recirculation tanks), dismantle on completion and reinstate | C84: nr | D84: 21 | E84: 600 | F84: =IFERROR(IF(ISNUMBER(D84),D84*E84,"-"),"") -> 12600
A85: C59.1 | B85: Move drilling plant and equipment to the site of each exploratory drillhole and set up equipment (including recirculation tanks) over safety barrier or other fence or wall, set up, dismantle on completion and reinstate | C85: nr | D85: Not Required | E85: =IF(ISNUMBER(D85),"","N/A") -> N/A | F85: =IFERROR(IF(ISNUMBER(D85),D85*E85,"-"),"") -> -
A86: C60 | B86: Hand digging and CAT scan at rotary drillhole location to confirm absence of utility ducts ( maximum depth of 1.2m or lesser if ground is assessed as potentially unstable) | C86: nr | D86: 21 | E86: 100 | F86: =IFERROR(IF(ISNUMBER(D86),D86*E86,"-"),"") -> 2100
A87: C61 | B87: Provision of biodegradable polymer gel (drilling fluid) for Geobor S coring | C87: sum
A88: C62 | B88: Break out surface obstructions where present at exploratory drillhole | C88: m3 | D88: 1 | E88: 100 | F88: =IFERROR(IF(ISNUMBER(D88),D88*E88,"-"),"") -> 100
A89: C63 | B89: Standing time for Geobor S drilling plant, equipment and crew (excl briefings and setup/dismantling of equipment) | C89: h | D89: 21 | E89: 150 | F89: =IFERROR(IF(ISNUMBER(D89),D89*E89,"-"),"") -> 3150
F90: =IFERROR(IF(ISNUMBER(D90),D90*E90,"-"),"") -> -
B91: Geobor S Rotary Coring (to produce 102mm diameter cores) | E91: =IF(ISNUMBER(D92),"","N/A") | F91: =IFERROR(IF(ISNUMBER(D91),D91*E91,"-"),"") -> -
A92: C64 | B92: Rotary openhole drilling without core recover to install casing prior to Geobor coring (nominally 1.5m) | C92: m | D92: 32 | E92: 150 | F92: =IFERROR(IF(ISNUMBER(D92),D92*E92,"-"),"") -> 4800
A93: C65 | B93: Rotary drilling with Geobor S equipment to recover cores of overburden material using polymer gel/mud drilling fluid in depth range 0 to 10m | C93: m | D93: 164 | E93: 150 | F93: =IFERROR(IF(ISNUMBER(D93),D93*E93,"-"),"") -> 24600
A94: C66 | B94: As Item C65 but between 10 and 20m depth | C94: m | D94: 103 | E94: 160 | F94: =IFERROR(IF(ISNUMBER(D94),D94*E94,"-"),"") -> 16480
A95: C67 | B95: As Item C65 but between 20 and 30m depth | C95: m | D95: Not Required | E95: 170 | F95: =IFERROR(IF(ISNUMBER(D95),D95*E95,"-"),"") -> -
A96: C68 | B96: As Item C65 but between 30 and 40m depth | C96: m | D96: Not Required | E96: 180 | F96: =IFERROR(IF(ISNUMBER(D96),D96*E96,"-"),"") -> -
A97: C69 | B97: As Item C65 but between 40 and 50m depth | C97: m | D97: Not Required | E97: =IF(ISNUMBER(D98),"","N/A") | F97: =IFERROR(IF(ISNUMBER(D97),D97*E97,"-"),"") -> -
A98: C70 | B98: Rotary drilling using Geobor S equipment to recover cores in bedrock formation(s) using polymer gel/mud drilling fluid in depth range 0 to 10m | C98: m | D98: 14 | E98: 160 | F98: =IFERROR(IF(ISNUMBER(D98),D98*E98,"-"),"") -> 2240
A99: C71 | B99: As Item C65 but between 10 and 20m depth | C99: m | D99: 97 | E99: 170 | F99: =IFERROR(IF(ISNUMBER(D99),D99*E99,"-"),"") -> 16490
A100: C72 | B100: As Item C65 but between 20 and 30m depth | C100: m | D100: 190 | E100: 180 | F100: =IFERROR(IF(ISNUMBER(D100),D100*E100,"-"),"") -> 34200
A101: C73 | B101: As Item C65 but between 30 and 40m depth | C101: m | D101: Not Required | E101: 190 | F101: =IFERROR(IF(ISNUMBER(D101),D101*E101,"-"),"") -> -
A102: C74 | B102: As Item C65 but between 40 and 50m depth | C102: m | D102: Not Required | E102: =IF(ISNUMBER(D102),"","N/A") -> N/A | F102: =IFERROR(IF(ISNUMBER(D102),D102*E102,"-"),"") -> -
A103: C75 | B103: Extra over items C64 to C74 for inclined Geobor S drillhole (maximum of 20 degrees from the vertical) | C103: m | D103: Not Required | E103: =IF(ISNUMBER(D103),"","N/A") -> N/A | F103: =IFERROR(IF(ISNUMBER(D103),D103*E103,"-"),"") -> -
...

Sheet Section C.1
A2: Number | B2: Item description | C2: Unit | D2: Quantity | E2: Rate | F2: Amount
B3: On-Track Works | E3: € | F3: €
A4: C | B4: Rotary drilling
B5: Hand augering
A6: C1 | B6: Bring hand auger equipment to the position of each exploratory hole | C6: nr | D6: Not Required | E6: =IF(ISNUMBER(D6),"","N/A") -> N/A | F6: =IFERROR(IF(ISNUMBER(D6),D6*E6,"-"),"") -> -
A7: C2 | B7: Bore with hand auger from existing ground level to 2m depth | C7: m | D7: Not Required | E7: =IF(ISNUMBER(D7),"","N/A") -> N/A | F7: =IFERROR(IF(ISNUMBER(D7),D7*E7,"-"),"") -> -
A8: C3 | B8: As Item C2 but between 2 and 4m depth | C8: m | D8: Not Required | E8: =IF(ISNUMBER(D8),"","N/A") -> N/A | F8: =IFERROR(IF(ISNUMBER(D8),D8*E8,"-"),"") -> -
A9: C4 | B9: Standing time for hand auger equipment and crew (excl briefings and setup/dismantling of equipment) | C9: h | D9: Not Required | E9: =IF(ISNUMBER(D9),"","N/A") -> N/A | F9: =IFERROR(IF(ISNUMBER(D9),D9*E9,"-"),"") -> -
A10: C5 | B10: Provision of hand augering equipment and crew for augering as directed by the Investigation Supervisor maximum depth 4m | C10: day | D10: Not Required | E10: =IF(ISNUMBER(D10),"","N/A") -> N/A | F10: =IFERROR(IF(ISNUMBER(D10),D10*E10,"-"),"") -> -
A11: C6 | B11: Backfill hand auger hole with cement/bentonite grout or bentonite pellets | C11: m | D11: Not Required | E11: =IF(ISNUMBER(D11),"","N/A") -> N/A | F11: =IFERROR(IF(ISNUMBER(D11),D11*E11,"-"),"") -> -
F12: =IFERROR(IF(ISNUMBER(D12),D12*E12,"-"),"") -> -
B13: Continuous flight and hollow-stem flight augering | F13: =IFERROR(IF(ISNUMBER(D13),D13*E13,"-"),"") -> -
A14: C7 | B14: Move mechanical augering plant and equipment to the site of each exploratory hole and set up. | C14: nr | D14: Not Required | E14: =IF(ISNUMBER(D14),"","N/A") -> N/A | F14: =IFERROR(IF(ISNUMBER(D14),D14*E14,"-"),"") -> -
A15: C7.1 | B15: Hand digging and CAT scan at rotary drillhole location to confirm absence of utility ducts ( maximum depth of 1.2m or lesser if ground is assessed as potentially unstable). | C15: nr | D15: Not Required | E15: =IF(ISNUMBER(D15),"","N/A") -> N/A | F15: =IFERROR(IF(ISNUMBER(D15),D15*E15,"-"),"") -> -
A16: C8 | B16: Extra over Item C7 for setting up on a slope of gradient greater than 20% | C16: nr | D16: Not Required | E16: =IF(ISNUMBER(D16),"","N/A") -> N/A | F16: =IFERROR(IF(ISNUMBER(D16),D16*E16,"-"),"") -> -
A17: C9 | B17: Break out obstructions where present when hand digging at auger hole location for Item C7.1. | C17: m3 | D17: Not Required | E17: =IF(ISNUMBER(D17),"","N/A") -> N/A | F17: =IFERROR(IF(ISNUMBER(D17),D17*E17,"-"),"") -> -
A18: C10 | B18: Standing time for rotary auger equipment and crew. | C18: h | D18: Not Required | E18: =IF(ISNUMBER(D18),"","N/A") -> N/A | F18: =IFERROR(IF(ISNUMBER(D18),D18*E18,"-"),"") -> -
A19: C11 | B19: Auger in materials other than hard strata at the specified diameter between existing ground level and 10m depth. | C19: m | D19: Not Required | E19: =IF(ISNUMBER(D19),"","N/A") -> N/A | F19: =IFERROR(IF(ISNUMBER(D19),D19*E19,"-"),"") -> -
A20: C12 | B20: As Item C11 but between 10 and 20m depth. | C20: m | D20: Not Required | E20: =IF(ISNUMBER(D20),"","N/A") -> N/A | F20: =IFERROR(IF(ISNUMBER(D20),D20*E20,"-"),"") -> -
A21: C13 | B21: As Item C11 but between 20 and 30m depth. | C21: m | D21: Not Required | E21: =IF(ISNUMBER(D21),"","N/A") -> N/A | F21: =IFERROR(IF(ISNUMBER(D21),D21*E21,"-"),"") -> -
A22: C14 | B22: Backfill auger hole with cement/bentonite grout or bentonite pellets | C22: m | D22: Not Required | E22: =IF(ISNUMBER(D22),"","N/A") -> N/A | F22: =IFERROR(IF(ISNUMBER(D22),D22*E22,"-"),"") -> -
F23: =IFERROR(IF(ISNUMBER(D23),D23*E23,"-"),"") -> -
B24: Rotary drilling with and without core recovery | F24: =IFERROR(IF(ISNUMBER(D24),D24*E24,"-"),"") -> -
A25: C15 | B25: Move rotary drilling plant and equipment to the site of each exploratory drillhole and set up. | C25: nr | D25: Refer to C15.1.1 to C15.2.2 & C15.3 | E25: =IF(ISNUMBER(D25),"","N/A") -> N/A | F25: =IFERROR(IF(ISNUMBER(D25),D25*E25,"-"),"") -> -
A26: C15.1.1 | B26: Move rotary drilling plant and equipment to the site of each exploratory drillhole, set up, dismantle on completion and reinstate (rotary follow-on) | C26: nr | D26: 12 | E26: 500 | F26: =IFERROR(IF(ISNUMBER(D26),D26*E26,"-"),"") -> 6000
A27: C15.1.2 | B27: Move rotary drilling plant and equipment to the site of each exploratory drillhole over safety barrier or other fence or wall, set up, dismantle on completion and reinstate (rotary follow-on). | C27: nr | D27: Not Required | E27: =IF(ISNUMBER(D27),"","N/A") -> N/A | F27: =IFERROR(IF(ISNUMBER(D27),D27*E27,"-"),"") -> -
A28: C15.1.2.1 | B28: Move rotary drilling plant and equipment to the site of each exploratory drillhole over safety barrier or other fence or wall, set up, dismantle on completion and reinstate (rotary follow-on) - Night Works/Within Permanent Way | C28: nr | D28: Not Required | E28: =IF(ISNUMBER(D28),"","N/A") -> N/A | F28: =IFERROR(IF(ISNUMBER(D28),D28*E28,"-"),"") -> -
A29: C15.2.1 | B29: Move rotary drilling plant and equipment to the site of each exploratory drillhole, set up, dismantle on completion and reinstate (rotary only). | C29: nr | D29: Not Required | E29: =IF(ISNUMBER(D29),"","N/A") -> N/A | F29: =IFERROR(IF(ISNUMBER(D29),D29*E29,"-"),"") -> -
A30: C15.2.2 | B30: Move rotary drilling plant and equipment to the site of each exploratory drillhole, over safety barrier or other fence or wall, set up, dismantle on completion and reinstate (rotary only). | C30: nr | D30: Not Required | E30: =IF(ISNUMBER(D30),"","N/A") -> N/A | F30: =IFERROR(IF(ISNUMBER(D30),D30*E30,"-"),"") -> -
A31: C15.3 | B31: Hand digging and CAT scan at rotary drillhole location to confirm absence of utility ducts ( maximum depth of 1.2m or lesser if ground is assessed as potentially unstable) for rotary only borehole | C31: nr | D31: Not Required | E31: =IF(ISNUMBER(D31),"","N/A") -> N/A | F31: =IFERROR(IF(ISNUMBER(D31),D31*E31,"-"),"") -> -
A32: C16 | B32: Extra over Item C15 for setting up on a slope of gradient greater than 20%. | C32: nr | D32: Not Required | E32: =IF(ISNUMBER(D32),"","N/A") -> N/A | F32: =IFERROR(IF(ISNUMBER(D32),D32*E32,"-"),"") -> -
A33: C17 | B33: Extra over Item C15 for setting up drilling plant for inclined drillhole | C33: nr | E33: =IF(ISNUMBER(D34),"","N/A") | F33: =IFERROR(IF(ISNUMBER(D34),D34*E33,"-"),"")
A34: C18 | B34: Break out obstructions where present when hand digging at exploratory hole location for C15.3. | C34: m3 | D34: 4 | E34: 25 | F34: =IFERROR(IF(ISNUMBER(D34),D34*E34,"-"),"") -> 100
A35: C19 | B35: Standing time for rotary drilling plant, equipment and crew (excl briefings and setup/dismantling of equipment) | C35: h | D35: 12 | E35: 100 | F35: =IFERROR(IF(ISNUMBER(D35),D35*E35,"-"),"") -> 1200
A36: C20 | B36: Provide aquifer protection measures at a single aquiclude/aquifer boundary in a drillhole | C36: nr | E36: =IF(ISNUMBER(D36),"","N/A") -> N/A | F36: =IFERROR(IF(ISNUMBER(D36),D36*E36,"-"),"") -> -
F37: =IFERROR(IF(ISNUMBER(D37),D37*E37,"-"),"") -> -
B38: Drilling without cores | D38: Not Required | F38: =IFERROR(IF(ISNUMBER(D38),D38*E38,"-"),"") -> -
A39: C21 | B39: Rotary drill in materials other than hard strata at the specified diameter, from which cores are not required, between existing ground level and 10m depth | C39: m | D39: Not Required | E39: =IF(ISNUMBER(D39),"","N/A") -> N/A | F39: =IFERROR(IF(ISNUMBER(D39),D39*E39,"-"),"") -> -
A40: C22 | B40: As Item C21 but between 10 and 20m depth. | C40: m | D40: Not Required | E40: =IF(ISNUMBER(D40),"","N/A") -> N/A | F40: =IFERROR(IF(ISNUMBER(D40),D40*E40,"-"),"") -> -
A41: C23 | B41: As Item C21 but between 20 and 30m depth | C41: m | D41: Not Required | E41: =IF(ISNUMBER(D41),"","N/A") -> N/A | F41: =IFERROR(IF(ISNUMBER(D41),D41*E41,"-"),"") -> -
A42: C24 | B42: As Item C21 but between 30 and 40m depth | C42: m | D42: Not Required | E42: =IF(ISNUMBER(D42),"","N/A") -> N/A | F42: =IFERROR(IF(ISNUMBER(D42),D42*E42,"-"),"") -> -
A43: C25 | B43: As Item C21 but between 40 and 50m depth | C43: m | D43: Not Required | E43: =IF(ISNUMBER(D43),"","N/A") -> N/A | F43: =IFERROR(IF(ISNUMBER(D43),D43*E43,"-"),"") -> -
A44: C26 | B44: Extra over Items C21 to C25 for inclined rotary drillhole | C44: m | D44: Not Required | E44: =IF(ISNUMBER(D44),"","N/A") -> N/A | F44: =IFERROR(IF(ISNUMBER(D44),D44*E44,"-"),"") -> -
A45: C27 | B45: Rotary drill in hard strata at the specified diameter, from which cores are not required, between existing ground level and 10m depth. | C45: m | D45: Not Required | E45: =IF(ISNUMBER(D45),"","N/A") -> N/A | F45: =IFERROR(IF(ISNUMBER(D45),D45*E45,"-"),"") -> -
A46: C28 | B46: As Item C27 but between 10 and 20m depth | C46: m | D46: Not Required | E46: =IF(ISNUMBER(D46),"","N/A") -> N/A | F46: =IFERROR(IF(ISNUMBER(D46),D46*E46,"-"),"") -> -
A47: C29 | B47: As Item C27 but between 20 and 30m depth | C47: m | D47: Not Required | E47: =IF(ISNUMBER(D47),"","N/A") -> N/A | F47: =IFERROR(IF(ISNUMBER(D47),D47*E47,"-"),"") -> -
A48: C30 | B48: As Item C27 but between 30 and 40m depth | C48: m | D48: Not Required | E48: =IF(ISNUMBER(D48),"","N/A") -> N/A | F48: =IFERROR(IF(ISNUMBER(D48),D48*E48,"-"),"") -> -
A49: C31 | B49: As Item C27 but between 40 and 50m depth | C49: m | D49: Not Required | E49: =IF(ISNUMBER(D49),"","N/A") -> N/A | F49: =IFERROR(IF(ISNUMBER(D49),D49*E49,"-"),"") -> -
A50: C32 | B50: Extra over Items C27 to C31 for inclined drillhole | C50: m | D50: Included in C15 to C15.2 | E50: =IF(ISNUMBER(D50),"","N/A") -> N/A | F50: =IFERROR(IF(ISNUMBER(D50),D50*E50,"-"),"") -> -
A51: C33 | B51: Backfill rotary drillhole with cement/bentonite grout or bentonite pellets (where standpipe or piezometer is not installed). | C51: m3 | E51: =IF(ISNUMBER(D51),"","N/A") -> N/A | F51: =IFERROR(IF(ISNUMBER(D51),D51*E51,"-"),"") -> -
F52: =IFERROR(IF(ISNUMBER(D52),D52*E52,"-"),"") -> -
B53: Drilling to obtain cores | D53: Not Required | F53: =IFERROR(IF(ISNUMBER(D53),D53*E53,"-"),"") -> -
A54: C34 | B54: Rotary drill in materials other than hard strata to obtain cores of the specified diameter between existing ground level and 10m depth. | C54: m | D54: Not Required | E54: =IF(ISNUMBER(D54),"","N/A") -> N/A | F54: =IFERROR(IF(ISNUMBER(D54),D54*E54,"-"),"") -> -
A55: C35 | B55: As Item C34 but between 10 and 20m depth. | C55: m | D55: Not Required | E55: =IF(ISNUMBER(D55),"","N/A") -> N/A | F55: =IFERROR(IF(ISNUMBER(D55),D55*E55,"-"),"") -> -
A56: C36 | B56: As Item C34 but between 20 and 30m depth | C56: m | D56: Not Required | E56: =IF(ISNUMBER(D56),"","N/A") -> N/A | F56: =IFERROR(IF(ISNUMBER(D56),D56*E56,"-"),"") -> -
A57: C37 | B57: As Item C34 but between 30 and 40m depth | C57: m | D57: Not Required | E57: =IF(ISNUMBER(D57),"","N/A") -> N/A | F57: =IFERROR(IF(ISNUMBER(D57),D57*E57,"-"),"") -> -
A58: C38 | B58: As Item C34 but between 40 and 50m depth | C58: m | D58: Not Required | E58: =IF(ISNUMBER(D58),"","N/A") -> N/A | F58: =IFERROR(IF(ISNUMBER(D58),D58*E58,"-"),"") -> -
A59: C39 | B59: Extra over Items C34 to C38 for use of semi-rigid core liner | C59: m | D59: Not Required | E59: =IF(ISNUMBER(D59),"","N/A") -> N/A | F59: =IFERROR(IF(ISNUMBER(D59),D59*E59,"-"),"") -> -
A60: C40 | B60: Extra over Items C34 to C38 for coring inclined rotary drillhole | C60: m | E60: =IF(ISNUMBER(D61),"","N/A") | F60: =IFERROR(IF(ISNUMBER(D60),D60*E60,"-"),"") -> -
A61: C41 | B61: Rotary drill in hard strata to obtain cores of the specified diameter between existing ground level and 10m depth | C61: m | D61: 5 | E61: 90 | F61: =IFERROR(IF(ISNUMBER(D61),D61*E61,"-"),"") -> 450
A62: C42 | B62: As Item C41 but between 10 and 20m depth | C62: m | D62: 84 | E62: 100 | F62: =IFERROR(IF(ISNUMBER(D62),D62*E62,"-"),"") -> 8400
A63: C43 | B63: As Item C41 but between 20 and 30m depth | C63: m | D63: 20 | E63: 150 | F63: =IFERROR(IF(ISNUMBER(D63),D63*E63,"-"),"") -> 3000
A64: C44 | B64: As Item C41 but between 30 and 40m depth | C64: m | D64: Not Required | E64: =IF(ISNUMBER(D64),"","N/A") -> N/A | F64: =IFERROR(IF(ISNUMBER(D64),D64*E64,"-"),"") -> -
A65: C45 | B65: As Item C41 but between 40 and 50m depth | C65: m | D65: Not Required | E65: =IF(ISNUMBER(D65),"","N/A") -> N/A | F65: =IFERROR(IF(ISNUMBER(D65),D65*E65,"-"),"") -> -
A66: C46 | B66: Extra over Items C41 to C45 for use of semi-rigid liner | C66: m | D66: Not Required | E66: =IF(ISNUMBER(D66),"","N/A") -> N/A | F66: =IFERROR(IF(ISNUMBER(D66),D66*E66,"-"),"") -> -
A67: C47 | B67: Extra over Items C41 to C45 for coring inclined rotary drillhole | C67: m | D67: Included in C15 to C15.2 | E67: =IF(ISNUMBER(D67),"","N/A") -> N/A | F67: =IFERROR(IF(ISNUMBER(D67),D67*E67,"-"),"") -> -
A68: C48 | B68: Backfill rotary drillhole with cement/bentonite grout or bentonite pellets (where standpipe or piezometer is not installed) | C68: m3 | D68: Not Required | E68: =IF(ISNUMBER(D68),"","N/A") -> N/A | F68: =IFERROR(IF(ISNUMBER(D68),D68*E68,"-"),"") -> -
A69: C49 | B69: Core box to be retained by the client | C69: nr | E69: =IF(ISNUMBER(D69),"","N/A") -> N/A | F69: =IFERROR(IF(ISNUMBER(D69),D69*E69,"-"),"") -> -
F70: =IFERROR(IF(ISNUMBER(D70),D70*E70,"-"),"") -> -
B71: Rotary percussive drilling (Odex / Symmetrix) | D71: Not Required | F71: =IFERROR(IF(ISNUMBER(D71),D71*E71,"-"),"") -> -
A72: C50 | B72: Move rotary percussive drilling plant and equipment to the site of each drill hole and set up | C72: nr | D72: Not Required | E72: =IF(ISNUMBER(D72),"","N/A") -> N/A | F72: =IFERROR(IF(ISNUMBER(D72),D72*E72,"-"),"") -> -
A73: C51 | B73: Extra over Item C50 for setting up on a slope of gradient greater than 20% | C73: nr | D73: Not Required | E73: =IF(ISNUMBER(D73),"","N/A") -> N/A | F73: =IFERROR(IF(ISNUMBER(D73),D73*E73,"-"),"") -> -
A74: C52 | B74: Rotary percussive drill at the specified diameter in any material between existing ground level and 10m depth | C74: m | D74: Not Required | E74: =IF(ISNUMBER(D74),"","N/A") -> N/A | F74: =IFERROR(IF(ISNUMBER(D74),D74*E74,"-"),"") -> -
A75: C53 | B75: As Item C52 but between 10 and 20m depth | C75: m | D75: Not Required | E75: =IF(ISNUMBER(D75),"","N/A") -> N/A | F75: =IFERROR(IF(ISNUMBER(D75),D75*E75,"-"),"") -> -
A76: C54 | B76: As Item C52 but between 20 and 30m depth | C76: m | D76: Not Required | E76: =IF(ISNUMBER(D76),"","N/A") -> N/A | F76: =IFERROR(IF(ISNUMBER(D76),D76*E76,"-"),"") -> -
A77: C55 | B77: As Item C52 but between 30 and 40m depth | C77: m | D77: Not Required | E77: =IF(ISNUMBER(D77),"","N/A") -> N/A | F77: =IFERROR(IF(ISNUMBER(D77),D77*E77,"-"),"") -> -
A78: C56 | B78: As Item C52 but between 40 and 50m depth | C78: m | D78: Not Required | E78: =IF(ISNUMBER(D78),"","N/A") -> N/A | F78: =IFERROR(IF(ISNUMBER(D78),D78*E78,"-"),"") -> -
A79: C57 | B79: Standing time for rotary percussive drilling plant, equipment and crew (excl briefings and setup/dismantling of equipment) | C79: h | D79: Not Required | E79: =IF(ISNUMBER(D79),"","N/A") -> N/A | F79: =IFERROR(IF(ISNUMBER(D79),D79*E79,"-"),"") -> -
A80: C58 | B80: Backfill rotary percussive drillhole with cement/bentonite grout or bentonite pellets (where standpipe or piezometer is not installed) | C80: m | D80: Not Required | E80: =IF(ISNUMBER(D80),"","N/A") -> N/A | F80: =IFERROR(IF(ISNUMBER(D80),D80*E80,"-"),"") -> -
F81: =IFERROR(IF(ISNUMBER(D81),D81*E81,"-"),"") -> -
B82: Geobor S Rotary Drilling | F82: =IFERROR(IF(ISNUMBER(D82),D82*E82,"-"),"") -> -
A83: C59 | B83: Move drilling plant and equipment to the site of each exploratory drillhole and set up equipment (including recirculation tanks), dismantle on completion and reinstate | C83: nr | D83: 6 | E83: 600 | F83: =IFERROR(IF(ISNUMBER(D83),D83*E83,"-"),"") -> 3600
A84: C59.1 | B84: Move drilling plant and equipment to the site of each exploratory drillhole and set up equipment (including recirculation tanks) over safety barrier or other fence or wall, set up, dismantle on completion and reinstate | C84: nr | E84: =IF(ISNUMBER(D84),"","N/A") -> N/A | F84: =IFERROR(IF(ISNUMBER(D83),D83*E84,"-"),"")
A85: C60 | B85: Hand digging and CAT scan at rotary drillhole location to confirm absence of utility ducts ( maximum depth of 1.2m or lesser if ground is assessed as potentially unstable) | C85: nr | D85: 6 | E85: 100 | F85: =IFERROR(IF(ISNUMBER(D85),D85*E85,"-"),"") -> 600
A86: C61 | B86: Provision of biodegradable polymer gel (drilling fluid) for Geobor S coring | C86: sum | D86: Not Required | E86: =IF(ISNUMBER(D86),"","N/A") -> N/A | F86: =IFERROR(IF(ISNUMBER(D86),D86*E86,"-"),"") -> -
A87: C62 | B87: Break out surface obstructions where present at exploratory drillhole | C87: m3 | D87: 0.5 | E87: 100 | F87: =IFERROR(IF(ISNUMBER(D87),D87*E87,"-"),"") -> 50
A88: C63 | B88: Standing time for Geobor S drilling plant, equipment and crew (excl briefings and setup/dismantling of equipment) | C88: h | D88: 6 | E88: 150 | F88: =IFERROR(IF(ISNUMBER(D88),D88*E88,"-"),"") -> 900
F89: =IFERROR(IF(ISNUMBER(D89),D89*E89,"-"),"") -> -
B90: Geobor S Rotary Coring (to produce 102mm diameter cores) | E90: =IF(ISNUMBER(D90),"","N/A") -> N/A | F90: =IFERROR(IF(ISNUMBER(D90),D90*E90,"-"),"") -> -
A91: C64 | B91: Rotary openhole drilling without core recover to install casing prior to Geobor coring (nominally 1.5m) | C91: m | D91: 9 | E91: 150 | F91: =IFERROR(IF(ISNUMBER(D91),D91*E91,"-"),"") -> 1350
A92: C65 | B92: Rotary drilling with Geobor S equipment to recover cores of overburden material using polymer gel/mud drilling fluid in depth range 0 to 10m | C92: m | D92: 45 | E92: 160 | F92: =IFERROR(IF(ISNUMBER(D92),D92*E92,"-"),"") -> 7200
A93: C66 | B93: As Item C65 but between 10 and 20m depth | C93: m | D93: 12 | E93: 170 | F93: =IFERROR(IF(ISNUMBER(D93),D93*E93,"-"),"") -> 2040
A94: C67 | B94: As Item C65 but between 20 and 30m depth | C94: m | D94: Not Required | E94: 180 | F94: =IFERROR(IF(ISNUMBER(D94),D94*E94,"-"),"") -> -
A95: C68 | B95: As Item C65 but between 30 and 40m depth | C95: m | D95: Not Required | E95: =IF(ISNUMBER(D95),"","N/A") -> N/A | F95: =IFERROR(IF(ISNUMBER(D95),D95*E95,"-"),"") -> -
A96: C69 | B96: As Item C65 but between 40 and 50m depth | C96: m | D96: Not Required | E96: 160 | F96: =IFERROR(IF(ISNUMBER(D96),D96*E96,"-"),"") -> -
A97: C70 | B97: Rotary drilling using Geobor S equipment to recover cores in bedrock formation(s) using polymer gel/mud drilling fluid in depth range 0 to 10m | C97: m | D97: 6 | E97: 170 | F97: =IFERROR(IF(ISNUMBER(D97),D97*E97,"-"),"") -> 1020
A98: C71 | B98: As Item C65 but between 10 and 20m depth | C98: m | D98: 33 | E98: 180 | F98: =IFERROR(IF(ISNUMBER(D98),D98*E98,"-"),"") -> 5940
A99: C72 | B99: As Item C65 but between 20 and 30m depth | C99: m | D99: 30 | E99: 190 | F99: =IFERROR(IF(ISNUMBER(D99),D99*E99,"-"),"") -> 5700
A100: C73 | B100: As Item C65 but between 30 and 40m depth | C100: m | D100: Not Required | E100: =IF(ISNUMBER(D100),"","N/A") -> N/A | F100: =IFERROR(IF(ISNUMBER(D100),D100*E100,"-"),"") -> -
A101: C74 | B101: As Item C65 but between 40 and 50m depth | C101: m | D101: Not Required | E101: =IF(ISNUMBER(D101),"","N/A") -> N/A | F101: =IFERROR(IF(ISNUMBER(D101),D101*E101,"-"),"") -> -
...

Sheet Section D
A2: Number | B2: Item description | C2: Unit | D2: Quantity | E2: Rate | F2: Amount
B3: On Track Works | E3: € | F3: €
A4: D | B4: Pitting and trenching
B5: Inspection pits Included for each exploratory hole: refer hand digging and CAT scan items at exploratory hole locations
A6: D1 | B6: Excavate inspection pit by hand to 1.2m depth. | C6: nr | D6: Not Required | E6: =IF(ISNUMBER(D6),"","N/A") -> N/A
A7: D2 | B7: Extra over Item D1 for breaking out surface obstructions. | C7: m3 | D7: Not Required | E7: =IF(ISNUMBER(D7),"","N/A") -> N/A
B9: Trial pits and trenches (non paved areas)
A10: D3 | B10: Move equipment to the site of each trial pit or trench dismantle on completion and reinstate. | C10: nr | D10: Not Required | E10: =IF(ISNUMBER(D10),"","N/A") -> N/A
A11: D3.1 | B11: Extra over item D3 for setting to the site of exploratory hole over safety barrier or other fence or wall, set up, dismantle on completion and reinstate. | C11: nr | D11: Not Required | E11: =IF(ISNUMBER(D11),"","N/A") -> N/A
A12: D4 | B12: Extra over Item D3 for setting up on a slope of gradient greater than 20% | C12: nr | D12: Not Required | E12: =IF(ISNUMBER(D12),"","N/A") -> N/A
A13: D5 | B13: Extra over Item D3 for trial pit or trench between 4.5 and 6m depth | C13: nr | D13: Not Required | E13: =IF(ISNUMBER(D13),"","N/A") -> N/A
A14: D6 | B14: Excavate trial pit between existing ground level and 3m depth | C14: m depth | D14: Not Required | E14: =IF(ISNUMBER(D14),"","N/A") -> N/A
A15: D7 | B15: As Item D6 but between 3.0 and 4.5m depth | C15: m | D15: Not Required | E15: =IF(ISNUMBER(D15),"","N/A") -> N/A
A16: D8 | B16: As Item D6 but between 4.5 and 6m depth | C16: m | D16: Not Required | E16: =IF(ISNUMBER(D16),"","N/A") -> N/A
A17: D9 | B17: Excavate trial trench between existing ground level and 3.0m depth | C17: m3 | D17: Not Required | E17: =IF(ISNUMBER(D17),"","N/A") -> N/A
A18: D10 | B18: As Item D9 between 3.0 and 4.5m in depth | C18: m3 | D18: Not Required | E18: =IF(ISNUMBER(D18),"","N/A") -> N/A
A19: D11 | B19: As Item D9 between 4.5 and 6m depth | C19: m3 | D19: Not Required | E19: =IF(ISNUMBER(D19),"","N/A") -> N/A
B21: Trial pits and trenches (paved areas)
A22: D12 | B22: Set up trial pit in road area to include erection of traffic management systems (works supervised by Engineer/ Geologist with valid CSCS Card for signing, lighting and guarding at roadworks) | C22: nr | D22: Not Required | E22: =IF(ISNUMBER(D22),"","N/A") -> N/A
A23: D13 | B23: Set up slit trench in road area to include erection of traffic management systems (works supervised by Engineer/ Geologist with valid CSCS Card for signing, lighting and guarding at roadworks) | C23: nr | D23: Not Required | E23: =IF(ISNUMBER(D23),"","N/A") -> N/A
A24: D14 | B24: Saw cut paved areas in advance of the works | C24: ln m | D24: Not Required | E24: =IF(ISNUMBER(D24),"","N/A") -> N/A
A25: D15 | B25: Breaking out hard material or surface obstructions | C25: m3 | D25: Not Required | E25: =IF(ISNUMBER(D25),"","N/A") -> N/A
A26: D16 | B26: Excavate trial pit in paved areas between ground level and 1.20m depth (works by either hand excavation or hand assisted machine excavation) | C26: m depth | D26: Not Required | E26: =IF(ISNUMBER(D26),"","N/A") -> N/A
A27: D17 | B27: As D16 but depth in range 1.2m to 3.0m | C27: ln m | D27: Not Required | E27: =IF(ISNUMBER(D27),"","N/A") -> N/A
A28: D18 | B28: Excavate slit trench in paved areas between ground level and 1.2m depth (works by either hand excavation or hand assisted machine excavation) | C28: m³ | D28: Not Required | E28: =IF(ISNUMBER(D28),"","N/A") -> N/A
A29: D19 | B29: Excavate slit trench in paved areas between 1.2m to 3.0m depth (works by either hand excavation or hand assisted machine excavation) | C29: m³ | D29: Not Required | E29: =IF(ISNUMBER(D29),"","N/A") -> N/A
A30: D20 | B30: Standing time for excavation plant, equipment and crew for machine dug trial pit or trench (excl briefings and setup/dismantling of equipment) | C30: h | D30: Not Required | E30: =IF(ISNUMBER(D30),"","N/A") -> N/A
B32: Observation pits and trenches
A33: D21 | B33: Move equipment to the site of each observation pit or trench of not greater than 4.5m depth | C33: nr | D33: Not Required | E33: =IF(ISNUMBER(D33),"","N/A") -> N/A
A34: D22 | B34: Extra over Item D21 for setting up on a slope of gradient greater than 20% | C34: nr | D34: Not Required | E34: =IF(ISNUMBER(D34),"","N/A") -> N/A
A35: D23 | B35: Extra over Item D21 for trial pit or trench between 4.5 and 6m depth | C35: nr | D35: Not Required | E35: =IF(ISNUMBER(D35),"","N/A") -> N/A
A36: D24 | B36: Excavate observation pit between existing ground level and 3.0m depth | C36: m | D36: Not Required | E36: =IF(ISNUMBER(D36),"","N/A") -> N/A
A37: D25 | B37: As Item D24 but between 3.0 and 4.5m depth | C37: m | D37: Not Required | E37: =IF(ISNUMBER(D37),"","N/A") -> N/A
A38: D26 | B38: As Item D24 but between 4.5 and 6m depth | C38: m | D38: Not Required | E38: =IF(ISNUMBER(D38),"","N/A") -> N/A
A39: D27 | B39: Extra over Item D24 for hand excavation | C39: m | D39: Not Required | E39: =IF(ISNUMBER(D39),"","N/A") -> N/A
A40: D28 | B40: Excavate observation trench between existing ground level and 3.0m depth | C40: m3 | D40: Not Required | E40: =IF(ISNUMBER(D40),"","N/A") -> N/A
A41: D29 | B41: As Item D28 but between 3.0 and 4.5m depth | C41: m3 | D41: Not Required | E41: =IF(ISNUMBER(D41),"","N/A") -> N/A
A42: D30 | B42: As Item D28 but between 4.5 and 6m depth | C42: m3 | D42: Not Required | E42: =IF(ISNUMBER(D42),"","N/A") -> N/A
A43: D31 | B43: Extra over Item D28 for hand excavation | C43: m3 | D43: Not Required | E43: =IF(ISNUMBER(D43),"","N/A") -> N/A
A44: D32 | B44: Extra over Items D24 to D26 for breaking out hard strata or obstructions | C44: h | D44: Not Required | E44: =IF(ISNUMBER(D44),"","N/A") -> N/A
... A47: D35 | B47: Standing time for excavation plant, equipment and crew for hand dug observation pit or trench (excl briefings and setup/dismantling of equipment) | C47: h | D47: Not Required | E47: =IF(ISNUMBER(D47),"","N/A") -> N/A
B49: Daily provision of pitting crew and equipment
A50: D36 | B50: Provision of excavation plant equipment and crew for machine dug trial pits or trenches as directed by the Investigation Supervisor, maximum depth 3.0m | C50: day | D50: Included in A2, A2.4, D3 to D19 | E50: =IF(ISNUMBER(D50),"","N/A") -> N/A
A51: D37 | B51: As Item D36 but between 3.0 and 4.5m depth | C51: day | D51: Not Required | E51: =IF(ISNUMBER(D51),"","N/A") -> N/A
A52: D38 | B52: As Item D36 but between 4.5 and 6.0m depth | C52: day | D52: Not Required | E52: =IF(ISNUMBER(D52),"","N/A") -> N/A
A53: D39 | B53: Provision of excavation plant, equipment and crew for machine-dug observation pit or trench as directed by the Investigation Supervisor, maximum depth 3.0m | C53: day | D53: Not Required | E53: =IF(ISNUMBER(D53),"","N/A") -> N/A
A54: D40 | B54: As Item D39 but between 3.0 and 4.5m depth | C54: day | D54: Not Required | E54: =IF(ISNUMBER(D54),"","N/A") -> N/A
A55: D41 | B55: As Item D39 but between 4.5 and 6.0m depth | C55: day | D55: Not Required | E55: =IF(ISNUMBER(D55),"","N/A") -> N/A
A56: D42 | B56: As Item D39 but for hand excavation | C56: day | D56: Not Required | E56: =IF(ISNUMBER(D56),"","N/A") -> N/A
A57: D43 | B57: Extra over Items D36 to D38 and D39 to D41 for breaking out hard strata or obstructions | C57: day | D57: To be included in item D13 to D15 | E57: =IF(ISNUMBER(D57),"","N/A") -> N/A
B59: General
A60: D44 | B60: Bring pump to the position of each exploratory pit or trench | C60: nr | D60: Not Required | E60: =IF(ISNUMBER(D60),"","N/A") -> N/A
A61: D45 | B61: Pump water from pit or trench | C61: h | D61: Not Required | E61: =IF(ISNUMBER(D61),"","N/A") -> N/A
A62: D46 | B62: Extra over Item D38 for temporary storage, treatment and disposal of contaminated groundwater from trial pit or trench | C62: Provisional Sum | D62: Not Required | E62: =IF(ISNUMBER(D62),"","N/A") -> N/A
A63: D47 | B63: Leave open observation pit or trench | C63: day | D63: Not Required | E63: =IF(ISNUMBER(D63),"","N/A") -> N/A
A64: D48 | B64: Leave open trial pit or trench | C64: day | D64: Not Required | E64: =IF(ISNUMBER(D64),"","N/A") -> N/A
B66: Trail pit / slit trench backfill & reinstatement works
A67: D49 | B67: Backfill trial pit or trench excavation with arisings/excavated materials | C67: nr | D67: Not Required | E67: =IF(ISNUMBER(D67),"","N/A") -> N/A
A68: D50 | B68: Reinstate grassed surface to include replacing of sod | C68: m² | D68: Included in Item D3 & D3.1 | E68: =IF(ISNUMBER(D68),"","N/A") -> N/A
A69: D50.2 | B69: Laying Turf Along Access Routes to Exploratory Holes | C69: m² | D69: Included in Item D3 & D3.1 | E69: =IF(ISNUMBER(D69),"","N/A") -> N/A
A70: D51 | B70: Backfill trenches, trial pits and inspection pits at exploratory hole locations in paved areas with imported granular fill (CL 804 sub-base) | C70: m3 | D70: Not Required | E70: =IF(ISNUMBER(D70),"","N/A") -> N/A
A71: D52 | B71: Backfill trenches, trial pits and inspection pits at exploratory hole locations in paved areas with CBGMB as Fig.A4.0 Method A of TII's CC-SPW-04007 | C71: m3 | D71: Not Required | E71: =IF(ISNUMBER(D71),"","N/A") -> N/A
A72: D53 | B72: Reinstatement of asphalt/bituminous pavement in accordance with TII's CC-SPW-04007. | C72: m² | D72: Not Required | E72: =IF(ISNUMBER(D72),"","N/A") -> N/A
A73: D54 | B73: Repair of road markings | C73: linear m | D73: Not Required | E73: =IF(ISNUMBER(D73),"","N/A") -> N/A
A74: D55 | B74: Disposal of excess or surplus inert arisings from trial pits or trenches (where imported granular fill or lean mix concrete is used as backfill) | C74: m3 | D74: To be included in item D51 and D52 | E74: =IF(ISNUMBER(D74),"","N/A") -> N/A
B76: Trackbed Inspection Pits
A77: D56 | B77: Move equipment on-track to the site of each inspection pit dismantle on completion and reinstate. | C77: nr | D77: 263 | E77: 600 | F77: =IFERROR(IF(ISNUMBER(D77),D77*E77,"-"),"") -> 157800
A78: D57 | B78: Extra over item D56 for setting to the site of exploratory hole over safety barrier or other fence or wall, set up, dismantle on completion and reinstate. | C78: nr | D78: Not Required
A79: D58 | B79: Extra over Item D56 for setting up on a slope of gradient greater than 20% | C79: nr | D79: Not Required
A80: D60 | B80: Excavate inspection pit between existing ground level and 1.2m depth using 300mm Clam Shell Bucket | C80: m | D80: 316 | E80: 50 | F80: =IFERROR(IF(ISNUMBER(D80),D80*E80,"-"),"") -> 15800
A81: D61 | B81: As Item D60 but between 3.0 and 4.5m depth | C81: m | D81: Not Required
A82: D62 | B82: Backfill and reinstate inspection pit with arisings/excavated materials and ballast in accordance with Iarnród Éireann Standards and as outlined in the Specification. | C82: nr | D82: 263 | E82: 100 | F82: =IFERROR(IF(ISNUMBER(D82),D82*E82,"-"),"") -> 26300
A83: D63 | B83: Standing time for excavation plant, equipment and crew for trackbed inspection pit (excl briefings and setup/dismantling of equipment) | C83: hr | D83: 15 | E83: 150 | F83: =IFERROR(IF(ISNUMBER(D83),D83*E83,"-"),"") -> 2250
B84: Daily provision of pitting crew and equipment
A85: D64 | B85: Provision of excavation plant equipment and crew for machine dug trial pits or trenches as directed by the Investigation Supervisor; maximum depth 3.0m | C85: day | D85: Rate Only | E85: 1000 | H85: Are all these to be included in BOQ?
A86: D65 | B86: As Item D64 but between 3.0 and 4.5m depth | C86: day | D86: Rate Only | E86: 1500
A87: D66 | B87: As Item D64 but in trackside locations (nightworks) | C87: day | D87: Rate Only | E87: 3000
A88: D67 | B88: Provision of excavation plant, equipment and crew for machine dug observation pit or trench as directed by the Investigation Supervisor (maximum depth 3.0m) | C88: day | D88: Rate Only | E88: 2500
A89: D68 | B89: As Item D67 between 3.0 and 4.5m depth | C89: day | D89: Rate Only | E89: 3000
A90: D69 | B90: As Item D67 but in trackside locations (daytime) | C90: day | D90: Rate Only | E90: 3500
A91: D70 | B91: As Item D67 but in trackside locations (nightworks) | C91: day | D91: Rate Only | E91: 4500
A92: D71 | B92: As Item D67 but for hand excavation up to 1.2m depth | C92: day | D92: Rate Only | E92: 1500
A93: D72 | B93: As Item D67 but for hand excavation up to 1.2m depth (trackside) | C93: day | D93: Rate Only | E93: 2500
A94: D73 | B94: As Item D67 but for vacuum excavation | C94: day | D94: Rate Only | E94: 2250
A95: D74 | B95: As Item D67 but for vacuum excavation (trackside) | C95: day | D95: Rate Only | E95: 3750
A96: D75 | B96: Extra over Items D64-65 & D67-D74 for breaking out hard strata or obstructions | C96: day | D96: Rate Only | E96: 500
B97: Hand Excavated Trial Pits
A98: D76 | B98: Provision of two man crew for hand excavated trial pits at bridge abutments, retaining walls and tunnel sidewalls up to 1.2m in depth with CAT scan prior to excavation and as progress plus hand vane tests, including all plant, equipment and services, midweek day time working, 8 hours working shift | C98: day | D98: Rate Only | E98: 1500
A99: D77 | B99: As item D76 but for midweek night time shift, 8 hours working shift with provision of all equipment (trolleys, lighting and all other equipment for night time working) | C99: day | D99: Rate Only | E99: 2500
A100: D78 | B100: As item D76 but for weekend day time shift, 8 hours working shift | C100: day | D100: Rate Only | E100: 2000
A101: D79 | B101: As item D76 but for weekend night time shift, 8 hours working shift with provision of all equipment (trolleys, lighting and all other equipment for night time working) | C101: day | D101: Rate Only | E101: 3000
A102: D80 | B102: Provision of two man crew for hand excavated trial pit on track up to 1.2m in depth with CAT scan prior to excavation and as progress plus hand vane tests and TRL Probes including all plant, equipment and services, midweek day time working, 8 hours working shift | C102: day | D102: Rate Only | E102: 2500
A103: D81 | B103: As item D80 but for midweek night time shift, 8 hours working shift with provision of all equipment (trolleys, lighting and all other equipment for night time working) | C103: day | D103: Rate Only | E103: 3500
A104: D82 | B104: As item D80 but for weekend day time shift, 8 hours working shift | C104: day | D104: Rate Only | E104: 4000
A105: D83 | B105: As item D80 but for weekend night time shift, 8 hours working shift with provision of all equipment (trolleys, lighting and all other equipment for night time working) | C105: day | D105: Rate Only | E105: 5000
B106: General
A107: D84 | B107: Bring pump to the position of each exploratory pit or trench | C107: nr | D107: Rate Only | E107: 250
A108: D77 | B108: Pump water from pit or trench | C108: h | D108: Rate Only | E108: 50
A109: D78 | B109: Extra over Item D45 for temporary storage and disposal of contaminated groundwater from trial pit or trench | C109: sum | D109: Rate Only | E109: 1500
A110: D79 | B110: Leave open observation pit or slit trench as instructed by Investigation Supervisor | C110: day | D110: Rate Only | E110: 500
...

Sheet Section E
A2: Number | B2: Item description | C2: Unit | D2: Quantity | E2: Rate | F2: Amount
E3: € | F3: €
A4: E | B4: Sampling and monitoring during intrusive investigation
B5: Samples for geotechnical purposes
A6: E1 | B6: Jar sample | C6: nr | D6: Not Required | E6: =IF(ISNUMBER(D6),"","N/A") -> N/A | F6: =IFERROR(IF(ISNUMBER(D6),D6*E6,"-"),"") -> -
A7: E2 | B7: Tub sample | C7: nr | D7: 2456 | E7: 5 | F7: =IFERROR(IF(ISNUMBER(D7),D7*E7,"-"),"") -> 12280
A8: E3 | B8: Bulk sample | C8: nr | D8: =D7 -> 2456 | E8: 5 | F8: =IFERROR(IF(ISNUMBER(D8),D8*E8,"-"),"") -> 12280
A9: E4 | B9: Large bulk disturbed sample | C9: nr | D9: 50 | E9: 5 | F9: =IFERROR(IF(ISNUMBER(D9),D9*E9,"-"),"") -> 250
A10: E5 | B10: Open tube- thick walled sample (0 to 10m depth) | C10: nr | D10: 158.2 | E10: 20 | F10: =IFERROR(IF(ISNUMBER(D10),D10*E10,"-"),"") -> 3164
A11: E6 | B11: Open tube- thin walled sample (0 to 10m depth) | C11: nr | D11: 79.1 | E11: 20 | F11: =IFERROR(IF(ISNUMBER(D11),D11*E11,"-"),"") -> 1582
A12: E7 | B12: Piston sample (0 to 10m depth) | C12: nr | D12: 40 | E12: 40 | F12: =IFERROR(IF(ISNUMBER(D12),D12*E12,"-"),"") -> 1600
A13: E8.1 | B13: Extra over rate for item E5 in depth range 10m to 20m | C13: sum | D13: 10 | E13: 5 | F13: =IFERROR(IF(ISNUMBER(D13),D13*E13,"-"),"") -> 50
A14: E8.2 | B14: Extra over rate for item E6 in depth range 10m to 20m | C14: sum | D14: 10 | E14: 5 | F14: =IFERROR(IF(ISNUMBER(D14),D14*E14,"-"),"") -> 50
A15: E8.3 | B15: Extra over rate for item E7 in depth range 20m to 30m | C15: sum | D15: Not Required | E15: 5 | F15: =IFERROR(IF(ISNUMBER(D15),D15*E15,"-"),"") -> -
A16: E9 | B16: Groundwater sample | C16: nr | D16: 50 | E16: 5 | F16: =IFERROR(IF(ISNUMBER(D16),D16*E16,"-"),"") -> 250
A17: E10 | B17: Ground Gas sample | C17: nr | D17: Not Required | E17: =IF(ISNUMBER(D17),"","N/A") -> N/A | F17: =IFERROR(IF(ISNUMBER(D17),D17*E17,"-"),"") -> -
A18: E11 | B18: Cut, prepare and protect core sub-sample | C18: nr | D18: 50 | E18: 5 | F18: =IFERROR(IF(ISNUMBER(D18),D18*E18,"-"),"") -> 250
B19: Samples for environmental / contamination analysis
A20: E12 | B20: Environmental / contamination sample for Suite E | C20: nr | D20: 280 | E20: 5 | F20: =IFERROR(IF(ISNUMBER(D20),D20*E20,"-"),"") -> 1400
A21: E13 | B21: Environmental / contamination sample for Suite F | C21: nr | D21: Not Required | E21: =IF(ISNUMBER(D21),"","N/A") -> N/A | F21: =IFERROR(IF(ISNUMBER(D21),D21*E21,"-"),"") -> -
A22: E14 | B22: Ground gas sample for Suite G | C22: nr | D22: Not Required | E22: N/A | F22: =IFERROR(IF(ISNUMBER(D22),D22*E22,"-"),"") -> -
A23: E15 | B23: Environmental / contamination sample for Suite H | C23: nr | D23: 10 | E23: 5 | F23: =IFERROR(IF(ISNUMBER(D23),D23*E23,"-"),"") -> 50
A24: E16 | B24: Environmental / contamination sample for Suite I | C24: nr | D24: 280 | E24: 5 | F24: =IFERROR(IF(ISNUMBER(D24),D24*E24,"-"),"") -> 1400
A25: E17 | B25: Other specialist environmental / contamination sampling as specified by Investigation Supervisor (Suite J) | C25: nr | D25: Not Required | E25: 5 | F25: =IFERROR(IF(ISNUMBER(D25),D25*E25,"-"),"") -> -
B27: (Note sample rate includes provision of specialist containers)
B28: Total Section E carried to summary: | F28: =IF(SUM(F6:F25)=0,"",SUM(F6:F27)) -> 34606

Sheet Section F
A2: Number | B2: Item description | C2: Unit | D2: Quantity | E2: Rate | F2: Amount
B3: On Track Works | E3: € | F3: €
A4: F | B4: Probing and cone penetration testing
B5: Dynamic probing (DPH)
A6: F1 | B6: Bring dynamic probe (DPH) equipment on-track to the site of each test location | C6: nr | D6: 95 | E6: 500 | F6: =IFERROR(IF(ISNUMBER(D6),D6*E6,"-"),"") -> 47500
A7: F2 | B7: Extra over Item F1 for setting up on a slope of gradient greater than 20% | C7: nr | D7: Not Required | E7: =IF(ISNUMBER(D7),"","N/A") -> N/A | F7: =IFERROR(IF(ISNUMBER(D7),D7*E7,"-"),"") -> -
A8: F3 | B8: Carry out dynamic probe test from existing ground level to 5m depth | C8: m | D8: 475 | E8: 10 | F8: =IFERROR(IF(ISNUMBER(D8),D8*E8,"-"),"") -> 4750
A9: F4 | B9: As Item F3 but between 5 and 10m depth | C9: m | D9: 50 | E9: 20 | F9: =IFERROR(IF(ISNUMBER(D9),D9*E9,"-"),"") -> 1000
A10: F5 | B10: As Item F3 but between 10 and 15m depth | C10: m | D10: Not Required | E10: =IF(ISNUMBER(D10),"","N/A") -> N/A | F10: =IFERROR(IF(ISNUMBER(D10),D10*E10,"-"),"") -> -
A11: F6 | B11: Standing time for dynamic probe test equipment and crew (excl briefings and setup/dismantling of equipment) | C11: h | D11: 10 | E11: 150 | F11: =IFERROR(IF(ISNUMBER(D11),D11*E11,"-"),"") -> 1500
A12: F7 | B12: Provision of dynamic probing equipment and crew for probing as directed by the Investigation Supervisor; maximum depth 10m | C12: day | D12: Not Required | E12: =IF(ISNUMBER(D12),"","N/A") -> N/A | F12: =IFERROR(IF(ISNUMBER(D12),D12*E12,"-"),"") -> -
B13: Cone penetration testing
A14: F8 | B14: Bring static cone penetration test equipment to the site of each test location | C14: nr | D14: Not Required | E14: =IF(ISNUMBER(D14),"","N/A") -> N/A | F14: =IFERROR(IF(ISNUMBER(D14),D14*E14,"-"),"") -> -
A15: F9 | B15: Extra over Item F8 for setting up on a slope of gradient greater than 20% | C15: nr | D15: Not Required | E15: =IF(ISNUMBER(D15),"","N/A") -> N/A | F15: =IFERROR(IF(ISNUMBER(D15),D15*E15,"-"),"") -> -
A16: F10 | B16: Carry out static cone penetration test measuring both cone and sleeve resistance from existing ground level to 10m depth | C16: m | D16: Not Required | E16: =IF(ISNUMBER(D16),"","N/A") -> N/A | F16: =IFERROR(IF(ISNUMBER(D16),D16*E16,"-"),"") -> -
A17: F11 | B17: As Item F10 but between 10 and 20m depth | C17: m | D17: Not Required | E17: =IF(ISNUMBER(D17),"","N/A") -> N/A | F17: =IFERROR(IF(ISNUMBER(D17),D17*E17,"-"),"") -> -
A18: F12 | B18: As Item F10 but between 20 and 30m depth | C18: m | D18: Not Required | E18: =IF(ISNUMBER(D18),"","N/A") -> N/A | F18: =IFERROR(IF(ISNUMBER(D18),D18*E18,"-"),"") -> -
A19: F13 | B19: As Item F10 but between 30 and 40m depth | C19: m | D19: Not Required | E19: =IF(ISNUMBER(D19),"","N/A") -> N/A | F19: =IFERROR(IF(ISNUMBER(D19),D19*E19,"-"),"") -> -
A20: F14 | B20: Extra over Items F10 to F13 for use of piezocone | C20: m | D20: Not Required | E20: =IF(ISNUMBER(D20),"","N/A") -> N/A | F20: =IFERROR(IF(ISNUMBER(D20),D20*E20,"-"),"") -> -
A21: F15 | B21: Extra over Items F10 to F13 for interpretation of CPT/CPTU data | C21: m | D21: Not Required | E21: =IF(ISNUMBER(D21),"","N/A") -> N/A | F21: =IFERROR(IF(ISNUMBER(D21),D21*E21,"-"),"") -> -
A22: F16 | B22: Carry out dissipation test up to 1 hour duration | C22: nr | D22: Not Required | E22: =IF(ISNUMBER(D22),"","N/A") -> N/A | F22: =IFERROR(IF(ISNUMBER(D22),D22*E22,"-"),"") -> -
A23: F17 | B23: Extra over Item F16 for test duration exceeding 1 hour | C23: h | D23: Not Required | E23: =IF(ISNUMBER(D23),"","N/A") -> N/A | F23: =IFERROR(IF(ISNUMBER(D23),D23*E23,"-"),"") -> -
A24: F18 | B24: Standing time for static cone penetration test equipment and crew | C24: h | D24: Not Required | E24: =IF(ISNUMBER(D24),"","N/A") -> N/A | F24: =IFERROR(IF(ISNUMBER(D24),D24*E24,"-"),"") -> -
A25: F19 | B25: Extra over Items F10 to F13 for use of seismic cone | C25: m | D25: Not Required | E25: =IF(ISNUMBER(D25),"","N/A") -> N/A | F25: =IFERROR(IF(ISNUMBER(D25),D25*E25,"-"),"") -> -
... A28: F22 | B28: Standing time for seismic cone test equipment and crew (excl briefings and setup/dismantling of equipment) | C28: h | D28: Not Required | E28: =IF(ISNUMBER(D28),"","N/A") -> N/A | F28: =IFERROR(IF(ISNUMBER(D28),D28*E28,"-"),"") -> -
B29: Total Section F carried to summary: | F29: =IF(SUM(F6:F28)=0,"",SUM(F6:F28)) -> 54750

Sheet Section G
A2: Number | B2: Item description | C2: Unit | D2: Quantity | E2: Rate | F2: Amount
B3: On Track Works | E3: € | F3: €
A4: G | B4: Geophysical testing
B5: Land-based mapping techniques
A6: G1 | B6: Conduct and process Ground Penetrating Radar (GPR) profiles to PAS 128 QL B1P as per the specification | C6: m² | D6: Not Required | E6: =IF(ISNUMBER(D6),"","N/A") -> N/A | F6: =IFERROR(IF(ISNUMBER(D6),D6*E6,"-"),"") -> -
A7: G2 | B7: Conduct and process electro magnetic conductivity (EMC) profiles | C7: ln m | D7: Not Required | E7: =IF(ISNUMBER(D7),"","N/A") -> N/A | F7: =IFERROR(IF(ISNUMBER(D7),D7*E7,"-"),"") -> -
A8: G3 | B8: Conduct and process electrical resistivity tomography (ERT) profiles | C8: ln m | D8: 6150 | E8: 25 | F8: =IFERROR(IF(ISNUMBER(D8),D8*E8,"-"),"") -> 153750
A9: G4 | B9: Conduct and process seismic refraction spreads (P or S wave) | C9: ln m | D9: 6150 | E9: 25 | F9: =IFERROR(IF(ISNUMBER(D9),D9*E9,"-"),"") -> 153750
A10: G5 | B10: Conduct and [rocess surface wave spreads (1D or 2D MASW) | C10: ln m | D10: Not Required | E10: =IF(ISNUMBER(D10),"","N/A") -> N/A | F10: =IFERROR(IF(ISNUMBER(D10),D10*E10,"-"),"") -> -
B11: Borehole geophysical surveying | D11: Not Required | E11: =IF(ISNUMBER(D11),"","N/A") -> N/A | F11: =IFERROR(IF(ISNUMBER(D11),D11*E11,"-"),"") -> -
A12: G6 | B12: Establish down-hole geophysical logging equipment and personnel to the site of each exploratory hole and set up at each location | C12: sum | D12: Not Required | E12: =IF(ISNUMBER(D12),"","N/A") -> N/A | F12: =IFERROR(IF(ISNUMBER(D12),D12*E12,"-"),"") -> -
A13: G7 | B13: Conduct and process down the hole calliper, natural gamma, resistivity, sonic, fluid, temperature, conductivity, and fluid flow logging | C13: m | D13: Not Required | E13: =IF(ISNUMBER(D13),"","N/A") -> N/A | F13: =IFERROR(IF(ISNUMBER(D13),D13*E13,"-"),"") -> -
A14: G8 | B14: Conduct and process cross-hole seismic readings at specified intervals | C14: nr | D14: Not Required | E14: =IF(ISNUMBER(D14),"","N/A") -> N/A | F14: =IFERROR(IF(ISNUMBER(D14),D14*E14,"-"),"") -> -
B15: Marine (overwater) geophysical surveying
A16: G9 | B16: Establish geophysical personnel and field equipment and demobilisation on completion | C16: sum | D16: Not Required | E16: =IF(ISNUMBER(D16),"","N/A") -> N/A | F16: =IFERROR(IF(ISNUMBER(D16),D16*E16,"-"),"") -> -
A17: G10 | B17: conduct and process echo sounding, side scan sonar, magnetic, sub-bottom profile surveying | C17: day | D17: Not Required | E17: =IF(ISNUMBER(D17),"","N/A") -> N/A | F17: =IFERROR(IF(ISNUMBER(D17),D17*E17,"-"),"") -> -
A18: Contract specific additional bill items
C19: day | D19: Not Required | E19: =IF(ISNUMBER(D19),"","N/A") -> N/A | F19: =IFERROR(IF(ISNUMBER(D19),D19*E19,"-"),"") -> -
B20: Total Section G carried to summary: | F20: =IF(SUM(F6:F19)=0,"",SUM(F6:F19)) -> 307500

Sheet Section H
A2: Number | B2: Item description | C2: Unit | D2: Quantity | E2: Rate | F2: Amount
E3: € | F3: €
A4: H | B4: In situ testing
A5: H1.1 | B5: Standard penetration test in percussive borehole, depth range 0 to 10m | C5: nr | D5: 540 | E5: 20 | F5: =IFERROR(IF(ISNUMBER(D5),D5*E5,"-"),"") -> 10800
A6: H1.2 | B6: Standard penetration test in percussive borehole, depth range 10 to 20m | C6: nr | D6: 190 | E6: 25 | F6: =IFERROR(IF(ISNUMBER(D6),D6*E6,"-"),"") -> 4750
A7: H1.3 | B7: Standard penetration test in percussive borehole, depth range 20 to 30m | C7: nr | D7: 55 | E7: 30 | F7: =IFERROR(IF(ISNUMBER(D7),D7*E7,"-"),"") -> 1650
A8: H1.4 | B8: Standard penetration test in percussive borehole, depth range 30 to 40m | C8: nr | D8: Not Required | E8: =IF(ISNUMBER(D8),"","N/A") -> N/A | F8: =IFERROR(IF(ISNUMBER(D8),D8*E8,"-"),"") -> -
A9: H1.5 | B9: Standard penetration test in Dynamic sampling (Window and Windowless Sampling), depth range 0 to 10m | C9: nr | D9: 950 | E9: 20 | F9: =IFERROR(IF(ISNUMBER(D9),D9*E9,"-"),"") -> 19000
A10: H2.1 | B10: Standard penetration test in rotary drillhole, depth range 0 to 10m | C10: nr | D10: 35 | E10: 30 | F10: =IFERROR(IF(ISNUMBER(D10),D10*E10,"-"),"") -> 1050
A11: H2.2 | B11: Standard penetration test in rotary drillhole, depth range 10 to 20m | C11: nr | D11: 280 | E11: 35 | F11: =IFERROR(IF(ISNUMBER(D11),D11*E11,"-"),"") -> 9800
A12: H2.3 | B12: Standard penetration test in rotary drillhole, depth range 20 to 30m | C12: nr | D12: 165 | E12: 40 | F12: =IFERROR(IF(ISNUMBER(D12),D12*E12,"-"),"") -> 6600
A13: H2.4 | B13: Standard penetration test in rotary drillhole, depth range 30 to 40m | C13: nr | D13: Not Required | E13: 50 | F13: =IFERROR(IF(ISNUMBER(D13),D13*E13,"-"),"") -> -
A14: H3 | B14: In-situ density testing | C14: nr | D14: Not Required | E14: =IF(ISNUMBER(D14),"","N/A") -> N/A | F14: =IFERROR(IF(ISNUMBER(D14),D14*E14,"-"),"") -> -
A15: H3.1 | B15: Small pouring cylinder method | C15: nr | D15: Not Required | E15: =IF(ISNUMBER(D15),"","N/A") -> N/A | F15: =IFERROR(IF(ISNUMBER(D15),D15*E15,"-"),"") -> -
A16: H3.2 | B16: Large pouring cylinder method | C16: nr | D16: Not Required | E16: =IF(ISNUMBER(D16),"","N/A") -> N/A | F16: =IFERROR(IF(ISNUMBER(D16),D16*E16,"-"),"") -> -
A17: H3.3 | B17: Water replacement method | C17: nr | D17: Not Required | E17: =IF(ISNUMBER(D17),"","N/A") -> N/A | F17: =IFERROR(IF(ISNUMBER(D17),D17*E17,"-"),"") -> -
A18: H3.4 | B18: Core cutter method | C18: nr | D18: Not Required | E18: =IF(ISNUMBER(D18),"","N/A") -> N/A | F18: =IFERROR(IF(ISNUMBER(D18),D18*E18,"-"),"") -> -
A19: H3.5 | B19: Nuclear gauge method | C19: day | D19: Not Required | E19: =IF(ISNUMBER(D19),"","N/A") -> N/A | F19: =IFERROR(IF(ISNUMBER(D19),D19*E19,"-"),"") -> -
A20: H4 | B20: California Bearing Ratio by plate bearing test by plunger method | C20: nr | D20: Not Required | E20: =IF(ISNUMBER(D20),"","N/A") -> N/A | F20: =IFERROR(IF(ISNUMBER(D20),D20*E20,"-"),"") -> -
A21: H4.1 | B21: California Bearing Ratio by Handheld TRL DCP method | C21: nr | D21: 263 | E21: 25 | F21: =IFERROR(IF(ISNUMBER(D21),D21*E21,"-"),"") -> 6575
A22: H5 | B22: Vane shear strength test in borehole / trial pit / trench | C22: nr | D22: Not Required | E22: =IF(ISNUMBER(D22),"","N/A") -> N/A | F22: =IFERROR(IF(ISNUMBER(D22),D22*E22,"-"),"") -> -
A23: H7 | B23: Hand penetrometer test (set of 3 readings) | C23: nr | D23: Not Required | E23: =IF(ISNUMBER(D23),"","N/A") -> N/A | F23: =IFERROR(IF(ISNUMBER(D23),D23*E23,"-"),"") -> -
A24: H8 | B24: Hand vane test (set of 3 readings) | C24: nr | D24: 263 | E24: 5 | F24: =IFERROR(IF(ISNUMBER(D24),D24*E24,"-"),"") -> 1315
B25: Other tests
A26: H9 | B26: In situ geophysical techniques (resistivity and redox potential) for earthing analysis | C26: nr | D26: 62 | E26: 250 | F26: =IFERROR(IF(ISNUMBER(D26),D26*E26,"-"),"") -> 15500
B27: Permeability testing
A28: H10 | B28: Set up, execute and dismantle variable head permeability test in cable percussive borehole | C28: hr | D28: Not Required | E28: =IF(ISNUMBER(D28),"","N/A") -> N/A | F28: =IFERROR(IF(ISNUMBER(D28),D28*E28,"-"),"") -> -
A29: H11 | B29: Set up, execute and dismantle constant head permeability test in cable percussive borehole | C29: hr | D29: Not Required | E29: =IF(ISNUMBER(D29),"","N/A") -> N/A | F29: =IFERROR(IF(ISNUMBER(D29),D29*E29,"-"),"") -> -
A30: H12 | B30: Set up, execute and dismantle variable head permeability test in rotary drillhole | C30: hr | D30: Not Required | E30: =IF(ISNUMBER(D30),"","N/A") -> N/A | F30: =IFERROR(IF(ISNUMBER(D30),D30*E30,"-"),"") -> -
A31: H13 | B31: Set up, execute and dismantle constant head permeability test in rotary drillhole | C31: hr | D31: Not Required | E31: =IF(ISNUMBER(D31),"","N/A") -> N/A | F31: =IFERROR(IF(ISNUMBER(D31),D31*E31,"-"),"") -> -
A32: H14 | B32: Set up, execute and dismantle variable head permeability test in standpipe or standpipe piezometer (rising or falling head test) | C32: hr | D32: Not Required | E32: =IF(ISNUMBER(D32),"","N/A") -> N/A | F32: =IFERROR(IF(ISNUMBER(D32),D32*E32,"-"),"") -> -
A33: H15 | B33: Set up and execute constant head permeability test in standpipe or standpipe piezometer | C33: hr | D33: Not Required | E33: =IF(ISNUMBER(D33),"","N/A") -> N/A | F33: =IFERROR(IF(ISNUMBER(D33),D33*E33,"-"),"") -> -
A34: H16 | B34: Set up and execute packer permeability test in rotary borehole (0 to 10m) | C34: hr | D34: Not Required | E34: =IF(ISNUMBER(D34),"","N/A") -> N/A | F34: =IFERROR(IF(ISNUMBER(D34),D34*E34,"-"),"") -> -
A35: H17 | B35: Set up and execute packer permeability test in rotary borehole (10 to 20m) | C35: hr | D35: Not Required | E35: =IF(ISNUMBER(D35),"","N/A") -> N/A | F35: =IFERROR(IF(ISNUMBER(D35),D35*E35,"-"),"") -> -
B36: Note: rates for permeability test in boreholes or rotary holes to include standing time rate for plant and equipment
B37: Soil infiltration test (BRE Digest 365)
A38: H18 | B38: Set up at each test location, excavate trial hole and prepare test area | C38: nr | D38: Not Required | E38: =IF(ISNUMBER(D38),"","N/A") -> N/A | F38: =IFERROR(IF(ISNUMBER(D38),D38*E38,"-"),"") -> -
A39: H19 | B39: Backfill test hole with clean imported gravel where excavation side walls are unstable | C39: m³ | D39: Not Required | E39: =IF(ISNUMBER(D39),"","N/A") -> N/A | F39: =IFERROR(IF(ISNUMBER(D39),D39*E39,"-"),"") -> -
A40: H20 | B40: Install 50mm standpipe in H18 to allow for monitoring of water levels | C40: nr | D40: Not Required | E40: =IF(ISNUMBER(D40),"","N/A") -> N/A | F40: =IFERROR(IF(ISNUMBER(D40),D40*E40,"-"),"") -> -
A41: H21 | B41: Carry out pre-soaking of test areas | C41: nr | D41: Not Required | E41: =IF(ISNUMBER(D41),"","N/A") -> N/A | F41: =IFERROR(IF(ISNUMBER(D41),D41*E41,"-"),"") -> -
A42: H22 | B42: Carry out soakaway tests in accordance with BRE Digest 365 (3 cycles) | C42: nr | D42: Not Required | E42: =IF(ISNUMBER(D42),"","N/A") -> N/A | F42: =IFERROR(IF(ISNUMBER(D42),D42*E42,"-"),"") -> -
A43: H23 | B43: Provision of water supply for infiltration testing | C43: sum | D43: Not Required | E43: =IF(ISNUMBER(D43),"","N/A") -> N/A | F43: =IFERROR(IF(ISNUMBER(D43),D43*E43,"-"),"") -> -
A44: H24 | B44: Protection and temporary fencing of works area as instructed by Investigation Supervisor | C44: nr | D44: Not Required | E44: =IF(ISNUMBER(D44),"","N/A") -> N/A | F44: =IFERROR(IF(ISNUMBER(D44),D44*E44,"-"),"") -> -
A45: H25 | B45: Calculation of infiltration rate for each test location | C45: nr | D45: Not Required | E45: =IF(ISNUMBER(D45),"","N/A") -> N/A | F45: =IFERROR(IF(ISNUMBER(D45),D45*E45,"-"),"") -> -
B46: Soil infiltration test (EPA Percolation test)
A47: H26 | B47: Set up at each test location, excavate trial hole and prepare test area | C47: nr | D47: Not Required | E47: =IF(ISNUMBER(D47),"","N/A") -> N/A | F47: =IFERROR(IF(ISNUMBER(D47),D47*E47,"-"),"") -> -
A48: H27 | B48: Carry out infiltration tests in accordance with EPA Guidelines (test to be carried out by an approved Engineer / Geologist in accordance with EPA requirements) | C48: nr | D48: Not Required | E48: =IF(ISNUMBER(D48),"","N/A") -> N/A | F48: =IFERROR(IF(ISNUMBER(D48),D48*E48,"-"),"") -> -
A49: H28 | B49: Provide report on percolation test (by Chartered Engineer or Professional Geologist) | C49: sum | D49: Not Required | E49: =IF(ISNUMBER(D49),"","N/A") -> N/A | F49: =IFERROR(IF(ISNUMBER(D49),D49*E49,"-"),"") -> -
B50: Plate Bearing Test
A51: H29 | B51: Set up at each plate test location to include kentledge / reaction weight and carry out plate test using a 300mm diameter plate. Test in accordance with NRA SRW CL642 | C51: nr | D51: Not Required | E51: =IF(ISNUMBER(D51),"","N/A") -> N/A | F51: =IFERROR(IF(ISNUMBER(D51),D51*E51,"-"),"") -> -
A52: H30 | B52: Set up at each plate test location to include kentledge / reaction weight and carry out plate test using a 450mm diameter plate. Test in accordance with NRA SRW CL642 | C52: nr | D52: Not Required | E52: =IF(ISNUMBER(D52),"","N/A") -> N/A | F52: =IFERROR(IF(ISNUMBER(D52),D52*E52,"-"),"") -> -
A53: H31 | B53: Set up at each plate test location to include kentledge / reaction weight and carry out plate test using a 600mm diameter plate. Test in accordance with NRA SRW CL642 | C53: nr | D53: Not Required | E53: =IF(ISNUMBER(D53),"","N/A") -> N/A | F53: =IFERROR(IF(ISNUMBER(D53),D53*E53,"-"),"") -> -
A54: H32 | B54: Extra over Items H29-H31 for test durations in excess of 2 hours per location | C54: hr | D54: Not Required | E54: =IF(ISNUMBER(D54),"","N/A") -> N/A | F54: =IFERROR(IF(ISNUMBER(D54),D54*E54,"-"),"") -> -
A55: H33 | B55: Provide plate test report with load steelement plot and calculation of Ks and CBR valu to HD 25-26/10 | C55: nr | D55: Not Required | E55: =IF(ISNUMBER(D55),"","N/A") -> N/A | F55: =IFERROR(IF(ISNUMBER(D55),D55*E55,"-"),"") -> -
B56: Other specialist tests
A57: H34 | B57: Reading of free product level in borehole using an interface probe | C57: nr | D57: 10 | E57: 50 | F57: =IFERROR(IF(ISNUMBER(D57),D57*E57,"-"),"") -> 500
A58: H35 | B58: Provide contamination screening test kits (per sample) | C58: nr | D58: Not Required | F58: =IFERROR(IF(ISNUMBER(D58),D58*E58,"-"),"") -> -
A59: H36 | B59: Carry out headspace testing on sample by FID or PID methods | C59: nr | D59: 10 | E59: 50 | F59: =IFERROR(IF(ISNUMBER(D59),D59*E59,"-"),"") -> 500
A60: H37 | B60: Self boring pressuremeter | C60: day | D60: Not Required | E60: =IF(ISNUMBER(D60),"","N/A") -> N/A | F60: =IFERROR(IF(ISNUMBER(D60),D60*E60,"-"),"") -> -
A61: H38 | B61: high pressure dilatometer | C61: day | D61: Not Required | E61: =IF(ISNUMBER(D61),"","N/A") -> N/A | F61: =IFERROR(IF(ISNUMBER(D61),D61*E61,"-"),"") -> -
A62: H39 | B62: Menard Presuremeter | C62: day | D62: Not Required | E62: =IF(ISNUMBER(D62),"","N/A") -> N/A | F62: =IFERROR(IF(ISNUMBER(D62),D62*E62,"-"),"") -> -
B64: Total H carried to summary: | F64: =IF(SUM(F5:F62)=0,"",SUM(F5:F62)) -> 78040

Sheet Section I
A2: Number | B2: Item description | C2: Unit | D2: Quantity | E2: Rate | F2: Amount
E3: € | F3: €
A4: I | B4: Instrumentation
B5: Standpipes and piezometers
A6: I1 | B6: Backfill exploratory hole with cement/bentonite grout or bentonite pellets | C6: m | D6: 164 | E6: 10 | F6: =IFERROR(IF(ISNUMBER(D6),D6*E6,"-"),"") -> 1640
A7: I2 | B7: Provide and install 19mm casagrande piezometer tip | C7: nr | D7: Not Required | E7: =IF(ISNUMBER(D7),"","N/A") -> N/A | F7: =IFERROR(IF(ISNUMBER(D7),D7*E7,"-"),"") -> -
A8: I3 | B8: Provide and install sand cell to I2 | C8: m | D8: Not Required | E8: =IF(ISNUMBER(D8),"","N/A") -> N/A | F8: =IFERROR(IF(ISNUMBER(D8),D8*E8,"-"),"") -> -
A9: I4 | B9: Provide and install 19mm casing/piezometer plain pipe | C9: m | D9: Not Required | E9: =IF(ISNUMBER(D9),"","N/A") -> N/A | F9: =IFERROR(IF(ISNUMBER(D9),D9*E9,"-"),"") -> -
A10: I5 | B10: Provide and install bentonite seals to I4 | C10: m | D10: Not Required | E10: =IF(ISNUMBER(D10),"","N/A") -> N/A | F10: =IFERROR(IF(ISNUMBER(D10),D10*E10,"-"),"") -> -
A11: I6 | B11: Provide and install propietary slotted standpipe (50mm internal diameter) | C11: m | D11: 260 | E11: 15 | F11: =IFERROR(IF(ISNUMBER(D11),D11*E11,"-"),"") -> 3900
A12: I7 | B12: Provide and install gravel pack to I6 | C12: m | D12: 260 | E12: 10 | F12: =IFERROR(IF(ISNUMBER(D12),D12*E12,"-"),"") -> 2600
A13: I8 | B13: Provide and install propietary casing / plain standpipe (50mm internal diameter) | C13: m | D13: 164 | E13: 15 | F13: =IFERROR(IF(ISNUMBER(D13),D13*E13,"-"),"") -> 2460
A14: I9 | B14: Provide and install bentonite seals to I8 | C14: m | D14: 11 | E14: 10 | F14: =IFERROR(IF(ISNUMBER(D14),D14*E14,"-"),"") -> 110
A15: I10 | B15: Provide and install slotted propietary standpipe (100mm internal diameter) | C15: m | D15: Not Required | E15: =IF(ISNUMBER(D15),"","N/A") -> N/A | F15: =IFERROR(IF(ISNUMBER(D15),D15*E15,"-"),"") -> -
A16: I11 | B16: Provide and install gravel pack to I10 | C16: m | D16: Not Required | E16: =IF(ISNUMBER(D16),"","N/A") -> N/A | F16: =IFERROR(IF(ISNUMBER(D16),D16*E16,"-"),"") -> -
A17: I12 | B17: Provide and install casing/plain standpipe (100mm internal diameter) | C17: m | D17: Not Required | E17: =IF(ISNUMBER(D17),"","N/A") -> N/A | F17: =IFERROR(IF(ISNUMBER(D17),D17*E17,"-"),"") -> -
A18: I13 | B18: Provide and install bentonite seals to I12 | C18: m | D18: Not Required | E18: =IF(ISNUMBER(D18),"","N/A") -> N/A | F18: =IFERROR(IF(ISNUMBER(D18),D18*E18,"-"),"") -> -
A19: I14 | B19: Provide an install end caps to I6 or I10 | C19: nr | D19: 44 | E19: 5 | F19: =IFERROR(IF(ISNUMBER(D19),D19*E19,"-"),"") -> 220
A20: I15 | B20: Provide and install quick release gas valve to I6 or I10 | C20: nr | D20: Not Required | E20: =IF(ISNUMBER(D20),"","N/A") -> N/A | F20: =IFERROR(IF(ISNUMBER(D20),D20*E20,"-"),"") -> -
A21: I16 | B21: Provide and install protective cover (flush) | C21: nr | D21: 21 | E21: 100 | F21: =IFERROR(IF(ISNUMBER(D21),D21*E21,"-"),"") -> 2100
A22: I17 | B22: Provide and install protective cover (raised) | C22: nr | D22: Not Required | E22: 100 | F22: =IFERROR(IF(ISNUMBER(D22),D22*E22,"-"),"") -> -
A23: I18 | B23: Extra over item I16 for heavy duty cover in pavements or highways | C23: nr | D23: 11 | E23: 150 | F23: =IFERROR(IF(ISNUMBER(D23),D23*E23,"-"),"") -> 1650
A24: I19 | B24: Supply and erect protective stock proof fencing around standpipe or piezometer installation | C24: nr | D24: Not Required | E24: =IF(ISNUMBER(D24),"","N/A") -> N/A | F24: =IFERROR(IF(ISNUMBER(D24),D24*E24,"-"),"") -> -
A25: I20 | B25: Supply and erect 1.5m high marker posts (3 x 1.5m) | C25: nr | D25: Not Required | E25: =IF(ISNUMBER(D25),"","N/A") -> N/A | F25: =IFERROR(IF(ISNUMBER(D25),D25*E25,"-"),"") -> -
B26: Standpipe and piezometer development / purging
A27: I21 | B27: Supply equipment and personnel to carry out purging | C27: sum | D27: 10 | E27: 250 | F27: =IFERROR(IF(ISNUMBER(D27),D27*E27,"-"),"") -> 2500
A28: I22 | B28: Develop all standpipes or piezometer by purging (3 well volumes) | C28: Sum | D28: 10 | E28: 100 | F28: =IFERROR(IF(ISNUMBER(D28),D28*E28,"-"),"") -> 1000
A29: I23 | B29: As item I22 but by airlift pumping | C29: nr | D29: Not Required | E29: =IF(ISNUMBER(D29),"","N/A") -> N/A | F29: =IFERROR(IF(ISNUMBER(D29),D29*E29,"-"),"") -> -
A30: I24 | B30: As item I22 but by over pumping | C30: Sum | D30: 10 | E30: 150 | F30: =IFERROR(IF(ISNUMBER(D30),D30*E30,"-"),"") -> 1500
A31: I25 | B31: As item I22 but by jetting | C31: nr | D31: Not Required | E31: =IF(ISNUMBER(D31),"","N/A") -> N/A | F31: =IFERROR(IF(ISNUMBER(D31),D31*E31,"-"),"") -> -
A32: I26 | B32: Disposal of purged water | C32: litre | D32: Not Required | E32: =IF(ISNUMBER(D32),"","N/A") -> N/A | F32: =IFERROR(IF(ISNUMBER(D32),D32*E32,"-"),"") -> -
B33: Inclinometer
A34: I27 | B34: Supply and install inclinometer tubing in exploratory hole (not including forming/drilling of borehole) | C34: m | D34: Not Required | E34: =IF(ISNUMBER(D34),"","N/A") -> N/A | F34: =IFERROR(IF(ISNUMBER(D34),D34*E34,"-"),"") -> -
A35: I28 | B35: Grout in place inclinometer in cable percussive or rotary borehole | C35: m³ | D35: Not Required | E35: =IF(ISNUMBER(D35),"","N/A") -> N/A | F35: =IFERROR(IF(ISNUMBER(D35),D35*E35,"-"),"") -> -
A36: I29 | B36: Provision of calibrated inclinometer read out unit for monitoring during investigation | C36: per week | D36: Not Required | E36: =IF(ISNUMBER(D36),"","N/A") -> N/A | F36: =IFERROR(IF(ISNUMBER(D36),D36*E36,"-"),"") -> -
A37: I30 | B37: Carry out base set of inclinometer readings in inclinometer and process | C37: hr | D37: Not Required | E37: =IF(ISNUMBER(D37),"","N/A") -> N/A | F37: =IFERROR(IF(ISNUMBER(D37),D37*E37,"-"),"") -> -
A38: I31 | B38: Provide and install protective cover (flush) | C38: nr | D38: Not Required | E38: =IF(ISNUMBER(D38),"","N/A") -> N/A | F38: =IFERROR(IF(ISNUMBER(D38),D38*E38,"-"),"") -> -
B39: Slip Indicator
A40: I32 | B40: Provdie and install protective cover (raised) slip indicators | C40: nr | D40: Not Required | E40: =IF(ISNUMBER(D40),"","N/A") -> N/A | F40: =IFERROR(IF(ISNUMBER(D40),D40*E40,"-"),"") -> -
A41: I33 | B41: Supply and install slip indicator in exploratory borehole, including brass probe (not including forming/drilling of borehole) | C41: m | D41: Not Required | E41: =IF(ISNUMBER(D41),"","N/A") -> N/A | F41: =IFERROR(IF(ISNUMBER(D41),D41*E41,"-"),"") -> -
A42: I34 | B42: Provide and install protective cover (flush) | C42: nr | D42: Not Required | E42: =IF(ISNUMBER(D42),"","N/A") -> N/A | F42: =IFERROR(IF(ISNUMBER(D42),D42*E42,"-"),"") -> -
A43: I35 | B43: Provide and install protective headwork cover (upraight) | C43: nr | D43: Not Required | E43: =IF(ISNUMBER(D43),"","N/A") -> N/A | F43: =IFERROR(IF(ISNUMBER(D43),D43*E43,"-"),"") -> -
B44: Total Section I carried to summary: | F44: =IF(SUM(F6:F43)=0,"",SUM(F6:F43)) -> 19680

Sheet Section J
A2: Number | B2: Item description | C2: Unit | D2: Quantity | E2: Rate | F2: Amount
E3: € | F3: €
A4: J | B4: Installation monitoring and sampling (during Fieldwork Period)
A5: J1 | B5: Reading of water level in standpipe or standpipe piezometer during fieldwork period | C5: Weekly | D5: 10 | E5: 250 | F5: =IFERROR(IF(ISNUMBER(D5),D5*E5,"-"),"") -> 2500
A6: J2 | B6: Ground gas measurement in gas monitoring standpipe during fieldwork period | C6: Weekly | D6: Not Required | E6: 250 | F6: =IFERROR(IF(ISNUMBER(D6),D6*E6,"-"),"") -> -
A7: J3 | B7: Provide Engineer or Geologist to take inclinometer readings as directed by Investigation Supervisor (per installation) | C7: nr | D7: Not Required | E7: =IF(ISNUMBER(D7),"","N/A") -> N/A | F7: =IFERROR(IF(ISNUMBER(D7),D7*E7,"-"),"") -> -
A8: J4 | B8: Provide Engineer or Geologist to take measurement of slip indicator (per installation) | C8: nr | D8: Not Required | E8: =IF(ISNUMBER(D8),"","N/A") -> N/A | F8: =IFERROR(IF(ISNUMBER(D8),D8*E8,"-"),"") -> -
A9: J5 | B9: Provide Engineer/Geologist to take water sample from all standpipes or standpipe piezometer (rate not including purging or micro purging) | C9: Sum | D9: 1 | E9: 500 | F9: =IFERROR(IF(ISNUMBER(D9),D9*E9,"-"),"") -> 500
A10: J6 | B10: Extra over Item J5 for purging or micro-purging in excess of 3 well volumes | C10: h | D10: 10 | E10: 25 | F10: =IFERROR(IF(ISNUMBER(D10),D10*E10,"-"),"") -> 250
A11: J7 | B11: Provide Engineer / Geologist to recover ground gas sample from gas monitoring standpipe | C11: nr | D11: Not Required | E11: 25 | F11: =IFERROR(IF(ISNUMBER(D11),D11*E11,"-"),"") -> -
A12: J8 | B12: Provide Engineer / Geologist to read free product level in standpipe using an interface probe | C12: nr | D12: 10 | E12: 25 | F12: =IFERROR(IF(ISNUMBER(D12),D12*E12,"-"),"") -> 250
B13: Installation monitoring and sampling (post Fieldwork Period)
A14: J9 | B14: Return visit to site following completion of fieldwork for field instrumentation | C14: Visits | D14: 4 | E14: 250 | F14: =IFERROR(IF(ISNUMBER(D14),D14*E14,"-"),"") -> 1000
A15: J10 | B15: Extra over Item J9 for groundwater measurements in all standpipes or standpipe piezometers during return visit | C15: Visits | D15: 4 | E15: 250 | F15: =IFERROR(IF(ISNUMBER(D15),D15*E15,"-"),"") -> 1000
A16: J11 | B16: Extra over Item J9 for ground gas measurements in all standpipe during return visit | C16: Visits | D16: 4 | E16: 250 | F16: =IFERROR(IF(ISNUMBER(D16),D16*E16,"-"),"") -> 1000
A17: J12 | B17: Extra over Item J9 for set of inclinometer readings per installation during return visit and report results | C17: nr | D17: Not Required | E17: =IF(ISNUMBER(D17),"","N/A") -> N/A | F17: =IFERROR(IF(ISNUMBER(D17),D17*E17,"-"),"") -> -
A18: J13 | B18: Extra over Item J9 to check for ground slippage in slip indicator installation during return visit to site | C18: nr | D18: Not Required | E18: =IF(ISNUMBER(D18),"","N/A") -> N/A | F18: =IFERROR(IF(ISNUMBER(D18),D18*E18,"-"),"") -> -
A19: J14 | B19: Extra over Item J9 for water sample from standpipe or standpipe piezometer during return visit to site, including purging 3 volumes or micro-purging up to 3.0 hours | C19: nr | D19: Not Required | E19: =IF(ISNUMBER(D19),"","N/A") -> N/A | F19: =IFERROR(IF(ISNUMBER(D19),D19*E19,"-"),"") -> -
A20: J15 | B20: Extra over Item J14 for purging or micro-purging in excess of 3.0 hours | C20: h | D20: Not Required | E20: =IF(ISNUMBER(D20),"","N/A") -> N/A | F20: =IFERROR(IF(ISNUMBER(D20),D20*E20,"-"),"") -> -
A21: J16 | B21: Extra over Item J9 for ground gas sample from gas monitoring standpipe during return visit to site | C21: nr | D21: Not Required | E21: =IF(ISNUMBER(D21),"","N/A") -> N/A | F21: =IFERROR(IF(ISNUMBER(D21),D21*E21,"-"),"") -> -
A22: J17 | B22: Extra over Item J9 for reading of free product level in standpipe using an interface probe during return visit to site | C22: nr | D22: Not Required | E22: =IF(ISNUMBER(D22),"","N/A") -> N/A | F22: =IFERROR(IF(ISNUMBER(D22),D22*E22,"-"),"") -> -
A23: J18 | B23: Provision of equipment to facilitate measuring of free product in Item J17 | C23: sum | D23: Not Required | E23: =IF(ISNUMBER(D23),"","N/A") -> N/A | F23: =IFERROR(IF(ISNUMBER(D23),D23*E23,"-"),"") -> -
A24: J19 | B24: Provide and install data logger to measure groundwater levels in standpipes | C24: nr | D24: Not Required | E24: =IF(ISNUMBER(D24),"","N/A") -> N/A | F24: =IFERROR(IF(ISNUMBER(D24),D24*E24,"-"),"") -> -
A25: J20 | B25: Provide baro logger to monitor air pressure for item J19 | C25: nr | D25: Not Required | E25: =IF(ISNUMBER(D25),"","N/A") -> N/A | F25: =IFERROR(IF(ISNUMBER(D25),D25*E25,"-"),"") -> -
A26: J21 | B26: Provide Engineer / Geologist to visit site to download and process data logger and baro logger | C26: day | D26: Not Required | E26: =IF(ISNUMBER(D26),"","N/A") -> N/A | F26: =IFERROR(IF(ISNUMBER(D26),D26*E26,"-"),"") -> -
B27: Surface water body sampling and testing
A28: J22 | B28: Surface water body sample taken during fieldwork period | C28: nr | D28: Not Required | E28: =IF(ISNUMBER(D28),"","N/A") -> N/A | F28: =IFERROR(IF(ISNUMBER(D28),D28*E28,"-"),"") -> -
A29: J23 | B29: Surface water body sample taken during return visit to site | C29: nr | D29: Not Required | E29: =IF(ISNUMBER(D29),"","N/A") -> N/A | F29: =IFERROR(IF(ISNUMBER(D29),D29*E29,"-"),"") -> -
A30: J24 | B30: Determination of dissolved oxygen, conductivity, pH and temperature of surface water body during fieldwork period | C30: nr | D30: Not Required | E30: =IF(ISNUMBER(D30),"","N/A") -> N/A | F30: =IFERROR(IF(ISNUMBER(D30),D30*E30,"-"),"") -> -
A31: J25 | B31: Determination of dissolved oxygen, conductivity, pH and temperature of surface water body during return visit to site | C31: nr | D31: Not Required | E31: =IF(ISNUMBER(D31),"","N/A") -> N/A | F31: =IFERROR(IF(ISNUMBER(D31),D31*E31,"-"),"") -> -
B32: Total Section J carried to summary: | F32: =IF(SUM(F5:F31)=0,"",SUM(F5:F31)) -> 6500

Sheet Section K
A2: Number | B2: Item description | C2: Unit | D2: Quantity | E2: Rate | F2: Amount
E3: € | F3: €
A4: K | B4: Geotechnical laboratory testing
A5: K1 | B5: Classification
A6: K1.1 | B6: Moisture content | C6: nr | D6: 2285 | E6: 5 | F6: =IFERROR(IF(ISNUMBER(D6),D6*E6,"-"),"") -> 11425
A7: K1.2 | B7: Liquid limit, plastic limit and plasticity index | C7: nr | D7: 699 | E7: 25 | F7: =IFERROR(IF(ISNUMBER(D7),D7*E7,"-"),"") -> 17475
A8: K1.3 | B8: Volumetric shrinkage | C8: nr | D8: Not Required | E8: =IF(ISNUMBER(D8),"","N/A") -> N/A | F8: =IFERROR(IF(ISNUMBER(D8),D8*E8,"-"),"") -> -
A9: K1.4 | B9: Linear shrinkage | C9: nr | D9: Not Required | E9: =IF(ISNUMBER(D9),"","N/A") -> N/A | F9: =IFERROR(IF(ISNUMBER(D9),D9*E9,"-"),"") -> -
A10: K1.5 | B10: Density by linear measurement | C10: nr | D10: Not Required | E10: =IF(ISNUMBER(D10),"","N/A") -> N/A | F10: =IFERROR(IF(ISNUMBER(D10),D10*E10,"-"),"") -> -
A11: K1.6 | B11: Density by immersion in water or water displacement | C11: nr | D11: Not Required | E11: =IF(ISNUMBER(D11),"","N/A") -> N/A | F11: =IFERROR(IF(ISNUMBER(D11),D11*E11,"-"),"") -> -
A12: K1.7 | B12: Dry density and saturation moisture content for chalk | C12: nr | D12: Not Required | E12: =IF(ISNUMBER(D12),"","N/A") -> N/A | F12: =IFERROR(IF(ISNUMBER(D12),D12*E12,"-"),"") -> -
A13: K1.8 | B13: Particle density by gas jar or pycnometer | C13: nr | D13: Not Required | E13: =IF(ISNUMBER(D13),"","N/A") -> N/A | F13: =IFERROR(IF(ISNUMBER(D13),D13*E13,"-"),"") -> -
A14: K1.9 | B14: Particle size distribution by wet sieving | C14: nr | D14: 554 | E14: 25 | F14: =IFERROR(IF(ISNUMBER(D14),D14*E14,"-"),"") -> 13850
A15: K1.10 | B15: Particle size distribution by dry sieving | C15: nr | D15: Not Required | E15: N/A | F15: =IFERROR(IF(ISNUMBER(D15),D15*E15,"-"),"") -> -
A16: K1.11 | B16: Sedimentation by pipette | C16: nr | D16: Not Required | E16: =IF(ISNUMBER(D16),"","N/A") -> N/A | F16: =IFERROR(IF(ISNUMBER(D16),D16*E16,"-"),"") -> -
A17: K1.12 | B17: Sedimentation by hydrometer | C17: nr | D17: 450 | E17: 35 | F17: =IFERROR(IF(ISNUMBER(D17),D17*E17,"-"),"") -> 15750
A19: K2 | B19: Chemical and electrochemical
A20: K2.1 | B20: Organic matter content | C20: nr | D20: 10 | E20: 10 | F20: =IFERROR(IF(ISNUMBER(D20),D20*E20,"-"),"") -> 100
A21: K2.2 | B21: Mass loss on ignition | C21: nr | D21: 10 | E21: 10 | F21: =IFERROR(IF(ISNUMBER(D21),D21*E21,"-"),"") -> 100
A22: K2.3 | B22: Sulphate content of acid extract from soil | C22: nr | D22: Not Required | E22: =IF(ISNUMBER(D22),"","N/A") -> N/A | F22: =IFERROR(IF(ISNUMBER(D22),D22*E22,"-"),"") -> -
A23: K2.4 | B23: Sulphate content of water extract from soil | C23: nr | D23: 250 | E23: 10 | F23: =IFERROR(IF(ISNUMBER(D23),D23*E23,"-"),"") -> 2500
A24: K2.5 | B24: Sulphate content of groundwater | C24: nr | D24: 50 | E24: 10 | F24: =IFERROR(IF(ISNUMBER(D24),D24*E24,"-"),"") -> 500
A25: K2.6 | B25: Carbonate content by rapid titration | C25: nr | D25: Not Required | E25: =IF(ISNUMBER(D25),"","N/A") -> N/A | F25: =IFERROR(IF(ISNUMBER(D25),D25*E25,"-"),"") -> -
A26: K2.7 | B26: Carbonate content by gravimetric method | C26: nr | D26: Not Required | E26: =IF(ISNUMBER(D26),"","N/A") -> N/A | F26: =IFERROR(IF(ISNUMBER(D26),D26*E26,"-"),"") -> -
A27: K2.8 | B27: Water soluble chloride content | C27: nr | D27: Not Required | E27: =IF(ISNUMBER(D27),"","N/A") -> N/A | F27: =IFERROR(IF(ISNUMBER(D27),D27*E27,"-"),"") -> -
A28: K2.9 | B28: Acid soluble chloride content | C28: nr | D28: Not Required | E28: =IF(ISNUMBER(D28),"","N/A") -> N/A | F28: =IFERROR(IF(ISNUMBER(D28),D28*E28,"-"),"") -> -
A29: K2.10 | B29: Total sulphur content | C29: nr | D29: 10 | E29: 10 | F29: =IFERROR(IF(ISNUMBER(D29),D29*E29,"-"),"") -> 100
A30: K2.11 | B30: Total dissolved solids | C30: nr | D30: Not Required | E30: =IF(ISNUMBER(D30),"","N/A") -> N/A | F30: =IFERROR(IF(ISNUMBER(D30),D30*E30,"-"),"") -> -
A31: K2.12 | B31: pH value | C31: nr | D31: 250 | E31: 5 | F31: =IFERROR(IF(ISNUMBER(D31),D31*E31,"-"),"") -> 1250
A32: K2.13 | B32: Resistivity | C32: nr | D32: 62 | E32: 50 | F32: =IFERROR(IF(ISNUMBER(D32),D32*E32,"-"),"") -> 3100
A33: K2.14 | B33: Redox potential | C33: nr | D33: Not Required | E33: =IF(ISNUMBER(D33),"","N/A") -> N/A | F33: =IFERROR(IF(ISNUMBER(D33),D33*E33,"-"),"") -> -
A35: K3 | B35: Compaction related
A36: K3.1 | B36: Dry density/moisture content relationship using 2.5 kg rammer | C36: nr | D36: 10 | E36: 50 | F36: =IFERROR(IF(ISNUMBER(D36),D36*E36,"-"),"") -> 500
A37: K3.2 | B37: Dry density/moisture content relationship using 4.5 kg rammer | C37: nr | D37: Not Required | E37: =IF(ISNUMBER(D37),"","N/A") -> N/A | F37: =IFERROR(IF(ISNUMBER(D37),D37*E37,"-"),"") -> -
A38: K3.3 | B38: Dry density/moisture content relationship using vibrating hammer | C38: nr | D38: Not Required | E38: =IF(ISNUMBER(D38),"","N/A") -> N/A | F38: =IFERROR(IF(ISNUMBER(D38),D38*E38,"-"),"") -> -
A39: K3.4 | B39: Extra over Items K3.1, K3.2 and K3.3 for use of CBR mould | C39: nr | D39: Not Required | E39: =IF(ISNUMBER(D39),"","N/A") -> N/A | F39: =IFERROR(IF(ISNUMBER(D39),D39*E39,"-"),"") -> -
A40: K3.6 | B40: Moisture Condition Value at natural moisture content | C40: nr | D40: 50 | E40: 20 | F40: =IFERROR(IF(ISNUMBER(D40),D40*E40,"-"),"") -> 1000
A41: K3.7 | B41: Moisture Condition Value/moisture content relationship (five points) | C41: nr | D41: 50 | E41: 50 | F41: =IFERROR(IF(ISNUMBER(D41),D41*E41,"-"),"") -> 2500
A42: K3.8 | B42: Chalk crushing value | C42: nr | D42: Not Required | E42: =IF(ISNUMBER(D42),"","N/A") -> N/A | F42: =IFERROR(IF(ISNUMBER(D42),D42*E42,"-"),"") -> -
A43: K3.9 | B43: California Bearing Ratio on re-compacted disturbed sample | C43: nr | D43: 25 | E43: 30 | F43: =IFERROR(IF(ISNUMBER(D43),D43*E43,"-"),"") -> 750
A44: K3.9.1 | B44: Extra over for recompacting a soil sample to a specified moisture content | C44: nr | D44: Not Required | E44: =IF(ISNUMBER(D44),"","N/A") -> N/A | F44: =IFERROR(IF(ISNUMBER(D44),D44*E44,"-"),"") -> -
A45: K3.10 | B45: Extra over Item K3.9 for soaking | C45: day | D45: 10 | E45: 12.5 | F45: =IFERROR(IF(ISNUMBER(D45),D45*E45,"-"),"") -> 125
A47: K4 | B47: Compressibility, permeability and durability
A48: K4.1 | B48: One-dimensional consolidation properties, test period 5 days | C48: nr | D48: 105 | E48: 75 | F48: =IFERROR(IF(ISNUMBER(D48),D48*E48,"-"),"") -> 7875
A49: K4.2 | B49: Extra over Item K4.1 for test period in excess of 5 days | C49: day | D49: 10 | E49: 25 | F49: =IFERROR(IF(ISNUMBER(D49),D49*E49,"-"),"") -> 250
A50: K4.3 | B50: Measurements of swelling pressure, test period 2 days | C50: nr | D50: Not Required | E50: =IF(ISNUMBER(D50),"","N/A") -> N/A | F50: =IFERROR(IF(ISNUMBER(D50),D50*E50,"-"),"") -> -
A51: K4.4 | B51: Measurement of swelling, test period 2 days | C51: nr | D51: Not Required | E51: =IF(ISNUMBER(D51),"","N/A") -> N/A | F51: =IFERROR(IF(ISNUMBER(D51),D51*E51,"-"),"") -> -
A52: K4.5 | B52: Measurement of settlement on saturation, test period 1 day | C52: nr | D52: Not Required | E52: =IF(ISNUMBER(D52),"","N/A") -> N/A | F52: =IFERROR(IF(ISNUMBER(D52),D52*E52,"-"),"") -> -
A53: K4.6 | B53: Extra over Items K4.3 to K4.5 for test period in excess of 2 or 1 day (s) | C53: day | D53: Not Required | E53: =IF(ISNUMBER(D53),"","N/A") -> N/A | F53: =IFERROR(IF(ISNUMBER(D53),D53*E53,"-"),"") -> -
A54: K4.7 | B54: Permeability by constant head method | C54: nr | D54: Not Required | E54: =IF(ISNUMBER(D54),"","N/A") -> N/A | F54: =IFERROR(IF(ISNUMBER(D54),D54*E54,"-"),"") -> -
A55: K4.8 | B55: Dispersibility by pinhole method | C55: nr | D55: Not Required | E55: =IF(ISNUMBER(D55),"","N/A") -> N/A | F55: =IFERROR(IF(ISNUMBER(D55),D55*E55,"-"),"") -> -
A56: K4.9 | B56: Dispersibility by crumb method | C56: nr | D56: Not Required | E56: =IF(ISNUMBER(D56),"","N/A") -> N/A | F56: =IFERROR(IF(ISNUMBER(D56),D56*E56,"-"),"") -> -
A57: K4.10 | B57: Dispersibility by dispersion method | C57: nr | D57: Not Required | E57: =IF(ISNUMBER(D57),"","N/A") -> N/A | F57: =IFERROR(IF(ISNUMBER(D57),D57*E57,"-"),"") -> -
A58: K4.11 | B58: Frost heave of soil | C58: nr | D58: Not Required | E58: =IF(ISNUMBER(D58),"","N/A") -> N/A | F58: =IFERROR(IF(ISNUMBER(D58),D58*E58,"-"),"") -> -
A59: K5 | B59: Consolidation and permeability in hydraulic cells | C59: nr | D59: Not Required | E59: =IF(ISNUMBER(D59),"","N/A") -> N/A | F59: =IFERROR(IF(ISNUMBER(D59),D59*E59,"-"),"") -> -
A60: K5.1 | B60: Consolidation properties of a 76mm diameter specimen using a hydraulic cell, test period 4 days | C60: nr | D60: Not Required | E60: =IF(ISNUMBER(D60),"","N/A") -> N/A | F60: =IFERROR(IF(ISNUMBER(D60),D60*E60,"-"),"") -> -
A61: K5.2 | B61: As Item K5.1 but using a 100mm diameter specimen | C61: nr | D61: Not Required | E61: =IF(ISNUMBER(D61),"","N/A") -> N/A | F61: =IFERROR(IF(ISNUMBER(D61),D61*E61,"-"),"") -> -
... A73: K5.14 | B73: Extra over Item K5.13 for test period in excess of 4 days | C73: day | D73: Not Required | E73: =IF(ISNUMBER(D73),"","N/A") -> N/A | F73: =IFERROR(IF(ISNUMBER(D73),D73*E73,"-"),"") -> -
A75: K6 | B75: Shear strength (total stress)
A76: K6.1 | B76: Shear strength by the laboratory vane method (set of 3) | C76: nr | D76: 25 | E76: =IF(ISNUMBER(D76),"","N/A") | F76: =IFERROR(IF(ISNUMBER(D76),D76*E76,"-"),"")
A77: K6.2 | B77: Shear strength by hand vane (set of 3) | C77: nr | D77: 25 | E77: 5 | F77: =IFERROR(IF(ISNUMBER(D77),D77*E77,"-"),"") -> 125
A78: K6.3 | B78: Shear strength by hand penetrometer (set of 3) | C78: nr | D78: Not Required | E78: =IF(ISNUMBER(D78),"","N/A") -> N/A | F78: =IFERROR(IF(ISNUMBER(D78),D78*E78,"-"),"") -> -
A79: K6.4 | B79: Shear strength of a set of three 60mm × 60mm square specimens by direct shear, test duration not exceeding 1 day per specimen | C79: nr | D79: Not Required | E79: =IF(ISNUMBER(D79),"","N/A") -> N/A | F79: =IFERROR(IF(ISNUMBER(D79),D79*E79,"-"),"") -> -
A80: K6.5 | B80: Extra over Item K6.4 for test durations in excess of 1 day per specimen | C80: sp.day | D80: Not Required | E80: =IF(ISNUMBER(D80),"","N/A") -> N/A | F80: =IFERROR(IF(ISNUMBER(D80),D80*E80,"-"),"") -> -
A81: K6.6 | B81: Shear strength of a single 300mm × 300mm square specimen by direct shear, test duration not exceeding 1 day | C81: nr | D81: Not Required | E81: =IF(ISNUMBER(D81),"","N/A") -> N/A | F81: =IFERROR(IF(ISNUMBER(D81),D81*E81,"-"),"") -> -
A82: K6.7 | B82: Extra over Item K6.6 for test durations in excess of 1 day | C82: day | D82: Not Required | E82: =IF(ISNUMBER(D82),"","N/A") -> N/A | F82: =IFERROR(IF(ISNUMBER(D82),D82*E82,"-"),"") -> -
A83: K6.8 | B83: Residual shear strength of a set of three 60mm × 60mm square specimens by direct shear, test duration not exceeding 4 days per specimen | C83: nr | D83: Not Required | E83: =IF(ISNUMBER(D83),"","N/A") -> N/A | F83: =IFERROR(IF(ISNUMBER(D83),D83*E83,"-"),"") -> -
A84: K6.9 | B84: Extra over Item K6.8 for test durations in excess of 4 days per specimen | C84: sp.day | D84: Not Required | E84: =IF(ISNUMBER(D84),"","N/A") -> N/A | F84: =IFERROR(IF(ISNUMBER(D84),D84*E84,"-"),"") -> -
A85: K6.10 | B85: Residual shear strength of a 300mm square specimen by direct shear, test duration not exceeding 4 days | C85: nr | D85: Not Required | E85: =IF(ISNUMBER(D85),"","N/A") -> N/A | F85: =IFERROR(IF(ISNUMBER(D85),D85*E85,"-"),"") -> -
A86: K6.11 | B86: Extra over Item K6. 10 for test duration in excess day of 4 days | C86: day | D86: Not Required | E86: =IF(ISNUMBER(D86),"","N/A") -> N/A | F86: =IFERROR(IF(ISNUMBER(D86),D86*E86,"-"),"") -> -
A87: K6.12 | B87: Residual shear strength using the small ring shear apparatus at three normal pressures, test duration not exceeding 4 days | C87: nr | D87: Not Required | E87: =IF(ISNUMBER(D87),"","N/A") -> N/A | F87: =IFERROR(IF(ISNUMBER(D87),D87*E87,"-"),"") -> -
A88: K6.13 | B88: Extra over Item K6.12 for test duration in excess of 4 days | C88: day | D88: Not Required | E88: =IF(ISNUMBER(D88),"","N/A") -> N/A | F88: =IFERROR(IF(ISNUMBER(D88),D88*E88,"-"),"") -> -
A89: K6.14 | B89: Unconfined compressive strength of 38mm diameter specimen | C89: nr | D89: Not Required | E89: =IF(ISNUMBER(D89),"","N/A") -> N/A | F89: =IFERROR(IF(ISNUMBER(D89),D89*E89,"-"),"") -> -
A90: K6.15 | B90: Undrained shear strength of a set of three 38mm diameter specimens in triaxial compression without the measurement of pore pressure | C90: nr | D90: 110 | E90: 30 | F90: =IFERROR(IF(ISNUMBER(D90),D90*E90,"-"),"") -> 3300
A91: K6.16 | B91: Undrained strength of a single 100mm diameter specimen in triaxial compression without the measurement of pore pressure | C91: nr | D91: 110 | E91: 35 | F91: =IFERROR(IF(ISNUMBER(D91),D91*E91,"-"),"") -> 3850
A92: K6.17 | B92: Undrained shear strength of a single 100mm diameter specimen in triaxial compression with multi-stage loading and without measurement of pore pressure | C92: nr | D92: 110 | E92: 40 | F92: =IFERROR(IF(ISNUMBER(D92),D92*E92,"-"),"") -> 4400
A93: K7 | B93: Shear strength (effective stress)
A94: K7.1 | B94: Consolidated undrained triaxial compression test with measurement of pore pressure (set of three 38mm specimens), test duration not exceeding 4 days per specimen | C94: nr | D94: 30 | E94: 75 | F94: =IFERROR(IF(ISNUMBER(D94),D94*E94,"-"),"") -> 2250
A95: K7.2 | B95: As K7.1 but single-stage or multi-stage test using 100mm diameter specimen | C95: nr | D95: 30 | E95: 100 | F95: =IFERROR(IF(ISNUMBER(D95),D95*E95,"-"),"") -> 3000
A96: K7.3 | B96: Consolidated drained triaxial compression test with measurement of volume change (set of three 38mm specimens), test duration not exceeding 4 days per specimen | C96: nr | D96: 30 | E96: 125 | F96: =IFERROR(IF(ISNUMBER(D96),D96*E96,"-"),"") -> 3750
A97: K7.4 | B97: As Item K7.3 but single-stage or multi-stage test using 100mm diameter specimen, test duration not exceeding 4 days | C97: nr | D97: 30 | E97: 125 | F97: =IFERROR(IF(ISNUMBER(D97),D97*E97,"-"),"") -> 3750
A98: K7.5 | B98: Extra over Items K7.1 and K7.3 for test duration in excess of 4 days per specimen | C98: sp.day | D98: 10 | E98: 12.5 | F98: =IFERROR(IF(ISNUMBER(D98),D98*E98,"-"),"") -> 125
A99: K7.6 | B99: Extra over Items K7.2 and K7.4 for test duration in excess of 4 days | C99: day | D99: Not Required | E99: =IF(ISNUMBER(D99),"","N/A") -> N/A | F99: =IFERROR(IF(ISNUMBER(D99),D99*E99,"-"),"") -> -
A101: K8 | B101: Rock testing
A102: K8.1 | B102: Natural water content of rock sample | C102: nr | D102: Not Required | E102: =IF(ISNUMBER(D102),"","N/A") -> N/A | F102: =IFERROR(IF(ISNUMBER(D102),D102*E102,"-"),"") -> -
A103: K8.2 | B103: Porosity/density using saturation and calliper techniques | C103: nr | D103: Not Required | E103: =IF(ISNUMBER(D103),"","N/A") -> N/A | F103: =IFERROR(IF(ISNUMBER(D103),D103*E103,"-"),"") -> -
A104: K8.3 | B104: Porosity/density using saturation and buoyancy | C104: nr | D104: Not Required | E104: =IF(ISNUMBER(D104),"","N/A") -> N/A | F104: =IFERROR(IF(ISNUMBER(D104),D104*E104,"-"),"") -> -
A105: K8.4 | B105: Slake durability index | C105: nr | D105: Not Required | E105: =IF(ISNUMBER(D105),"","N/A") -> N/A | F105: =IFERROR(IF(ISNUMBER(D105),D105*E105,"-"),"") -> -
A106: K8.5 | B106: Soundness by magnesium sulphate | C106: nr | D106: Not Required | E106: =IF(ISNUMBER(D106),"","N/A") -> N/A | F106: =IFERROR(IF(ISNUMBER(D106),D106*E106,"-"),"") -> -
A107: K8.6 | B107: Magnesium sulphate test | C107: nr | D107: Not Required | E107: =IF(ISNUMBER(D107),"","N/A") -> N/A | F107: =IFERROR(IF(ISNUMBER(D107),D107*E107,"-"),"") -> -
A108: K8.7 | B108: Shore scleroscope | C108: nr | D108: Not Required | E108: =IF(ISNUMBER(D108),"","N/A") -> N/A | F108: =IFERROR(IF(ISNUMBER(D108),D108*E108,"-"),"") -> -
A109: K8.8 | B109: Schmidt rebound hardness | C109: nr | D109: Not Required | E109: =IF(ISNUMBER(D109),"","N/A") -> N/A | F109: =IFERROR(IF(ISNUMBER(D109),D109*E109,"-"),"") -> -
A110: K8.9 | B110: Resistance to fragmentation | C110: nr | D110: Not Required | E110: =IF(ISNUMBER(D110),"","N/A") -> N/A | F110: =IFERROR(IF(ISNUMBER(D110),D110*E110,"-"),"") -> -
A111: K8.10 | B111: Aggregate abrasion value | C111: nr | D111: Not Required | E111: =IF(ISNUMBER(D111),"","N/A") -> N/A | F111: =IFERROR(IF(ISNUMBER(D111),D111*E111,"-"),"") -> -
A112: K8.11 | B112: Polished stone value | C112: nr | D112: Not Required | E112: =IF(ISNUMBER(D112),"","N/A") -> N/A | F112: =IFERROR(IF(ISNUMBER(D112),D112*E112,"-"),"") -> -
A113: K8.12 | B113: Aggregate frost heave | C113: nr | D113: Not Required | E113: =IF(ISNUMBER(D113),"","N/A") -> N/A | F113: =IFERROR(IF(ISNUMBER(D113),D113*E113,"-"),"") -> -
A114: K8.13 | B114: Resistance to freezing and thawing | C114: nr | D114: Not Required | E114: =IF(ISNUMBER(D114),"","N/A") -> N/A | F114: =IFERROR(IF(ISNUMBER(D114),D114*E114,"-"),"") -> -
A115: K8.14 | B115: Uniaxial compressive strength | C115: nr | D115: 100 | E115: =IF(ISNUMBER(D115),"","N/A") | F115: =IFERROR(IF(ISNUMBER(D115),D115*E115,"-"),"")
A116: K8.15 | B116: Deformability in uniaxial compression | C116: nr | D116: Not Required | E116: =IF(ISNUMBER(D116),"","N/A") -> N/A | F116: =IFERROR(IF(ISNUMBER(D116),D116*E116,"-"),"") -> -
A117: K8.16 | B117: Indirect tensile strength by Brazilian test | C117: nr | D117: Not Required | E117: =IF(ISNUMBER(D117),"","N/A") -> N/A | F117: =IFERROR(IF(ISNUMBER(D117),D117*E117,"-"),"") -> -
...

Sheet Section L
A2: Number | B2: Item description | C2: Unit | D2: Quantity | E2: Rate | F2: Amount
E3: € | F3: €
A4: L | B4: Geoenvironmental laboratory testing
B5: Contamination testing of soil, groundwater, gas and fill material)
A6: L.1 | B6: Tests Suite E | C6: nr | D6: 150 | E6: 75 | F6: =IFERROR(IF(ISNUMBER(D6),D6*E6,"-"),"") -> 11250
A7: L.2 | B7: Tests Suite F | C7: nr | D7: Not Required | E7: =IF(ISNUMBER(D7),"","N/A") -> N/A | F7: =IFERROR(IF(ISNUMBER(D7),D7*E7,"-"),"") -> -
A8: L.3 | B8: Tests Suite G | C8: nr | D8: Not Required | E8: N/A | F8: =IFERROR(IF(ISNUMBER(D8),D8*E8,"-"),"") -> -
A9: L.4 | B9: Tests Suite H | C9: nr | D9: 10 | E9: 100 | F9: =IFERROR(IF(ISNUMBER(D9),D9*E9,"-"),"") -> 1000
A10: L.5 | B10: Tests Suite I | C10: nr | D10: 150 | E10: 125 | F10: =IFERROR(IF(ISNUMBER(D10),D10*E10,"-"),"") -> 18750
A11: L.6 | B11: Tests Suite J | C11: nr | D11: Not Required | E11: 140 | F11: =IFERROR(IF(ISNUMBER(D11),D11*E11,"-"),"") -> -
B12: Total Section L carried to summary: | F12: =IF(SUM(F6:F11)=0,"",SUM(F6:F11)) -> 31000

Sheet Section M - Structure Survey
A2: Number | B2: Item description | C2: Unit | D2: Quantity | E2: Rate | F2: Amount
B3: On-Track Works | E3: € | F3: €
A4: M1 | B4: Carry out Foundation Inspection Pit as per Appendix B of Specification at locations shown in the Drawings in Volume A(ii) | C4: Sum | D4: - | E4: - | F4: 30000
A5: M2 | B5: Extra over to excavate foundation inspection pit below 1.2m depth. | C5: Per m | D5: Rate Only
B6: Daily provision of pitting crew and equipment
A7: M3 | B7: Provision of excavation plant equipment and crew for machine dug Foundation Inspection Pits as directed by the Investigation Supervisor; maximum depth 3.0m in trackside locations (nightworks) | C7: day | D7: Rate Only
A8: M4 | B8: As Item M3 but between 3.0 and 4.5m depth | C8: day | D8: Rate Only
A9: M5 | B9: Extra over Items M3 - 4 for breaking out hard strata or obstructions | C9: day | D9: Rate Only
B10: General
A11: M6 | B11: Bring pump to the position of each exploratory pit or trench | C11: nr | D11: Rate Only
A12: M7 | B12: Pump water from pit or trench | C12: h | D12: Rate Only
A13: M8 | B13: Extra over Item M7 for temporary storage and disposal of contaminated groundwater from pit | C13: sum | D13: Rate Only
B14: Total Section M carried to summary: | F14: =SUM(F4:F5) -> 30000
H16: Total foundation Pits | I16: 11
H17: Assumed Pits per hour | I17: 1
H18: Hours per night shift | I18: 4
H19: Pits per day | I19: 4
H20: Plant Day rate | I20: 600
H21: Total days | I21: =I16/I19 -> 2.75
H22: Total Estimated Cost | I22: =I20*I21 -> 1650

Sheet Summary
A2: Summary of Bill of Quantities
C3: €
A4: A. | B4: General items, provisional services and additional items | C4: ='Section A'!F83 -> 380680
A5: B. | B5: Percussion boring (Non Track) | C5: ='Section B'!F45 -> 73900
A6: B.1 | B6: Percussion boring (Night Works On Track) | C6: ='Section B.1'!F44 -> 211950
A7: C. | B7: Rotary drilling (Non Track) | C7: ='Section C'!F119 -> 197005
A8: C.1 | B8: Rotary drilling (Night Works On Track) | C8: ='Section C.1'!F119 -> 50920
A9: D. | B9: Pitting and trenching (Night Works On Track) | C9: ='Section D'!F112 -> 202150
A10: E. | B10: Sampling and monitoring during intrusive investigation | C10: ='Section E'!F28 -> 34606
A11: F. | B11: Probing and cone penetration testing (Night Works On-Track) | C11: ='Section F'!F29 -> 54750
A12: G. | B12: Geophysical testing (Night Works On Track) | C12: ='Section G'!F20 -> 307500
A13: H. | B13: In situ testing | C13: ='Section H'!F64 -> 78040
A14: I. | B14: Instrumentation | C14: ='Section I'!F44 -> 19680
A15: J. | B15: Installation monitoring and sampling | C15: ='Section J'!F32 -> 6500
A16: K. | B16: Geotechnical laboratory testing | C16: ='Section K'!F127 -> 105225
A17: L. | B17: Geoenvironmental laboratory testing | C17: ='Section L'!F12 -> 31000
A18: M | B18: Structures Survey (Night Works On Track) | C18: ='Section M - Structure Survey'!F14 -> 30000
B19: Total Tender | C19: =IF(SUM(C4:C18)=0,"",SUM(C4:C18)) -> 1783906

Sheet Appendices
A2: Appendix A. Rates for Ground Practitioners and other Personnel
A4: Item | B4: Item description | C4: Unit | D4: Rate
D5: €
A6: 1 | B6: Technician | C6: h
A7: 2 | B7: Engineer / Geologist | C7: h
A8: 3 | B8: Chartered Engineer / Professional Geologist | C8: h
A9: 4 | B9: Chartered Engineer / Professional Geologist (10 years’ experience post charter) | C9: h
A10: 5 | B10: Chartered Engineer / Professional Geologist (20 years’ experience post charter) | C10: h
A11: 6 | B11: Expenses incurred by staff on site visits or who are resident by agreement with the Investigation Supervisor | C11: day
A12: 7 | B12: Rate per kilometre from Contractor's premises and return for Items 1 and 2 | C12: km
A13: 8 | B13: As above but for items 3, 4 and 5 | C13: km
A14: 9 | B14: All other expenses incurred in conjunction with a site visit where a return journey is made on the same day for Items 1 and 2 | C14: visit
A15: 10 | B15: As above but for items 3, 4 and 5 | C15: visit
A16: 11 | B16: All other expenses incurred in connection with visit where an overnight stay is necessary for Items 1and 2 | C16: overnight
A17: 12 | B17: As above but for Items 3, 4, and 5 | C17: overnight
A20: Appendix B. Long-term sample storage
A22: Item | B22: Item description | C22: Unit | D22: Rate/month
D23: €
A24: Geotechnical samples
A25: 1 | B25: Cable percussive borehole or dynamic sample | C25: nr
A26: 2 | B26: Rotary drilling core (core box) | C26: nr
A27: 3 | B27: Rotary drilling core sub-sample | C27: nr
A28: 4 | B28: Bulk sample | C28: nr
A29: 5 | B29: Large bulk sample | C29: nr
A30: 6 | B30: Open-tube samples (thick-wall sampler) | C30: nr
A31: 7 | B31: Open-tube samples (thin-wall sampler) | C31: nr
A32: 8 | B32: Piston sample | C32: nr
A33: 9 | B33: Groundwater sample | C33: nr
A34: 10 | B34: Hardcore aggregate bulk sample (not including drying at 40 degrees) | C34: nr
A35: Contamination samples
A36: 13 | B36: Soil sample in plastic tub | C36: nr
A37: 14 | B37: Soil sample in glass jar | C37: nr
A38: 15 | B38: Groundwater sample | C38: nr
A39: 16 | B39: Gas sample | C39: nr
A40: Where samples comprise more than one container, the rate entered shall be per container.
